===== OPTIMIZER MANIFEST RUNNER =====
Job ID: 22857
Node: mbz-titan-3
Repository: /shared/home/bilal.ashfaq/nano research/nanoGPT_research
Manifest: experiment_manifests/task_2_5_static_exploratory.json
Run ID: all
Started: 2026-08-29T11:37:07+00:00
valid manifest: task-2.5-static-exploratory-v1
number of parameters: 0.00M
num decayed parameter tensors: 10, with 1,856 parameters
num non-decayed parameter tensors: 5, with 40 parameters
using fused AdamW: False
number of parameters: 0.00M
using fused auxiliary AdamW: False
number of parameters: 0.00M
num decayed parameter tensors: 10, with 1,856 parameters
num non-decayed parameter tensors: 5, with 40 parameters
using fused AdamW: False
Launching: torchrun --standalone --nproc_per_node=2 train.py config/task_2_4_static.py --out_dir=/shared/home/bilal.ashfaq/nanogpt-study-runs/task-2.5/static_per_matrix_sgdm_gpt2-124m_lr0.03_mom0.99_wd0.1_seed1337_scalestatic-26f16b708d59 --optimizer_name=static_per_matrix_sgdm --seed=1337 --max_iters=999 --init_from=scratch --matrix_learning_rate=0.03 --matrix_momentum=0.99 --static_default_multiplier=1.0 --static_exact_parameter_multipliers={} --static_matrix_type_multipliers={'attention_output': 1.4142135623730951, 'attention_qkv': 1.4142135623730951, 'mlp_input': 0.7071067811865476, 'mlp_output': 0.7071067811865476}
Overriding config with config/task_2_4_static.py:
# Task 2.4 reuses every common Task 1.6 control. Candidate-specific static
# settings are supplied only by the materialized, reviewed manifest.
with open('config/task_1_6_baseline.py', encoding='utf-8') as base_config_file:
    exec(base_config_file.read())

optimizer_name = 'static_per_matrix_sgdm'
static_default_multiplier = 1.0
static_matrix_type_multipliers = {}
static_exact_parameter_multipliers = {}

Overriding: out_dir = /shared/home/bilal.ashfaq/nanogpt-study-runs/task-2.5/static_per_matrix_sgdm_gpt2-124m_lr0.03_mom0.99_wd0.1_seed1337_scalestatic-26f16b708d59
Overriding: optimizer_name = static_per_matrix_sgdm
Overriding: seed = 1337
Overriding: max_iters = 999
Overriding: init_from = scratch
Overriding: matrix_learning_rate = 0.03
Overriding: matrix_momentum = 0.99
Overriding: static_default_multiplier = 1.0
Overriding: static_exact_parameter_multipliers = {}
Overriding: static_matrix_type_multipliers = {'attention_output': 1.4142135623730951, 'attention_qkv': 1.4142135623730951, 'mlp_input': 0.7071067811865476, 'mlp_output': 0.7071067811865476}
Overriding config with config/task_2_4_static.py:
# Task 2.4 reuses every common Task 1.6 control. Candidate-specific static
# settings are supplied only by the materialized, reviewed manifest.
with open('config/task_1_6_baseline.py', encoding='utf-8') as base_config_file:
    exec(base_config_file.read())

optimizer_name = 'static_per_matrix_sgdm'
static_default_multiplier = 1.0
static_matrix_type_multipliers = {}
static_exact_parameter_multipliers = {}

Overriding: out_dir = /shared/home/bilal.ashfaq/nanogpt-study-runs/task-2.5/static_per_matrix_sgdm_gpt2-124m_lr0.03_mom0.99_wd0.1_seed1337_scalestatic-26f16b708d59
Overriding: optimizer_name = static_per_matrix_sgdm
Overriding: seed = 1337
Overriding: max_iters = 999
Overriding: init_from = scratch
Overriding: matrix_learning_rate = 0.03
Overriding: matrix_momentum = 0.99
Overriding: static_default_multiplier = 1.0
Overriding: static_exact_parameter_multipliers = {}
Overriding: static_matrix_type_multipliers = {'attention_output': 1.4142135623730951, 'attention_qkv': 1.4142135623730951, 'mlp_input': 0.7071067811865476, 'mlp_output': 0.7071067811865476}
tokens per iteration will be: 491,520
Initializing a new model from scratch
defaulting to vocab_size of GPT-2 to 50304 (50257 rounded up for efficiency)
tokens per iteration will be: 491,520
Initializing a new model from scratch
defaulting to vocab_size of GPT-2 to 50304 (50257 rounded up for efficiency)
number of parameters: 123.59M
number of parameters: 123.59M
using fused auxiliary AdamW: True
compiling the model... (takes a ~minute)
using fused auxiliary AdamW: True
optimizer parameter audit:
{
  "parameters": [
    {
      "group": "eligible_matrix",
      "name": "transformer.h.0.attn.c_attn.weight",
      "optimizer": "static_per_matrix_sgdm",
      "parameter_count": 1769472,
      "shape": [
        2304,
        768
      ],
      "weight_decay": 0.1,
      "weight_decay_semantics": "decoupled",
      "weight_decay_treatment": "decay"
    },
    {
      "group": "eligible_matrix",
      "name": "transformer.h.0.attn.c_proj.weight",
      "optimizer": "static_per_matrix_sgdm",
      "parameter_count": 589824,
      "shape": [
        768,
        768
      ],
      "weight_decay": 0.1,
      "weight_decay_semantics": "decoupled",
      "weight_decay_treatment": "decay"
    },
    {
      "group": "auxiliary",
      "name": "transformer.h.0.ln_1.weight",
      "optimizer": "adamw",
      "parameter_count": 768,
      "shape": [
        768
      ],
      "weight_decay": 0.0,
      "weight_decay_semantics": "adamw_decoupled",
      "weight_decay_treatment": "no_decay"
    },
    {
      "group": "auxiliary",
      "name": "transformer.h.0.ln_2.weight",
      "optimizer": "adamw",
      "parameter_count": 768,
      "shape": [
        768
      ],
      "weight_decay": 0.0,
      "weight_decay_semantics": "adamw_decoupled",
      "weight_decay_treatment": "no_decay"
    },
    {
      "group": "eligible_matrix",
      "name": "transformer.h.0.mlp.c_fc.weight",
      "optimizer": "static_per_matrix_sgdm",
      "parameter_count": 2359296,
      "shape": [
        3072,
        768
      ],
      "weight_decay": 0.1,
      "weight_decay_semantics": "decoupled",
      "weight_decay_treatment": "decay"
    },
    {
      "group": "eligible_matrix",
      "name": "transformer.h.0.mlp.c_proj.weight",
      "optimizer": "static_per_matrix_sgdm",
      "parameter_count": 2359296,
      "shape": [
        768,
        3072
      ],
      "weight_decay": 0.1,
      "weight_decay_semantics": "decoupled",
      "weight_decay_treatment": "decay"
    },
    {
      "group": "eligible_matrix",
      "name": "transformer.h.1.attn.c_attn.weight",
      "optimizer": "static_per_matrix_sgdm",
      "parameter_count": 1769472,
      "shape": [
        2304,
        768
      ],
      "weight_decay": 0.1,
      "weight_decay_semantics": "decoupled",
      "weight_decay_treatment": "decay"
    },
    {
      "group": "eligible_matrix",
      "name": "transformer.h.1.attn.c_proj.weight",
      "optimizer": "static_per_matrix_sgdm",
      "parameter_count": 589824,
      "shape": [
        768,
        768
      ],
      "weight_decay": 0.1,
      "weight_decay_semantics": "decoupled",
      "weight_decay_treatment": "decay"
    },
    {
      "group": "auxiliary",
      "name": "transformer.h.1.ln_1.weight",
      "optimizer": "adamw",
      "parameter_count": 768,
      "shape": [
        768
      ],
      "weight_decay": 0.0,
      "weight_decay_semantics": "adamw_decoupled",
      "weight_decay_treatment": "no_decay"
    },
    {
      "group": "auxiliary",
      "name": "transformer.h.1.ln_2.weight",
      "optimizer": "adamw",
      "parameter_count": 768,
      "shape": [
        768
      ],
      "weight_decay": 0.0,
      "weight_decay_semantics": "adamw_decoupled",
      "weight_decay_treatment": "no_decay"
    },
    {
      "group": "eligible_matrix",
      "name": "transformer.h.1.mlp.c_fc.weight",
      "optimizer": "static_per_matrix_sgdm",
      "parameter_count": 2359296,
      "shape": [
        3072,
        768
      ],
      "weight_decay": 0.1,
      "weight_decay_semantics": "decoupled",
      "weight_decay_treatment": "decay"
    },
    {
      "group": "eligible_matrix",
      "name": "transformer.h.1.mlp.c_proj.weight",
      "optimizer": "static_per_matrix_sgdm",
      "parameter_count": 2359296,
      "shape": [
        768,
        3072
      ],
      "weight_decay": 0.1,
      "weight_decay_semantics": "decoupled",
      "weight_decay_treatment": "decay"
    },
    {
      "group": "eligible_matrix",
      "name": "transformer.h.10.attn.c_attn.weight",
      "optimizer": "static_per_matrix_sgdm",
      "parameter_count": 1769472,
      "shape": [
        2304,
        768
      ],
      "weight_decay": 0.1,
      "weight_decay_semantics": "decoupled",
      "weight_decay_treatment": "decay"
    },
    {
      "group": "eligible_matrix",
      "name": "transformer.h.10.attn.c_proj.weight",
      "optimizer": "static_per_matrix_sgdm",
      "parameter_count": 589824,
      "shape": [
        768,
        768
      ],
      "weight_decay": 0.1,
      "weight_decay_semantics": "decoupled",
      "weight_decay_treatment": "decay"
    },
    {
      "group": "auxiliary",
      "name": "transformer.h.10.ln_1.weight",
      "optimizer": "adamw",
      "parameter_count": 768,
      "shape": [
        768
      ],
      "weight_decay": 0.0,
      "weight_decay_semantics": "adamw_decoupled",
      "weight_decay_treatment": "no_decay"
    },
    {
      "group": "auxiliary",
      "name": "transformer.h.10.ln_2.weight",
      "optimizer": "adamw",
      "parameter_count": 768,
      "shape": [
        768
      ],
      "weight_decay": 0.0,
      "weight_decay_semantics": "adamw_decoupled",
      "weight_decay_treatment": "no_decay"
    },
    {
      "group": "eligible_matrix",
      "name": "transformer.h.10.mlp.c_fc.weight",
      "optimizer": "static_per_matrix_sgdm",
      "parameter_count": 2359296,
      "shape": [
        3072,
        768
      ],
      "weight_decay": 0.1,
      "weight_decay_semantics": "decoupled",
      "weight_decay_treatment": "decay"
    },
    {
      "group": "eligible_matrix",
      "name": "transformer.h.10.mlp.c_proj.weight",
      "optimizer": "static_per_matrix_sgdm",
      "parameter_count": 2359296,
      "shape": [
        768,
        3072
      ],
      "weight_decay": 0.1,
      "weight_decay_semantics": "decoupled",
      "weight_decay_treatment": "decay"
    },
    {
      "group": "eligible_matrix",
      "name": "transformer.h.11.attn.c_attn.weight",
      "optimizer": "static_per_matrix_sgdm",
      "parameter_count": 1769472,
      "shape": [
        2304,
        768
      ],
      "weight_decay": 0.1,
      "weight_decay_semantics": "decoupled",
      "weight_decay_treatment": "decay"
    },
    {
      "group": "eligible_matrix",
      "name": "transformer.h.11.attn.c_proj.weight",
      "optimizer": "static_per_matrix_sgdm",
      "parameter_count": 589824,
      "shape": [
        768,
        768
      ],
      "weight_decay": 0.1,
      "weight_decay_semantics": "decoupled",
      "weight_decay_treatment": "decay"
    },
    {
      "group": "auxiliary",
      "name": "transformer.h.11.ln_1.weight",
      "optimizer": "adamw",
      "parameter_count": 768,
      "shape": [
        768
      ],
      "weight_decay": 0.0,
      "weight_decay_semantics": "adamw_decoupled",
      "weight_decay_treatment": "no_decay"
    },
    {
      "group": "auxiliary",
      "name": "transformer.h.11.ln_2.weight",
      "optimizer": "adamw",
      "parameter_count": 768,
      "shape": [
        768
      ],
      "weight_decay": 0.0,
      "weight_decay_semantics": "adamw_decoupled",
      "weight_decay_treatment": "no_decay"
    },
    {
      "group": "eligible_matrix",
      "name": "transformer.h.11.mlp.c_fc.weight",
      "optimizer": "static_per_matrix_sgdm",
      "parameter_count": 2359296,
      "shape": [
        3072,
        768
      ],
      "weight_decay": 0.1,
      "weight_decay_semantics": "decoupled",
      "weight_decay_treatment": "decay"
    },
    {
      "group": "eligible_matrix",
      "name": "transformer.h.11.mlp.c_proj.weight",
      "optimizer": "static_per_matrix_sgdm",
      "parameter_count": 2359296,
      "shape": [
        768,
        3072
      ],
      "weight_decay": 0.1,
      "weight_decay_semantics": "decoupled",
      "weight_decay_treatment": "decay"
    },
    {
      "group": "eligible_matrix",
      "name": "transformer.h.2.attn.c_attn.weight",
      "optimizer": "static_per_matrix_sgdm",
      "parameter_count": 1769472,
      "shape": [
        2304,
        768
      ],
      "weight_decay": 0.1,
      "weight_decay_semantics": "decoupled",
      "weight_decay_treatment": "decay"
    },
    {
      "group": "eligible_matrix",
      "name": "transformer.h.2.attn.c_proj.weight",
      "optimizer": "static_per_matrix_sgdm",
      "parameter_count": 589824,
      "shape": [
        768,
        768
      ],
      "weight_decay": 0.1,
      "weight_decay_semantics": "decoupled",
      "weight_decay_treatment": "decay"
    },
    {
      "group": "auxiliary",
      "name": "transformer.h.2.ln_1.weight",
      "optimizer": "adamw",
      "parameter_count": 768,
      "shape": [
        768
      ],
      "weight_decay": 0.0,
      "weight_decay_semantics": "adamw_decoupled",
      "weight_decay_treatment": "no_decay"
    },
    {
      "group": "auxiliary",
      "name": "transformer.h.2.ln_2.weight",
      "optimizer": "adamw",
      "parameter_count": 768,
      "shape": [
        768
      ],
      "weight_decay": 0.0,
      "weight_decay_semantics": "adamw_decoupled",
      "weight_decay_treatment": "no_decay"
    },
    {
      "group": "eligible_matrix",
      "name": "transformer.h.2.mlp.c_fc.weight",
      "optimizer": "static_per_matrix_sgdm",
      "parameter_count": 2359296,
      "shape": [
        3072,
        768
      ],
      "weight_decay": 0.1,
      "weight_decay_semantics": "decoupled",
      "weight_decay_treatment": "decay"
    },
    {
      "group": "eligible_matrix",
      "name": "transformer.h.2.mlp.c_proj.weight",
      "optimizer": "static_per_matrix_sgdm",
      "parameter_count": 2359296,
      "shape": [
        768,
        3072
      ],
      "weight_decay": 0.1,
      "weight_decay_semantics": "decoupled",
      "weight_decay_treatment": "decay"
    },
    {
      "group": "eligible_matrix",
      "name": "transformer.h.3.attn.c_attn.weight",
      "optimizer": "static_per_matrix_sgdm",
      "parameter_count": 1769472,
      "shape": [
        2304,
        768
      ],
      "weight_decay": 0.1,
      "weight_decay_semantics": "decoupled",
      "weight_decay_treatment": "decay"
    },
    {
      "group": "eligible_matrix",
      "name": "transformer.h.3.attn.c_proj.weight",
      "optimizer": "static_per_matrix_sgdm",
      "parameter_count": 589824,
      "shape": [
        768,
        768
      ],
      "weight_decay": 0.1,
      "weight_decay_semantics": "decoupled",
      "weight_decay_treatment": "decay"
    },
    {
      "group": "auxiliary",
      "name": "transformer.h.3.ln_1.weight",
      "optimizer": "adamw",
      "parameter_count": 768,
      "shape": [
        768
      ],
      "weight_decay": 0.0,
      "weight_decay_semantics": "adamw_decoupled",
      "weight_decay_treatment": "no_decay"
    },
    {
      "group": "auxiliary",
      "name": "transformer.h.3.ln_2.weight",
      "optimizer": "adamw",
      "parameter_count": 768,
      "shape": [
        768
      ],
      "weight_decay": 0.0,
      "weight_decay_semantics": "adamw_decoupled",
      "weight_decay_treatment": "no_decay"
    },
    {
      "group": "eligible_matrix",
      "name": "transformer.h.3.mlp.c_fc.weight",
      "optimizer": "static_per_matrix_sgdm",
      "parameter_count": 2359296,
      "shape": [
        3072,
        768
      ],
      "weight_decay": 0.1,
      "weight_decay_semantics": "decoupled",
      "weight_decay_treatment": "decay"
    },
    {
      "group": "eligible_matrix",
      "name": "transformer.h.3.mlp.c_proj.weight",
      "optimizer": "static_per_matrix_sgdm",
      "parameter_count": 2359296,
      "shape": [
        768,
        3072
      ],
      "weight_decay": 0.1,
      "weight_decay_semantics": "decoupled",
      "weight_decay_treatment": "decay"
    },
    {
      "group": "eligible_matrix",
      "name": "transformer.h.4.attn.c_attn.weight",
      "optimizer": "static_per_matrix_sgdm",
      "parameter_count": 1769472,
      "shape": [
        2304,
        768
      ],
      "weight_decay": 0.1,
      "weight_decay_semantics": "decoupled",
      "weight_decay_treatment": "decay"
    },
    {
      "group": "eligible_matrix",
      "name": "transformer.h.4.attn.c_proj.weight",
      "optimizer": "static_per_matrix_sgdm",
      "parameter_count": 589824,
      "shape": [
        768,
        768
      ],
      "weight_decay": 0.1,
      "weight_decay_semantics": "decoupled",
      "weight_decay_treatment": "decay"
    },
    {
      "group": "auxiliary",
      "name": "transformer.h.4.ln_1.weight",
      "optimizer": "adamw",
      "parameter_count": 768,
      "shape": [
        768
      ],
      "weight_decay": 0.0,
      "weight_decay_semantics": "adamw_decoupled",
      "weight_decay_treatment": "no_decay"
    },
    {
      "group": "auxiliary",
      "name": "transformer.h.4.ln_2.weight",
      "optimizer": "adamw",
      "parameter_count": 768,
      "shape": [
        768
      ],
      "weight_decay": 0.0,
      "weight_decay_semantics": "adamw_decoupled",
      "weight_decay_treatment": "no_decay"
    },
    {
      "group": "eligible_matrix",
      "name": "transformer.h.4.mlp.c_fc.weight",
      "optimizer": "static_per_matrix_sgdm",
      "parameter_count": 2359296,
      "shape": [
        3072,
        768
      ],
      "weight_decay": 0.1,
      "weight_decay_semantics": "decoupled",
      "weight_decay_treatment": "decay"
    },
    {
      "group": "eligible_matrix",
      "name": "transformer.h.4.mlp.c_proj.weight",
      "optimizer": "static_per_matrix_sgdm",
      "parameter_count": 2359296,
      "shape": [
        768,
        3072
      ],
      "weight_decay": 0.1,
      "weight_decay_semantics": "decoupled",
      "weight_decay_treatment": "decay"
    },
    {
      "group": "eligible_matrix",
      "name": "transformer.h.5.attn.c_attn.weight",
      "optimizer": "static_per_matrix_sgdm",
      "parameter_count": 1769472,
      "shape": [
        2304,
        768
      ],
      "weight_decay": 0.1,
      "weight_decay_semantics": "decoupled",
      "weight_decay_treatment": "decay"
    },
    {
      "group": "eligible_matrix",
      "name": "transformer.h.5.attn.c_proj.weight",
      "optimizer": "static_per_matrix_sgdm",
      "parameter_count": 589824,
      "shape": [
        768,
        768
      ],
      "weight_decay": 0.1,
      "weight_decay_semantics": "decoupled",
      "weight_decay_treatment": "decay"
    },
    {
      "group": "auxiliary",
      "name": "transformer.h.5.ln_1.weight",
      "optimizer": "adamw",
      "parameter_count": 768,
      "shape": [
        768
      ],
      "weight_decay": 0.0,
      "weight_decay_semantics": "adamw_decoupled",
      "weight_decay_treatment": "no_decay"
    },
    {
      "group": "auxiliary",
      "name": "transformer.h.5.ln_2.weight",
      "optimizer": "adamw",
      "parameter_count": 768,
      "shape": [
        768
      ],
      "weight_decay": 0.0,
      "weight_decay_semantics": "adamw_decoupled",
      "weight_decay_treatment": "no_decay"
    },
    {
      "group": "eligible_matrix",
      "name": "transformer.h.5.mlp.c_fc.weight",
      "optimizer": "static_per_matrix_sgdm",
      "parameter_count": 2359296,
      "shape": [
        3072,
        768
      ],
      "weight_decay": 0.1,
      "weight_decay_semantics": "decoupled",
      "weight_decay_treatment": "decay"
    },
    {
      "group": "eligible_matrix",
      "name": "transformer.h.5.mlp.c_proj.weight",
      "optimizer": "static_per_matrix_sgdm",
      "parameter_count": 2359296,
      "shape": [
        768,
        3072
      ],
      "weight_decay": 0.1,
      "weight_decay_semantics": "decoupled",
      "weight_decay_treatment": "decay"
    },
    {
      "group": "eligible_matrix",
      "name": "transformer.h.6.attn.c_attn.weight",
      "optimizer": "static_per_matrix_sgdm",
      "parameter_count": 1769472,
      "shape": [
        2304,
        768
      ],
      "weight_decay": 0.1,
      "weight_decay_semantics": "decoupled",
      "weight_decay_treatment": "decay"
    },
    {
      "group": "eligible_matrix",
      "name": "transformer.h.6.attn.c_proj.weight",
      "optimizer": "static_per_matrix_sgdm",
      "parameter_count": 589824,
      "shape": [
        768,
        768
      ],
      "weight_decay": 0.1,
      "weight_decay_semantics": "decoupled",
      "weight_decay_treatment": "decay"
    },
    {
      "group": "auxiliary",
      "name": "transformer.h.6.ln_1.weight",
      "optimizer": "adamw",
      "parameter_count": 768,
      "shape": [
        768
      ],
      "weight_decay": 0.0,
      "weight_decay_semantics": "adamw_decoupled",
      "weight_decay_treatment": "no_decay"
    },
    {
      "group": "auxiliary",
      "name": "transformer.h.6.ln_2.weight",
      "optimizer": "adamw",
      "parameter_count": 768,
      "shape": [
        768
      ],
      "weight_decay": 0.0,
      "weight_decay_semantics": "adamw_decoupled",
      "weight_decay_treatment": "no_decay"
    },
    {
      "group": "eligible_matrix",
      "name": "transformer.h.6.mlp.c_fc.weight",
      "optimizer": "static_per_matrix_sgdm",
      "parameter_count": 2359296,
      "shape": [
        3072,
        768
      ],
      "weight_decay": 0.1,
      "weight_decay_semantics": "decoupled",
      "weight_decay_treatment": "decay"
    },
    {
      "group": "eligible_matrix",
      "name": "transformer.h.6.mlp.c_proj.weight",
      "optimizer": "static_per_matrix_sgdm",
      "parameter_count": 2359296,
      "shape": [
        768,
        3072
      ],
      "weight_decay": 0.1,
      "weight_decay_semantics": "decoupled",
      "weight_decay_treatment": "decay"
    },
    {
      "group": "eligible_matrix",
      "name": "transformer.h.7.attn.c_attn.weight",
      "optimizer": "static_per_matrix_sgdm",
      "parameter_count": 1769472,
      "shape": [
        2304,
        768
      ],
      "weight_decay": 0.1,
      "weight_decay_semantics": "decoupled",
      "weight_decay_treatment": "decay"
    },
    {
      "group": "eligible_matrix",
      "name": "transformer.h.7.attn.c_proj.weight",
      "optimizer": "static_per_matrix_sgdm",
      "parameter_count": 589824,
      "shape": [
        768,
        768
      ],
      "weight_decay": 0.1,
      "weight_decay_semantics": "decoupled",
      "weight_decay_treatment": "decay"
    },
    {
      "group": "auxiliary",
      "name": "transformer.h.7.ln_1.weight",
      "optimizer": "adamw",
      "parameter_count": 768,
      "shape": [
        768
      ],
      "weight_decay": 0.0,
      "weight_decay_semantics": "adamw_decoupled",
      "weight_decay_treatment": "no_decay"
    },
    {
      "group": "auxiliary",
      "name": "transformer.h.7.ln_2.weight",
      "optimizer": "adamw",
      "parameter_count": 768,
      "shape": [
        768
      ],
      "weight_decay": 0.0,
      "weight_decay_semantics": "adamw_decoupled",
      "weight_decay_treatment": "no_decay"
    },
    {
      "group": "eligible_matrix",
      "name": "transformer.h.7.mlp.c_fc.weight",
      "optimizer": "static_per_matrix_sgdm",
      "parameter_count": 2359296,
      "shape": [
        3072,
        768
      ],
      "weight_decay": 0.1,
      "weight_decay_semantics": "decoupled",
      "weight_decay_treatment": "decay"
    },
    {
      "group": "eligible_matrix",
      "name": "transformer.h.7.mlp.c_proj.weight",
      "optimizer": "static_per_matrix_sgdm",
      "parameter_count": 2359296,
      "shape": [
        768,
        3072
      ],
      "weight_decay": 0.1,
      "weight_decay_semantics": "decoupled",
      "weight_decay_treatment": "decay"
    },
    {
      "group": "eligible_matrix",
      "name": "transformer.h.8.attn.c_attn.weight",
      "optimizer": "static_per_matrix_sgdm",
      "parameter_count": 1769472,
      "shape": [
        2304,
        768
      ],
      "weight_decay": 0.1,
      "weight_decay_semantics": "decoupled",
      "weight_decay_treatment": "decay"
    },
    {
      "group": "eligible_matrix",
      "name": "transformer.h.8.attn.c_proj.weight",
      "optimizer": "static_per_matrix_sgdm",
      "parameter_count": 589824,
      "shape": [
        768,
        768
      ],
      "weight_decay": 0.1,
      "weight_decay_semantics": "decoupled",
      "weight_decay_treatment": "decay"
    },
    {
      "group": "auxiliary",
      "name": "transformer.h.8.ln_1.weight",
      "optimizer": "adamw",
      "parameter_count": 768,
      "shape": [
        768
      ],
      "weight_decay": 0.0,
      "weight_decay_semantics": "adamw_decoupled",
      "weight_decay_treatment": "no_decay"
    },
    {
      "group": "auxiliary",
      "name": "transformer.h.8.ln_2.weight",
      "optimizer": "adamw",
      "parameter_count": 768,
      "shape": [
        768
      ],
      "weight_decay": 0.0,
      "weight_decay_semantics": "adamw_decoupled",
      "weight_decay_treatment": "no_decay"
    },
    {
      "group": "eligible_matrix",
      "name": "transformer.h.8.mlp.c_fc.weight",
      "optimizer": "static_per_matrix_sgdm",
      "parameter_count": 2359296,
      "shape": [
        3072,
        768
      ],
      "weight_decay": 0.1,
      "weight_decay_semantics": "decoupled",
      "weight_decay_treatment": "decay"
    },
    {
      "group": "eligible_matrix",
      "name": "transformer.h.8.mlp.c_proj.weight",
      "optimizer": "static_per_matrix_sgdm",
      "parameter_count": 2359296,
      "shape": [
        768,
        3072
      ],
      "weight_decay": 0.1,
      "weight_decay_semantics": "decoupled",
      "weight_decay_treatment": "decay"
    },
    {
      "group": "eligible_matrix",
      "name": "transformer.h.9.attn.c_attn.weight",
      "optimizer": "static_per_matrix_sgdm",
      "parameter_count": 1769472,
      "shape": [
        2304,
        768
      ],
      "weight_decay": 0.1,
      "weight_decay_semantics": "decoupled",
      "weight_decay_treatment": "decay"
    },
    {
      "group": "eligible_matrix",
      "name": "transformer.h.9.attn.c_proj.weight",
      "optimizer": "static_per_matrix_sgdm",
      "parameter_count": 589824,
      "shape": [
        768,
        768
      ],
      "weight_decay": 0.1,
      "weight_decay_semantics": "decoupled",
      "weight_decay_treatment": "decay"
    },
    {
      "group": "auxiliary",
      "name": "transformer.h.9.ln_1.weight",
      "optimizer": "adamw",
      "parameter_count": 768,
      "shape": [
        768
      ],
      "weight_decay": 0.0,
      "weight_decay_semantics": "adamw_decoupled",
      "weight_decay_treatment": "no_decay"
    },
    {
      "group": "auxiliary",
      "name": "transformer.h.9.ln_2.weight",
      "optimizer": "adamw",
      "parameter_count": 768,
      "shape": [
        768
      ],
      "weight_decay": 0.0,
      "weight_decay_semantics": "adamw_decoupled",
      "weight_decay_treatment": "no_decay"
    },
    {
      "group": "eligible_matrix",
      "name": "transformer.h.9.mlp.c_fc.weight",
      "optimizer": "static_per_matrix_sgdm",
      "parameter_count": 2359296,
      "shape": [
        3072,
        768
      ],
      "weight_decay": 0.1,
      "weight_decay_semantics": "decoupled",
      "weight_decay_treatment": "decay"
    },
    {
      "group": "eligible_matrix",
      "name": "transformer.h.9.mlp.c_proj.weight",
      "optimizer": "static_per_matrix_sgdm",
      "parameter_count": 2359296,
      "shape": [
        768,
        3072
      ],
      "weight_decay": 0.1,
      "weight_decay_semantics": "decoupled",
      "weight_decay_treatment": "decay"
    },
    {
      "group": "auxiliary",
      "name": "transformer.ln_f.weight",
      "optimizer": "adamw",
      "parameter_count": 768,
      "shape": [
        768
      ],
      "weight_decay": 0.0,
      "weight_decay_semantics": "adamw_decoupled",
      "weight_decay_treatment": "no_decay"
    },
    {
      "group": "auxiliary",
      "name": "transformer.wpe.weight",
      "optimizer": "adamw",
      "parameter_count": 786432,
      "shape": [
        1024,
        768
      ],
      "weight_decay": 0.1,
      "weight_decay_semantics": "adamw_decoupled",
      "weight_decay_treatment": "decay"
    },
    {
      "group": "auxiliary",
      "name": "transformer.wte.weight",
      "optimizer": "adamw",
      "parameter_count": 38633472,
      "shape": [
        50304,
        768
      ],
      "weight_decay": 0.1,
      "weight_decay_semantics": "adamw_decoupled",
      "weight_decay_treatment": "decay"
    }
  ],
  "tied_parameters": {
    "aliases": [
      "transformer.wte.weight",
      "lm_head.weight"
    ],
    "assignment": "auxiliary",
    "canonical_name": "transformer.wte.weight",
    "counted_once": true,
    "optimizer": "adamw"
  },
  "totals": {
    "parameter_count": 124373760,
    "parameter_tensors": 75
  }
}
compiling the model... (takes a ~minute)
step 0: train loss 10.9886, val loss 10.9897
iter 0: loss 10.9734, time 16367.82ms, mfu -100.00%, matrix lr 0.00029703, auxiliary lr 5.94059e-06
iter 10: loss 10.7454, time 908.67ms, mfu 74.10%, matrix lr 0.00326733, auxiliary lr 6.53465e-05
iter 20: loss 10.0112, time 907.91ms, mfu 74.10%, matrix lr 0.00623762, auxiliary lr 0.000124752
iter 30: loss 8.8351, time 909.20ms, mfu 74.10%, matrix lr 0.00920792, auxiliary lr 0.000184158
iter 40: loss 8.0505, time 909.63ms, mfu 74.09%, matrix lr 0.0121782, auxiliary lr 0.000243564
iter 50: loss 7.5714, time 909.72ms, mfu 74.08%, matrix lr 0.0151485, auxiliary lr 0.00030297
iter 60: loss 7.4527, time 912.16ms, mfu 74.06%, matrix lr 0.0181188, auxiliary lr 0.000362376
iter 70: loss 7.3790, time 911.78ms, mfu 74.03%, matrix lr 0.0210891, auxiliary lr 0.000421782
iter 80: loss 7.1794, time 913.34ms, mfu 74.00%, matrix lr 0.0240594, auxiliary lr 0.000481188
iter 90: loss 7.1429, time 913.82ms, mfu 73.97%, matrix lr 0.0270297, auxiliary lr 0.000540594
iter 100: loss 6.7301, time 914.52ms, mfu 73.94%, matrix lr 0.03, auxiliary lr 0.0006
iter 110: loss 6.3222, time 914.55ms, mfu 73.90%, matrix lr 0.0299918, auxiliary lr 0.000599835
iter 120: loss 6.3426, time 914.13ms, mfu 73.88%, matrix lr 0.029967, auxiliary lr 0.000599341
iter 130: loss 6.2246, time 914.15ms, mfu 73.86%, matrix lr 0.0299259, auxiliary lr 0.000598518
iter 140: loss 6.2382, time 914.63ms, mfu 73.83%, matrix lr 0.0298683, auxiliary lr 0.000597367
iter 150: loss 6.0251, time 914.59ms, mfu 73.81%, matrix lr 0.0297944, auxiliary lr 0.000595889
iter 160: loss 6.0862, time 913.95ms, mfu 73.80%, matrix lr 0.0297043, auxiliary lr 0.000594087
iter 170: loss 5.8827, time 913.91ms, mfu 73.78%, matrix lr 0.0295981, auxiliary lr 0.000591962
iter 180: loss 5.8399, time 914.05ms, mfu 73.77%, matrix lr 0.0294759, auxiliary lr 0.000589518
iter 190: loss 5.7139, time 914.07ms, mfu 73.76%, matrix lr 0.0293378, auxiliary lr 0.000586756
iter 200: loss 5.8117, time 914.73ms, mfu 73.75%, matrix lr 0.0291841, auxiliary lr 0.000583681
iter 210: loss 5.6553, time 914.28ms, mfu 73.73%, matrix lr 0.0290148, auxiliary lr 0.000580296
iter 220: loss 5.7478, time 914.37ms, mfu 73.72%, matrix lr 0.0288303, auxiliary lr 0.000576606
iter 230: loss 5.6397, time 913.50ms, mfu 73.72%, matrix lr 0.0286307, auxiliary lr 0.000572615
iter 240: loss 5.7402, time 914.38ms, mfu 73.71%, matrix lr 0.0284163, auxiliary lr 0.000568327
iter 250: loss 5.5964, time 914.28ms, mfu 73.71%, matrix lr 0.0281874, auxiliary lr 0.000563748
iter 260: loss 5.5962, time 914.35ms, mfu 73.70%, matrix lr 0.0279442, auxiliary lr 0.000558884
iter 270: loss 5.6267, time 914.44ms, mfu 73.69%, matrix lr 0.027687, auxiliary lr 0.00055374
iter 280: loss 5.8242, time 914.57ms, mfu 73.69%, matrix lr 0.0274162, auxiliary lr 0.000548324
iter 290: loss 5.7273, time 914.21ms, mfu 73.68%, matrix lr 0.027132, auxiliary lr 0.00054264
iter 300: loss 5.5730, time 914.08ms, mfu 73.68%, matrix lr 0.0268349, auxiliary lr 0.000536697
iter 310: loss 5.5371, time 913.95ms, mfu 73.68%, matrix lr 0.0265251, auxiliary lr 0.000530502
iter 320: loss 5.6665, time 914.71ms, mfu 73.67%, matrix lr 0.0262031, auxiliary lr 0.000524061
iter 330: loss 5.7289, time 914.23ms, mfu 73.67%, matrix lr 0.0258692, auxiliary lr 0.000517384
step 333: train loss 5.5967, val loss 5.5954
saving checkpoint to /shared/home/bilal.ashfaq/nanogpt-study-runs/task-2.5/static_per_matrix_sgdm_gpt2-124m_lr0.03_mom0.99_wd0.1_seed1337_scalestatic-26f16b708d59
iter 340: loss 5.3865, time 913.68ms, mfu 73.67%, matrix lr 0.0255239, auxiliary lr 0.000510478
iter 350: loss 5.4465, time 914.00ms, mfu 73.67%, matrix lr 0.0251676, auxiliary lr 0.000503352
iter 360: loss 5.6156, time 914.19ms, mfu 73.67%, matrix lr 0.0248007, auxiliary lr 0.000496014
iter 370: loss 5.5091, time 913.95ms, mfu 73.67%, matrix lr 0.0244236, auxiliary lr 0.000488473
iter 380: loss 5.6370, time 914.09ms, mfu 73.67%, matrix lr 0.0240369, auxiliary lr 0.000480739
iter 390: loss 5.5910, time 913.13ms, mfu 73.67%, matrix lr 0.023641, auxiliary lr 0.00047282
iter 400: loss 5.5702, time 914.16ms, mfu 73.67%, matrix lr 0.0232364, auxiliary lr 0.000464728
iter 410: loss 5.4161, time 913.88ms, mfu 73.67%, matrix lr 0.0228235, auxiliary lr 0.00045647
iter 420: loss 5.4430, time 914.29ms, mfu 73.67%, matrix lr 0.0224029, auxiliary lr 0.000448059
iter 430: loss 5.5477, time 913.50ms, mfu 73.67%, matrix lr 0.0219751, auxiliary lr 0.000439503
iter 440: loss 5.5688, time 914.01ms, mfu 73.67%, matrix lr 0.0215407, auxiliary lr 0.000430813
iter 450: loss 5.6419, time 914.24ms, mfu 73.67%, matrix lr 0.0211, auxiliary lr 0.000422001
iter 460: loss 5.4804, time 914.60ms, mfu 73.66%, matrix lr 0.0206538, auxiliary lr 0.000413076
iter 470: loss 5.5506, time 914.13ms, mfu 73.66%, matrix lr 0.0202025, auxiliary lr 0.000404049
iter 480: loss 5.4147, time 914.58ms, mfu 73.66%, matrix lr 0.0197466, auxiliary lr 0.000394932
iter 490: loss 5.5401, time 914.41ms, mfu 73.66%, matrix lr 0.0192868, auxiliary lr 0.000385736
iter 500: loss 5.5593, time 914.60ms, mfu 73.65%, matrix lr 0.0188236, auxiliary lr 0.000376472
iter 510: loss 5.3257, time 914.28ms, mfu 73.65%, matrix lr 0.0183576, auxiliary lr 0.000367151
iter 520: loss 5.6008, time 914.42ms, mfu 73.65%, matrix lr 0.0178892, auxiliary lr 0.000357785
iter 530: loss 5.4437, time 914.52ms, mfu 73.65%, matrix lr 0.0174192, auxiliary lr 0.000348385
iter 540: loss 5.5485, time 914.47ms, mfu 73.64%, matrix lr 0.0169481, auxiliary lr 0.000338962
iter 550: loss 5.7332, time 914.26ms, mfu 73.64%, matrix lr 0.0164764, auxiliary lr 0.000329528
iter 560: loss 5.5577, time 914.04ms, mfu 73.65%, matrix lr 0.0160048, auxiliary lr 0.000320095
iter 570: loss 5.4154, time 914.16ms, mfu 73.65%, matrix lr 0.0155337, auxiliary lr 0.000310674
iter 580: loss 5.4445, time 914.08ms, mfu 73.65%, matrix lr 0.0150638, auxiliary lr 0.000301277
iter 590: loss 5.5740, time 914.20ms, mfu 73.65%, matrix lr 0.0145957, auxiliary lr 0.000291915
iter 600: loss 5.5736, time 914.27ms, mfu 73.65%, matrix lr 0.0141299, auxiliary lr 0.000282599
iter 610: loss 5.6264, time 913.78ms, mfu 73.65%, matrix lr 0.013667, auxiliary lr 0.000273341
iter 620: loss 5.6652, time 913.07ms, mfu 73.66%, matrix lr 0.0132076, auxiliary lr 0.000264152
iter 630: loss 5.4363, time 913.23ms, mfu 73.67%, matrix lr 0.0127522, auxiliary lr 0.000255044
iter 640: loss 5.3830, time 914.38ms, mfu 73.66%, matrix lr 0.0123014, auxiliary lr 0.000246027
iter 650: loss 5.4289, time 914.39ms, mfu 73.66%, matrix lr 0.0118556, auxiliary lr 0.000237113
iter 660: loss 5.4342, time 912.82ms, mfu 73.67%, matrix lr 0.0114156, auxiliary lr 0.000228312
step 666: train loss 5.4691, val loss 5.4863
saving checkpoint to /shared/home/bilal.ashfaq/nanogpt-study-runs/task-2.5/static_per_matrix_sgdm_gpt2-124m_lr0.03_mom0.99_wd0.1_seed1337_scalestatic-26f16b708d59
iter 670: loss 5.4294, time 913.31ms, mfu 73.68%, matrix lr 0.0109818, auxiliary lr 0.000219635
iter 680: loss 5.4833, time 913.68ms, mfu 73.68%, matrix lr 0.0105547, auxiliary lr 0.000211094
iter 690: loss 5.1985, time 913.48ms, mfu 73.68%, matrix lr 0.0101348, auxiliary lr 0.000202697
iter 700: loss 5.3370, time 914.21ms, mfu 73.68%, matrix lr 0.00972278, auxiliary lr 0.000194456
iter 710: loss 5.6233, time 913.70ms, mfu 73.68%, matrix lr 0.00931899, auxiliary lr 0.00018638
iter 720: loss 5.3856, time 913.86ms, mfu 73.68%, matrix lr 0.00892397, auxiliary lr 0.000178479
iter 730: loss 5.3857, time 913.85ms, mfu 73.68%, matrix lr 0.00853821, auxiliary lr 0.000170764
iter 740: loss 5.5854, time 913.99ms, mfu 73.68%, matrix lr 0.00816216, auxiliary lr 0.000163243
iter 750: loss 5.4021, time 914.27ms, mfu 73.67%, matrix lr 0.00779629, auxiliary lr 0.000155926
iter 760: loss 5.3874, time 913.97ms, mfu 73.67%, matrix lr 0.00744106, auxiliary lr 0.000148821
iter 770: loss 5.5344, time 914.57ms, mfu 73.67%, matrix lr 0.00709688, auxiliary lr 0.000141938
iter 780: loss 5.5050, time 914.05ms, mfu 73.67%, matrix lr 0.00676419, auxiliary lr 0.000135284
iter 790: loss 5.3634, time 914.05ms, mfu 73.67%, matrix lr 0.00644338, auxiliary lr 0.000128868
iter 800: loss 5.4277, time 914.17ms, mfu 73.66%, matrix lr 0.00613485, auxiliary lr 0.000122697
iter 810: loss 5.5143, time 913.03ms, mfu 73.67%, matrix lr 0.00583898, auxiliary lr 0.00011678
iter 820: loss 5.5591, time 914.22ms, mfu 73.67%, matrix lr 0.00555613, auxiliary lr 0.000111123
iter 830: loss 5.5220, time 914.32ms, mfu 73.67%, matrix lr 0.00528664, auxiliary lr 0.000105733
iter 840: loss 5.4407, time 914.27ms, mfu 73.66%, matrix lr 0.00503084, auxiliary lr 0.000100617
iter 850: loss 5.3799, time 914.28ms, mfu 73.66%, matrix lr 0.00478905, auxiliary lr 9.5781e-05
iter 860: loss 5.3775, time 914.64ms, mfu 73.66%, matrix lr 0.00456156, auxiliary lr 9.12311e-05
iter 870: loss 5.3255, time 913.71ms, mfu 73.66%, matrix lr 0.00434864, auxiliary lr 8.69728e-05
iter 880: loss 5.5447, time 914.11ms, mfu 73.66%, matrix lr 0.00415056, auxiliary lr 8.30113e-05
iter 890: loss 5.6700, time 914.03ms, mfu 73.66%, matrix lr 0.00396756, auxiliary lr 7.93513e-05
iter 900: loss 5.4097, time 914.51ms, mfu 73.66%, matrix lr 0.00379987, auxiliary lr 7.59974e-05
iter 910: loss 5.3518, time 913.05ms, mfu 73.67%, matrix lr 0.00364768, auxiliary lr 7.29536e-05
iter 920: loss 5.5383, time 914.38ms, mfu 73.66%, matrix lr 0.00351119, auxiliary lr 7.02237e-05
iter 930: loss 5.4022, time 914.18ms, mfu 73.66%, matrix lr 0.00339055, auxiliary lr 6.7811e-05
iter 940: loss 5.5591, time 914.38ms, mfu 73.66%, matrix lr 0.00328592, auxiliary lr 6.57185e-05
iter 950: loss 5.5934, time 913.79ms, mfu 73.66%, matrix lr 0.00319743, auxiliary lr 6.39486e-05
iter 960: loss 5.5344, time 914.33ms, mfu 73.66%, matrix lr 0.00312518, auxiliary lr 6.25036e-05
iter 970: loss 5.3087, time 914.44ms, mfu 73.66%, matrix lr 0.00306926, auxiliary lr 6.13853e-05
iter 980: loss 5.5021, time 914.33ms, mfu 73.65%, matrix lr 0.00302975, auxiliary lr 6.05949e-05
iter 990: loss 5.3492, time 914.09ms, mfu 73.65%, matrix lr 0.00300668, auxiliary lr 6.01335e-05
step 999: train loss 5.4282, val loss 5.4238
saving checkpoint to /shared/home/bilal.ashfaq/nanogpt-study-runs/task-2.5/static_per_matrix_sgdm_gpt2-124m_lr0.03_mom0.99_wd0.1_seed1337_scalestatic-26f16b708d59
Launching: torchrun --standalone --nproc_per_node=2 train.py config/task_2_4_static.py --out_dir=/shared/home/bilal.ashfaq/nanogpt-study-runs/task-2.5/static_per_matrix_sgdm_gpt2-124m_lr0.03_mom0.99_wd0.1_seed1337_scalestatic-658ea6e7df4d --optimizer_name=static_per_matrix_sgdm --seed=1337 --max_iters=999 --init_from=scratch --matrix_learning_rate=0.03 --matrix_momentum=0.99 --static_default_multiplier=1.0 --static_exact_parameter_multipliers={} --static_matrix_type_multipliers={'attention_output': 2.0, 'attention_qkv': 2.0, 'mlp_input': 0.5, 'mlp_output': 0.5}
Overriding config with config/task_2_4_static.py:
# Task 2.4 reuses every common Task 1.6 control. Candidate-specific static
# settings are supplied only by the materialized, reviewed manifest.
with open('config/task_1_6_baseline.py', encoding='utf-8') as base_config_file:
    exec(base_config_file.read())

optimizer_name = 'static_per_matrix_sgdm'
static_default_multiplier = 1.0
static_matrix_type_multipliers = {}
static_exact_parameter_multipliers = {}

Overriding: out_dir = /shared/home/bilal.ashfaq/nanogpt-study-runs/task-2.5/static_per_matrix_sgdm_gpt2-124m_lr0.03_mom0.99_wd0.1_seed1337_scalestatic-658ea6e7df4d
Overriding: optimizer_name = static_per_matrix_sgdm
Overriding: seed = 1337
Overriding: max_iters = 999
Overriding: init_from = scratch
Overriding: matrix_learning_rate = 0.03
Overriding: matrix_momentum = 0.99
Overriding: static_default_multiplier = 1.0
Overriding: static_exact_parameter_multipliers = {}
Overriding: static_matrix_type_multipliers = {'attention_output': 2.0, 'attention_qkv': 2.0, 'mlp_input': 0.5, 'mlp_output': 0.5}
Overriding config with config/task_2_4_static.py:
# Task 2.4 reuses every common Task 1.6 control. Candidate-specific static
# settings are supplied only by the materialized, reviewed manifest.
with open('config/task_1_6_baseline.py', encoding='utf-8') as base_config_file:
    exec(base_config_file.read())

optimizer_name = 'static_per_matrix_sgdm'
static_default_multiplier = 1.0
static_matrix_type_multipliers = {}
static_exact_parameter_multipliers = {}

Overriding: out_dir = /shared/home/bilal.ashfaq/nanogpt-study-runs/task-2.5/static_per_matrix_sgdm_gpt2-124m_lr0.03_mom0.99_wd0.1_seed1337_scalestatic-658ea6e7df4d
Overriding: optimizer_name = static_per_matrix_sgdm
Overriding: seed = 1337
Overriding: max_iters = 999
Overriding: init_from = scratch
Overriding: matrix_learning_rate = 0.03
Overriding: matrix_momentum = 0.99
Overriding: static_default_multiplier = 1.0
Overriding: static_exact_parameter_multipliers = {}
Overriding: static_matrix_type_multipliers = {'attention_output': 2.0, 'attention_qkv': 2.0, 'mlp_input': 0.5, 'mlp_output': 0.5}
tokens per iteration will be: 491,520
Initializing a new model from scratch
defaulting to vocab_size of GPT-2 to 50304 (50257 rounded up for efficiency)
tokens per iteration will be: 491,520
Initializing a new model from scratch
defaulting to vocab_size of GPT-2 to 50304 (50257 rounded up for efficiency)
number of parameters: 123.59M
number of parameters: 123.59M
using fused auxiliary AdamW: True
using fused auxiliary AdamW: True
optimizer parameter audit:
{
  "parameters": [
    {
      "group": "eligible_matrix",
      "name": "transformer.h.0.attn.c_attn.weight",
      "optimizer": "static_per_matrix_sgdm",
      "parameter_count": 1769472,
      "shape": [
        2304,
        768
      ],
      "weight_decay": 0.1,
      "weight_decay_semantics": "decoupled",
      "weight_decay_treatment": "decay"
    },
    {
      "group": "eligible_matrix",
      "name": "transformer.h.0.attn.c_proj.weight",
      "optimizer": "static_per_matrix_sgdm",
      "parameter_count": 589824,
      "shape": [
        768,
        768
      ],
      "weight_decay": 0.1,
      "weight_decay_semantics": "decoupled",
      "weight_decay_treatment": "decay"
    },
    {
      "group": "auxiliary",
      "name": "transformer.h.0.ln_1.weight",
      "optimizer": "adamw",
      "parameter_count": 768,
      "shape": [
        768
      ],
      "weight_decay": 0.0,
      "weight_decay_semantics": "adamw_decoupled",
      "weight_decay_treatment": "no_decay"
    },
    {
      "group": "auxiliary",
      "name": "transformer.h.0.ln_2.weight",
      "optimizer": "adamw",
      "parameter_count": 768,
      "shape": [
        768
      ],
      "weight_decay": 0.0,
      "weight_decay_semantics": "adamw_decoupled",
      "weight_decay_treatment": "no_decay"
    },
    {
      "group": "eligible_matrix",
      "name": "transformer.h.0.mlp.c_fc.weight",
      "optimizer": "static_per_matrix_sgdm",
      "parameter_count": 2359296,
      "shape": [
        3072,
        768
      ],
      "weight_decay": 0.1,
      "weight_decay_semantics": "decoupled",
      "weight_decay_treatment": "decay"
    },
    {
      "group": "eligible_matrix",
      "name": "transformer.h.0.mlp.c_proj.weight",
      "optimizer": "static_per_matrix_sgdm",
      "parameter_count": 2359296,
      "shape": [
        768,
        3072
      ],
      "weight_decay": 0.1,
      "weight_decay_semantics": "decoupled",
      "weight_decay_treatment": "decay"
    },
    {
      "group": "eligible_matrix",
      "name": "transformer.h.1.attn.c_attn.weight",
      "optimizer": "static_per_matrix_sgdm",
      "parameter_count": 1769472,
      "shape": [
        2304,
        768
      ],
      "weight_decay": 0.1,
      "weight_decay_semantics": "decoupled",
      "weight_decay_treatment": "decay"
    },
    {
      "group": "eligible_matrix",
      "name": "transformer.h.1.attn.c_proj.weight",
      "optimizer": "static_per_matrix_sgdm",
      "parameter_count": 589824,
      "shape": [
        768,
        768
      ],
      "weight_decay": 0.1,
      "weight_decay_semantics": "decoupled",
      "weight_decay_treatment": "decay"
    },
    {
      "group": "auxiliary",
      "name": "transformer.h.1.ln_1.weight",
      "optimizer": "adamw",
      "parameter_count": 768,
      "shape": [
        768
      ],
      "weight_decay": 0.0,
      "weight_decay_semantics": "adamw_decoupled",
      "weight_decay_treatment": "no_decay"
    },
    {
      "group": "auxiliary",
      "name": "transformer.h.1.ln_2.weight",
      "optimizer": "adamw",
      "parameter_count": 768,
      "shape": [
        768
      ],
      "weight_decay": 0.0,
      "weight_decay_semantics": "adamw_decoupled",
      "weight_decay_treatment": "no_decay"
    },
    {
      "group": "eligible_matrix",
      "name": "transformer.h.1.mlp.c_fc.weight",
      "optimizer": "static_per_matrix_sgdm",
      "parameter_count": 2359296,
      "shape": [
        3072,
        768
      ],
      "weight_decay": 0.1,
      "weight_decay_semantics": "decoupled",
      "weight_decay_treatment": "decay"
    },
    {
      "group": "eligible_matrix",
      "name": "transformer.h.1.mlp.c_proj.weight",
      "optimizer": "static_per_matrix_sgdm",
      "parameter_count": 2359296,
      "shape": [
        768,
        3072
      ],
      "weight_decay": 0.1,
      "weight_decay_semantics": "decoupled",
      "weight_decay_treatment": "decay"
    },
    {
      "group": "eligible_matrix",
      "name": "transformer.h.10.attn.c_attn.weight",
      "optimizer": "static_per_matrix_sgdm",
      "parameter_count": 1769472,
      "shape": [
        2304,
        768
      ],
      "weight_decay": 0.1,
      "weight_decay_semantics": "decoupled",
      "weight_decay_treatment": "decay"
    },
    {
      "group": "eligible_matrix",
      "name": "transformer.h.10.attn.c_proj.weight",
      "optimizer": "static_per_matrix_sgdm",
      "parameter_count": 589824,
      "shape": [
        768,
        768
      ],
      "weight_decay": 0.1,
      "weight_decay_semantics": "decoupled",
      "weight_decay_treatment": "decay"
    },
    {
      "group": "auxiliary",
      "name": "transformer.h.10.ln_1.weight",
      "optimizer": "adamw",
      "parameter_count": 768,
      "shape": [
        768
      ],
      "weight_decay": 0.0,
      "weight_decay_semantics": "adamw_decoupled",
      "weight_decay_treatment": "no_decay"
    },
    {
      "group": "auxiliary",
      "name": "transformer.h.10.ln_2.weight",
      "optimizer": "adamw",
      "parameter_count": 768,
      "shape": [
        768
      ],
      "weight_decay": 0.0,
      "weight_decay_semantics": "adamw_decoupled",
      "weight_decay_treatment": "no_decay"
    },
    {
      "group": "eligible_matrix",
      "name": "transformer.h.10.mlp.c_fc.weight",
      "optimizer": "static_per_matrix_sgdm",
      "parameter_count": 2359296,
      "shape": [
        3072,
        768
      ],
      "weight_decay": 0.1,
      "weight_decay_semantics": "decoupled",
      "weight_decay_treatment": "decay"
    },
    {
      "group": "eligible_matrix",
      "name": "transformer.h.10.mlp.c_proj.weight",
      "optimizer": "static_per_matrix_sgdm",
      "parameter_count": 2359296,
      "shape": [
        768,
        3072
      ],
      "weight_decay": 0.1,
      "weight_decay_semantics": "decoupled",
      "weight_decay_treatment": "decay"
    },
    {
      "group": "eligible_matrix",
      "name": "transformer.h.11.attn.c_attn.weight",
      "optimizer": "static_per_matrix_sgdm",
      "parameter_count": 1769472,
      "shape": [
        2304,
        768
      ],
      "weight_decay": 0.1,
      "weight_decay_semantics": "decoupled",
      "weight_decay_treatment": "decay"
    },
    {
      "group": "eligible_matrix",
      "name": "transformer.h.11.attn.c_proj.weight",
      "optimizer": "static_per_matrix_sgdm",
      "parameter_count": 589824,
      "shape": [
        768,
        768
      ],
      "weight_decay": 0.1,
      "weight_decay_semantics": "decoupled",
      "weight_decay_treatment": "decay"
    },
    {
      "group": "auxiliary",
      "name": "transformer.h.11.ln_1.weight",
      "optimizer": "adamw",
      "parameter_count": 768,
      "shape": [
        768
      ],
      "weight_decay": 0.0,
      "weight_decay_semantics": "adamw_decoupled",
      "weight_decay_treatment": "no_decay"
    },
    {
      "group": "auxiliary",
      "name": "transformer.h.11.ln_2.weight",
      "optimizer": "adamw",
      "parameter_count": 768,
      "shape": [
        768
      ],
      "weight_decay": 0.0,
      "weight_decay_semantics": "adamw_decoupled",
      "weight_decay_treatment": "no_decay"
    },
    {
      "group": "eligible_matrix",
      "name": "transformer.h.11.mlp.c_fc.weight",
      "optimizer": "static_per_matrix_sgdm",
      "parameter_count": 2359296,
      "shape": [
        3072,
        768
      ],
      "weight_decay": 0.1,
      "weight_decay_semantics": "decoupled",
      "weight_decay_treatment": "decay"
    },
    {
      "group": "eligible_matrix",
      "name": "transformer.h.11.mlp.c_proj.weight",
      "optimizer": "static_per_matrix_sgdm",
      "parameter_count": 2359296,
      "shape": [
        768,
        3072
      ],
      "weight_decay": 0.1,
      "weight_decay_semantics": "decoupled",
      "weight_decay_treatment": "decay"
    },
    {
      "group": "eligible_matrix",
      "name": "transformer.h.2.attn.c_attn.weight",
      "optimizer": "static_per_matrix_sgdm",
      "parameter_count": 1769472,
      "shape": [
        2304,
        768
      ],
      "weight_decay": 0.1,
      "weight_decay_semantics": "decoupled",
      "weight_decay_treatment": "decay"
    },
    {
      "group": "eligible_matrix",
      "name": "transformer.h.2.attn.c_proj.weight",
      "optimizer": "static_per_matrix_sgdm",
      "parameter_count": 589824,
      "shape": [
        768,
        768
      ],
      "weight_decay": 0.1,
      "weight_decay_semantics": "decoupled",
      "weight_decay_treatment": "decay"
    },
    {
      "group": "auxiliary",
      "name": "transformer.h.2.ln_1.weight",
      "optimizer": "adamw",
      "parameter_count": 768,
      "shape": [
        768
      ],
      "weight_decay": 0.0,
      "weight_decay_semantics": "adamw_decoupled",
      "weight_decay_treatment": "no_decay"
    },
    {
      "group": "auxiliary",
      "name": "transformer.h.2.ln_2.weight",
      "optimizer": "adamw",
      "parameter_count": 768,
      "shape": [
        768
      ],
      "weight_decay": 0.0,
      "weight_decay_semantics": "adamw_decoupled",
      "weight_decay_treatment": "no_decay"
    },
    {
      "group": "eligible_matrix",
      "name": "transformer.h.2.mlp.c_fc.weight",
      "optimizer": "static_per_matrix_sgdm",
      "parameter_count": 2359296,
      "shape": [
        3072,
        768
      ],
      "weight_decay": 0.1,
      "weight_decay_semantics": "decoupled",
      "weight_decay_treatment": "decay"
    },
    {
      "group": "eligible_matrix",
      "name": "transformer.h.2.mlp.c_proj.weight",
      "optimizer": "static_per_matrix_sgdm",
      "parameter_count": 2359296,
      "shape": [
        768,
        3072
      ],
      "weight_decay": 0.1,
      "weight_decay_semantics": "decoupled",
      "weight_decay_treatment": "decay"
    },
    {
      "group": "eligible_matrix",
      "name": "transformer.h.3.attn.c_attn.weight",
      "optimizer": "static_per_matrix_sgdm",
      "parameter_count": 1769472,
      "shape": [
        2304,
        768
      ],
      "weight_decay": 0.1,
      "weight_decay_semantics": "decoupled",
      "weight_decay_treatment": "decay"
    },
    {
      "group": "eligible_matrix",
      "name": "transformer.h.3.attn.c_proj.weight",
      "optimizer": "static_per_matrix_sgdm",
      "parameter_count": 589824,
      "shape": [
        768,
        768
      ],
      "weight_decay": 0.1,
      "weight_decay_semantics": "decoupled",
      "weight_decay_treatment": "decay"
    },
    {
      "group": "auxiliary",
      "name": "transformer.h.3.ln_1.weight",
      "optimizer": "adamw",
      "parameter_count": 768,
      "shape": [
        768
      ],
      "weight_decay": 0.0,
      "weight_decay_semantics": "adamw_decoupled",
      "weight_decay_treatment": "no_decay"
    },
    {
      "group": "auxiliary",
      "name": "transformer.h.3.ln_2.weight",
      "optimizer": "adamw",
      "parameter_count": 768,
      "shape": [
        768
      ],
      "weight_decay": 0.0,
      "weight_decay_semantics": "adamw_decoupled",
      "weight_decay_treatment": "no_decay"
    },
    {
      "group": "eligible_matrix",
      "name": "transformer.h.3.mlp.c_fc.weight",
      "optimizer": "static_per_matrix_sgdm",
      "parameter_count": 2359296,
      "shape": [
        3072,
        768
      ],
      "weight_decay": 0.1,
      "weight_decay_semantics": "decoupled",
      "weight_decay_treatment": "decay"
    },
    {
      "group": "eligible_matrix",
      "name": "transformer.h.3.mlp.c_proj.weight",
      "optimizer": "static_per_matrix_sgdm",
      "parameter_count": 2359296,
      "shape": [
        768,
        3072
      ],
      "weight_decay": 0.1,
      "weight_decay_semantics": "decoupled",
      "weight_decay_treatment": "decay"
    },
    {
      "group": "eligible_matrix",
      "name": "transformer.h.4.attn.c_attn.weight",
      "optimizer": "static_per_matrix_sgdm",
      "parameter_count": 1769472,
      "shape": [
        2304,
        768
      ],
      "weight_decay": 0.1,
      "weight_decay_semantics": "decoupled",
      "weight_decay_treatment": "decay"
    },
    {
      "group": "eligible_matrix",
      "name": "transformer.h.4.attn.c_proj.weight",
      "optimizer": "static_per_matrix_sgdm",
      "parameter_count": 589824,
      "shape": [
        768,
        768
      ],
      "weight_decay": 0.1,
      "weight_decay_semantics": "decoupled",
      "weight_decay_treatment": "decay"
    },
    {
      "group": "auxiliary",
      "name": "transformer.h.4.ln_1.weight",
      "optimizer": "adamw",
      "parameter_count": 768,
      "shape": [
        768
      ],
      "weight_decay": 0.0,
      "weight_decay_semantics": "adamw_decoupled",
      "weight_decay_treatment": "no_decay"
    },
    {
      "group": "auxiliary",
      "name": "transformer.h.4.ln_2.weight",
      "optimizer": "adamw",
      "parameter_count": 768,
      "shape": [
        768
      ],
      "weight_decay": 0.0,
      "weight_decay_semantics": "adamw_decoupled",
      "weight_decay_treatment": "no_decay"
    },
    {
      "group": "eligible_matrix",
      "name": "transformer.h.4.mlp.c_fc.weight",
      "optimizer": "static_per_matrix_sgdm",
      "parameter_count": 2359296,
      "shape": [
        3072,
        768
      ],
      "weight_decay": 0.1,
      "weight_decay_semantics": "decoupled",
      "weight_decay_treatment": "decay"
    },
    {
      "group": "eligible_matrix",
      "name": "transformer.h.4.mlp.c_proj.weight",
      "optimizer": "static_per_matrix_sgdm",
      "parameter_count": 2359296,
      "shape": [
        768,
        3072
      ],
      "weight_decay": 0.1,
      "weight_decay_semantics": "decoupled",
      "weight_decay_treatment": "decay"
    },
    {
      "group": "eligible_matrix",
      "name": "transformer.h.5.attn.c_attn.weight",
      "optimizer": "static_per_matrix_sgdm",
      "parameter_count": 1769472,
      "shape": [
        2304,
        768
      ],
      "weight_decay": 0.1,
      "weight_decay_semantics": "decoupled",
      "weight_decay_treatment": "decay"
    },
    {
      "group": "eligible_matrix",
      "name": "transformer.h.5.attn.c_proj.weight",
      "optimizer": "static_per_matrix_sgdm",
      "parameter_count": 589824,
      "shape": [
        768,
        768
      ],
      "weight_decay": 0.1,
      "weight_decay_semantics": "decoupled",
      "weight_decay_treatment": "decay"
    },
    {
      "group": "auxiliary",
      "name": "transformer.h.5.ln_1.weight",
      "optimizer": "adamw",
      "parameter_count": 768,
      "shape": [
        768
      ],
      "weight_decay": 0.0,
      "weight_decay_semantics": "adamw_decoupled",
      "weight_decay_treatment": "no_decay"
    },
    {
      "group": "auxiliary",
      "name": "transformer.h.5.ln_2.weight",
      "optimizer": "adamw",
      "parameter_count": 768,
      "shape": [
        768
      ],
      "weight_decay": 0.0,
      "weight_decay_semantics": "adamw_decoupled",
      "weight_decay_treatment": "no_decay"
    },
    {
      "group": "eligible_matrix",
      "name": "transformer.h.5.mlp.c_fc.weight",
      "optimizer": "static_per_matrix_sgdm",
      "parameter_count": 2359296,
      "shape": [
        3072,
        768
      ],
      "weight_decay": 0.1,
      "weight_decay_semantics": "decoupled",
      "weight_decay_treatment": "decay"
    },
    {
      "group": "eligible_matrix",
      "name": "transformer.h.5.mlp.c_proj.weight",
      "optimizer": "static_per_matrix_sgdm",
      "parameter_count": 2359296,
      "shape": [
        768,
        3072
      ],
      "weight_decay": 0.1,
      "weight_decay_semantics": "decoupled",
      "weight_decay_treatment": "decay"
    },
    {
      "group": "eligible_matrix",
      "name": "transformer.h.6.attn.c_attn.weight",
      "optimizer": "static_per_matrix_sgdm",
      "parameter_count": 1769472,
      "shape": [
        2304,
        768
      ],
      "weight_decay": 0.1,
      "weight_decay_semantics": "decoupled",
      "weight_decay_treatment": "decay"
    },
    {
      "group": "eligible_matrix",
      "name": "transformer.h.6.attn.c_proj.weight",
      "optimizer": "static_per_matrix_sgdm",
      "parameter_count": 589824,
      "shape": [
        768,
        768
      ],
      "weight_decay": 0.1,
      "weight_decay_semantics": "decoupled",
      "weight_decay_treatment": "decay"
    },
    {
      "group": "auxiliary",
      "name": "transformer.h.6.ln_1.weight",
      "optimizer": "adamw",
      "parameter_count": 768,
      "shape": [
        768
      ],
      "weight_decay": 0.0,
      "weight_decay_semantics": "adamw_decoupled",
      "weight_decay_treatment": "no_decay"
    },
    {
      "group": "auxiliary",
      "name": "transformer.h.6.ln_2.weight",
      "optimizer": "adamw",
      "parameter_count": 768,
      "shape": [
        768
      ],
      "weight_decay": 0.0,
      "weight_decay_semantics": "adamw_decoupled",
      "weight_decay_treatment": "no_decay"
    },
    {
      "group": "eligible_matrix",
      "name": "transformer.h.6.mlp.c_fc.weight",
      "optimizer": "static_per_matrix_sgdm",
      "parameter_count": 2359296,
      "shape": [
        3072,
        768
      ],
      "weight_decay": 0.1,
      "weight_decay_semantics": "decoupled",
      "weight_decay_treatment": "decay"
    },
    {
      "group": "eligible_matrix",
      "name": "transformer.h.6.mlp.c_proj.weight",
      "optimizer": "static_per_matrix_sgdm",
      "parameter_count": 2359296,
      "shape": [
        768,
        3072
      ],
      "weight_decay": 0.1,
      "weight_decay_semantics": "decoupled",
      "weight_decay_treatment": "decay"
    },
    {
      "group": "eligible_matrix",
      "name": "transformer.h.7.attn.c_attn.weight",
      "optimizer": "static_per_matrix_sgdm",
      "parameter_count": 1769472,
      "shape": [
        2304,
        768
      ],
      "weight_decay": 0.1,
      "weight_decay_semantics": "decoupled",
      "weight_decay_treatment": "decay"
    },
    {
      "group": "eligible_matrix",
      "name": "transformer.h.7.attn.c_proj.weight",
      "optimizer": "static_per_matrix_sgdm",
      "parameter_count": 589824,
      "shape": [
        768,
        768
      ],
      "weight_decay": 0.1,
      "weight_decay_semantics": "decoupled",
      "weight_decay_treatment": "decay"
    },
    {
      "group": "auxiliary",
      "name": "transformer.h.7.ln_1.weight",
      "optimizer": "adamw",
      "parameter_count": 768,
      "shape": [
        768
      ],
      "weight_decay": 0.0,
      "weight_decay_semantics": "adamw_decoupled",
      "weight_decay_treatment": "no_decay"
    },
    {
      "group": "auxiliary",
      "name": "transformer.h.7.ln_2.weight",
      "optimizer": "adamw",
      "parameter_count": 768,
      "shape": [
        768
      ],
      "weight_decay": 0.0,
      "weight_decay_semantics": "adamw_decoupled",
      "weight_decay_treatment": "no_decay"
    },
    {
      "group": "eligible_matrix",
      "name": "transformer.h.7.mlp.c_fc.weight",
      "optimizer": "static_per_matrix_sgdm",
      "parameter_count": 2359296,
      "shape": [
        3072,
        768
      ],
      "weight_decay": 0.1,
      "weight_decay_semantics": "decoupled",
      "weight_decay_treatment": "decay"
    },
    {
      "group": "eligible_matrix",
      "name": "transformer.h.7.mlp.c_proj.weight",
      "optimizer": "static_per_matrix_sgdm",
      "parameter_count": 2359296,
      "shape": [
        768,
        3072
      ],
      "weight_decay": 0.1,
      "weight_decay_semantics": "decoupled",
      "weight_decay_treatment": "decay"
    },
    {
      "group": "eligible_matrix",
      "name": "transformer.h.8.attn.c_attn.weight",
      "optimizer": "static_per_matrix_sgdm",
      "parameter_count": 1769472,
      "shape": [
        2304,
        768
      ],
      "weight_decay": 0.1,
      "weight_decay_semantics": "decoupled",
      "weight_decay_treatment": "decay"
    },
    {
      "group": "eligible_matrix",
      "name": "transformer.h.8.attn.c_proj.weight",
      "optimizer": "static_per_matrix_sgdm",
      "parameter_count": 589824,
      "shape": [
        768,
        768
      ],
      "weight_decay": 0.1,
      "weight_decay_semantics": "decoupled",
      "weight_decay_treatment": "decay"
    },
    {
      "group": "auxiliary",
      "name": "transformer.h.8.ln_1.weight",
      "optimizer": "adamw",
      "parameter_count": 768,
      "shape": [
        768
      ],
      "weight_decay": 0.0,
      "weight_decay_semantics": "adamw_decoupled",
      "weight_decay_treatment": "no_decay"
    },
    {
      "group": "auxiliary",
      "name": "transformer.h.8.ln_2.weight",
      "optimizer": "adamw",
      "parameter_count": 768,
      "shape": [
        768
      ],
      "weight_decay": 0.0,
      "weight_decay_semantics": "adamw_decoupled",
      "weight_decay_treatment": "no_decay"
    },
    {
      "group": "eligible_matrix",
      "name": "transformer.h.8.mlp.c_fc.weight",
      "optimizer": "static_per_matrix_sgdm",
      "parameter_count": 2359296,
      "shape": [
        3072,
        768
      ],
      "weight_decay": 0.1,
      "weight_decay_semantics": "decoupled",
      "weight_decay_treatment": "decay"
    },
    {
      "group": "eligible_matrix",
      "name": "transformer.h.8.mlp.c_proj.weight",
      "optimizer": "static_per_matrix_sgdm",
      "parameter_count": 2359296,
      "shape": [
        768,
        3072
      ],
      "weight_decay": 0.1,
      "weight_decay_semantics": "decoupled",
      "weight_decay_treatment": "decay"
    },
    {
      "group": "eligible_matrix",
      "name": "transformer.h.9.attn.c_attn.weight",
      "optimizer": "static_per_matrix_sgdm",
      "parameter_count": 1769472,
      "shape": [
        2304,
        768
      ],
      "weight_decay": 0.1,
      "weight_decay_semantics": "decoupled",
      "weight_decay_treatment": "decay"
    },
    {
      "group": "eligible_matrix",
      "name": "transformer.h.9.attn.c_proj.weight",
      "optimizer": "static_per_matrix_sgdm",
      "parameter_count": 589824,
      "shape": [
        768,
        768
      ],
      "weight_decay": 0.1,
      "weight_decay_semantics": "decoupled",
      "weight_decay_treatment": "decay"
    },
    {
      "group": "auxiliary",
      "name": "transformer.h.9.ln_1.weight",
      "optimizer": "adamw",
      "parameter_count": 768,
      "shape": [
        768
      ],
      "weight_decay": 0.0,
      "weight_decay_semantics": "adamw_decoupled",
      "weight_decay_treatment": "no_decay"
    },
    {
      "group": "auxiliary",
      "name": "transformer.h.9.ln_2.weight",
      "optimizer": "adamw",
      "parameter_count": 768,
      "shape": [
        768
      ],
      "weight_decay": 0.0,
      "weight_decay_semantics": "adamw_decoupled",
      "weight_decay_treatment": "no_decay"
    },
    {
      "group": "eligible_matrix",
      "name": "transformer.h.9.mlp.c_fc.weight",
      "optimizer": "static_per_matrix_sgdm",
      "parameter_count": 2359296,
      "shape": [
        3072,
        768
      ],
      "weight_decay": 0.1,
      "weight_decay_semantics": "decoupled",
      "weight_decay_treatment": "decay"
    },
    {
      "group": "eligible_matrix",
      "name": "transformer.h.9.mlp.c_proj.weight",
      "optimizer": "static_per_matrix_sgdm",
      "parameter_count": 2359296,
      "shape": [
        768,
        3072
      ],
      "weight_decay": 0.1,
      "weight_decay_semantics": "decoupled",
      "weight_decay_treatment": "decay"
    },
    {
      "group": "auxiliary",
      "name": "transformer.ln_f.weight",
      "optimizer": "adamw",
      "parameter_count": 768,
      "shape": [
        768
      ],
      "weight_decay": 0.0,
      "weight_decay_semantics": "adamw_decoupled",
      "weight_decay_treatment": "no_decay"
    },
    {
      "group": "auxiliary",
      "name": "transformer.wpe.weight",
      "optimizer": "adamw",
      "parameter_count": 786432,
      "shape": [
        1024,
        768
      ],
      "weight_decay": 0.1,
      "weight_decay_semantics": "adamw_decoupled",
      "weight_decay_treatment": "decay"
    },
    {
      "group": "auxiliary",
      "name": "transformer.wte.weight",
      "optimizer": "adamw",
      "parameter_count": 38633472,
      "shape": [
        50304,
        768
      ],
      "weight_decay": 0.1,
      "weight_decay_semantics": "adamw_decoupled",
      "weight_decay_treatment": "decay"
    }
  ],
  "tied_parameters": {
    "aliases": [
      "transformer.wte.weight",
      "lm_head.weight"
    ],
    "assignment": "auxiliary",
    "canonical_name": "transformer.wte.weight",
    "counted_once": true,
    "optimizer": "adamw"
  },
  "totals": {
    "parameter_count": 124373760,
    "parameter_tensors": 75
  }
}
compiling the model... (takes a ~minute)
compiling the model... (takes a ~minute)
step 0: train loss 10.9886, val loss 10.9897
iter 0: loss 10.9734, time 16246.27ms, mfu -100.00%, matrix lr 0.00029703, auxiliary lr 5.94059e-06
iter 10: loss 10.7444, time 910.44ms, mfu 73.95%, matrix lr 0.00326733, auxiliary lr 6.53465e-05
iter 20: loss 10.0047, time 909.77ms, mfu 73.96%, matrix lr 0.00623762, auxiliary lr 0.000124752
iter 30: loss 8.8190, time 909.98ms, mfu 73.96%, matrix lr 0.00920792, auxiliary lr 0.000184158
iter 40: loss 8.0389, time 910.19ms, mfu 73.96%, matrix lr 0.0121782, auxiliary lr 0.000243564
iter 50: loss 7.5761, time 910.58ms, mfu 73.96%, matrix lr 0.0151485, auxiliary lr 0.00030297
iter 60: loss 7.4625, time 912.54ms, mfu 73.94%, matrix lr 0.0181188, auxiliary lr 0.000362376
iter 70: loss 7.3940, time 912.09ms, mfu 73.93%, matrix lr 0.0210891, auxiliary lr 0.000421782
iter 80: loss 7.2078, time 912.90ms, mfu 73.91%, matrix lr 0.0240594, auxiliary lr 0.000481188
iter 90: loss 7.2068, time 912.82ms, mfu 73.90%, matrix lr 0.0270297, auxiliary lr 0.000540594
iter 100: loss 6.8101, time 913.01ms, mfu 73.88%, matrix lr 0.03, auxiliary lr 0.0006
iter 110: loss 6.4064, time 913.81ms, mfu 73.86%, matrix lr 0.0299918, auxiliary lr 0.000599835
iter 120: loss 6.4075, time 913.72ms, mfu 73.84%, matrix lr 0.029967, auxiliary lr 0.000599341
iter 130: loss 6.2715, time 914.32ms, mfu 73.82%, matrix lr 0.0299259, auxiliary lr 0.000598518
iter 140: loss 6.2720, time 914.25ms, mfu 73.81%, matrix lr 0.0298683, auxiliary lr 0.000597367
iter 150: loss 6.0550, time 914.20ms, mfu 73.79%, matrix lr 0.0297944, auxiliary lr 0.000595889
iter 160: loss 6.1311, time 913.89ms, mfu 73.78%, matrix lr 0.0297043, auxiliary lr 0.000594087
iter 170: loss 5.9318, time 913.39ms, mfu 73.77%, matrix lr 0.0295981, auxiliary lr 0.000591962
iter 180: loss 5.8869, time 913.96ms, mfu 73.76%, matrix lr 0.0294759, auxiliary lr 0.000589518
iter 190: loss 5.7544, time 913.97ms, mfu 73.75%, matrix lr 0.0293378, auxiliary lr 0.000586756
iter 200: loss 5.8487, time 913.96ms, mfu 73.74%, matrix lr 0.0291841, auxiliary lr 0.000583681
iter 210: loss 5.7053, time 913.73ms, mfu 73.74%, matrix lr 0.0290148, auxiliary lr 0.000580296
iter 220: loss 5.7850, time 913.15ms, mfu 73.74%, matrix lr 0.0288303, auxiliary lr 0.000576606
iter 230: loss 5.6775, time 913.22ms, mfu 73.74%, matrix lr 0.0286307, auxiliary lr 0.000572615
iter 240: loss 5.7781, time 913.96ms, mfu 73.73%, matrix lr 0.0284163, auxiliary lr 0.000568327
iter 250: loss 5.6361, time 914.10ms, mfu 73.72%, matrix lr 0.0281874, auxiliary lr 0.000563748
iter 260: loss 5.6419, time 913.77ms, mfu 73.72%, matrix lr 0.0279442, auxiliary lr 0.000558884
iter 270: loss 5.6640, time 914.11ms, mfu 73.71%, matrix lr 0.027687, auxiliary lr 0.00055374
iter 280: loss 5.8716, time 914.25ms, mfu 73.71%, matrix lr 0.0274162, auxiliary lr 0.000548324
iter 290: loss 5.7732, time 914.42ms, mfu 73.70%, matrix lr 0.027132, auxiliary lr 0.00054264
iter 300: loss 5.6138, time 914.39ms, mfu 73.69%, matrix lr 0.0268349, auxiliary lr 0.000536697
iter 310: loss 5.5786, time 914.30ms, mfu 73.69%, matrix lr 0.0265251, auxiliary lr 0.000530502
iter 320: loss 5.6971, time 914.22ms, mfu 73.68%, matrix lr 0.0262031, auxiliary lr 0.000524061
iter 330: loss 5.7608, time 914.23ms, mfu 73.68%, matrix lr 0.0258692, auxiliary lr 0.000517384
step 333: train loss 5.6291, val loss 5.6278
saving checkpoint to /shared/home/bilal.ashfaq/nanogpt-study-runs/task-2.5/static_per_matrix_sgdm_gpt2-124m_lr0.03_mom0.99_wd0.1_seed1337_scalestatic-658ea6e7df4d
iter 340: loss 5.4143, time 912.91ms, mfu 73.69%, matrix lr 0.0255239, auxiliary lr 0.000510478
iter 350: loss 5.4708, time 913.57ms, mfu 73.69%, matrix lr 0.0251676, auxiliary lr 0.000503352
iter 360: loss 5.6378, time 913.58ms, mfu 73.69%, matrix lr 0.0248007, auxiliary lr 0.000496014
iter 370: loss 5.5267, time 912.89ms, mfu 73.70%, matrix lr 0.0244236, auxiliary lr 0.000488473
iter 380: loss 5.6571, time 913.44ms, mfu 73.70%, matrix lr 0.0240369, auxiliary lr 0.000480739
iter 390: loss 5.6094, time 914.02ms, mfu 73.69%, matrix lr 0.023641, auxiliary lr 0.00047282
iter 400: loss 5.5846, time 913.46ms, mfu 73.69%, matrix lr 0.0232364, auxiliary lr 0.000464728
iter 410: loss 5.4313, time 914.46ms, mfu 73.69%, matrix lr 0.0228235, auxiliary lr 0.00045647
iter 420: loss 5.4555, time 914.51ms, mfu 73.68%, matrix lr 0.0224029, auxiliary lr 0.000448059
iter 430: loss 5.5695, time 914.81ms, mfu 73.67%, matrix lr 0.0219751, auxiliary lr 0.000439503
iter 440: loss 5.5881, time 914.48ms, mfu 73.67%, matrix lr 0.0215407, auxiliary lr 0.000430813
iter 450: loss 5.6569, time 913.80ms, mfu 73.67%, matrix lr 0.0211, auxiliary lr 0.000422001
iter 460: loss 5.4987, time 914.46ms, mfu 73.67%, matrix lr 0.0206538, auxiliary lr 0.000413076
iter 470: loss 5.5702, time 914.09ms, mfu 73.66%, matrix lr 0.0202025, auxiliary lr 0.000404049
iter 480: loss 5.4304, time 914.14ms, mfu 73.66%, matrix lr 0.0197466, auxiliary lr 0.000394932
iter 490: loss 5.5592, time 914.00ms, mfu 73.66%, matrix lr 0.0192868, auxiliary lr 0.000385736
iter 500: loss 5.5794, time 914.13ms, mfu 73.66%, matrix lr 0.0188236, auxiliary lr 0.000376472
iter 510: loss 5.3390, time 914.28ms, mfu 73.66%, matrix lr 0.0183576, auxiliary lr 0.000367151
iter 520: loss 5.6178, time 914.39ms, mfu 73.66%, matrix lr 0.0178892, auxiliary lr 0.000357785
iter 530: loss 5.4605, time 914.48ms, mfu 73.65%, matrix lr 0.0174192, auxiliary lr 0.000348385
iter 540: loss 5.5663, time 914.26ms, mfu 73.65%, matrix lr 0.0169481, auxiliary lr 0.000338962
iter 550: loss 5.7465, time 914.55ms, mfu 73.65%, matrix lr 0.0164764, auxiliary lr 0.000329528
iter 560: loss 5.5761, time 914.35ms, mfu 73.65%, matrix lr 0.0160048, auxiliary lr 0.000320095
iter 570: loss 5.4315, time 914.49ms, mfu 73.65%, matrix lr 0.0155337, auxiliary lr 0.000310674
iter 580: loss 5.4589, time 914.34ms, mfu 73.65%, matrix lr 0.0150638, auxiliary lr 0.000301277
iter 590: loss 5.5905, time 914.32ms, mfu 73.65%, matrix lr 0.0145957, auxiliary lr 0.000291915
iter 600: loss 5.5906, time 914.30ms, mfu 73.64%, matrix lr 0.0141299, auxiliary lr 0.000282599
iter 610: loss 5.6444, time 914.26ms, mfu 73.64%, matrix lr 0.013667, auxiliary lr 0.000273341
iter 620: loss 5.6893, time 914.44ms, mfu 73.64%, matrix lr 0.0132076, auxiliary lr 0.000264152
iter 630: loss 5.4564, time 914.61ms, mfu 73.64%, matrix lr 0.0127522, auxiliary lr 0.000255044
iter 640: loss 5.4044, time 914.23ms, mfu 73.64%, matrix lr 0.0123014, auxiliary lr 0.000246027
iter 650: loss 5.4503, time 914.57ms, mfu 73.64%, matrix lr 0.0118556, auxiliary lr 0.000237113
iter 660: loss 5.4569, time 914.22ms, mfu 73.64%, matrix lr 0.0114156, auxiliary lr 0.000228312
step 666: train loss 5.4955, val loss 5.5128
saving checkpoint to /shared/home/bilal.ashfaq/nanogpt-study-runs/task-2.5/static_per_matrix_sgdm_gpt2-124m_lr0.03_mom0.99_wd0.1_seed1337_scalestatic-658ea6e7df4d
iter 670: loss 5.4553, time 913.05ms, mfu 73.65%, matrix lr 0.0109818, auxiliary lr 0.000219635
iter 680: loss 5.5093, time 912.29ms, mfu 73.67%, matrix lr 0.0105547, auxiliary lr 0.000211094
iter 690: loss 5.2269, time 914.12ms, mfu 73.66%, matrix lr 0.0101348, auxiliary lr 0.000202697
iter 700: loss 5.3656, time 914.12ms, mfu 73.66%, matrix lr 0.00972278, auxiliary lr 0.000194456
iter 710: loss 5.6526, time 913.86ms, mfu 73.66%, matrix lr 0.00931899, auxiliary lr 0.00018638
iter 720: loss 5.4121, time 912.98ms, mfu 73.67%, matrix lr 0.00892397, auxiliary lr 0.000178479
iter 730: loss 5.4191, time 914.08ms, mfu 73.67%, matrix lr 0.00853821, auxiliary lr 0.000170764
iter 740: loss 5.6145, time 914.36ms, mfu 73.67%, matrix lr 0.00816216, auxiliary lr 0.000163243
iter 750: loss 5.4318, time 914.01ms, mfu 73.67%, matrix lr 0.00779629, auxiliary lr 0.000155926
iter 760: loss 5.4136, time 914.33ms, mfu 73.66%, matrix lr 0.00744106, auxiliary lr 0.000148821
iter 770: loss 5.5604, time 914.24ms, mfu 73.66%, matrix lr 0.00709688, auxiliary lr 0.000141938
iter 780: loss 5.5299, time 914.33ms, mfu 73.66%, matrix lr 0.00676419, auxiliary lr 0.000135284
iter 790: loss 5.3868, time 914.27ms, mfu 73.66%, matrix lr 0.00644338, auxiliary lr 0.000128868
iter 800: loss 5.4543, time 914.43ms, mfu 73.66%, matrix lr 0.00613485, auxiliary lr 0.000122697
iter 810: loss 5.5396, time 914.44ms, mfu 73.65%, matrix lr 0.00583898, auxiliary lr 0.00011678
iter 820: loss 5.5850, time 914.43ms, mfu 73.65%, matrix lr 0.00555613, auxiliary lr 0.000111123
iter 830: loss 5.5466, time 913.85ms, mfu 73.65%, matrix lr 0.00528664, auxiliary lr 0.000105733
iter 840: loss 5.4689, time 914.36ms, mfu 73.65%, matrix lr 0.00503084, auxiliary lr 0.000100617
iter 850: loss 5.4031, time 913.36ms, mfu 73.66%, matrix lr 0.00478905, auxiliary lr 9.5781e-05
iter 860: loss 5.4033, time 914.61ms, mfu 73.65%, matrix lr 0.00456156, auxiliary lr 9.12311e-05
iter 870: loss 5.3467, time 913.97ms, mfu 73.66%, matrix lr 0.00434864, auxiliary lr 8.69728e-05
iter 880: loss 5.5706, time 914.25ms, mfu 73.65%, matrix lr 0.00415056, auxiliary lr 8.30113e-05
iter 890: loss 5.6916, time 914.68ms, mfu 73.65%, matrix lr 0.00396756, auxiliary lr 7.93513e-05
iter 900: loss 5.4359, time 914.24ms, mfu 73.65%, matrix lr 0.00379987, auxiliary lr 7.59974e-05
iter 910: loss 5.3756, time 914.33ms, mfu 73.65%, matrix lr 0.00364768, auxiliary lr 7.29536e-05
iter 920: loss 5.5595, time 913.87ms, mfu 73.65%, matrix lr 0.00351119, auxiliary lr 7.02237e-05
iter 930: loss 5.4267, time 914.13ms, mfu 73.65%, matrix lr 0.00339055, auxiliary lr 6.7811e-05
iter 940: loss 5.5803, time 914.36ms, mfu 73.65%, matrix lr 0.00328592, auxiliary lr 6.57185e-05
iter 950: loss 5.6168, time 914.32ms, mfu 73.65%, matrix lr 0.00319743, auxiliary lr 6.39486e-05
iter 960: loss 5.5589, time 914.02ms, mfu 73.65%, matrix lr 0.00312518, auxiliary lr 6.25036e-05
iter 970: loss 5.3316, time 914.41ms, mfu 73.65%, matrix lr 0.00306926, auxiliary lr 6.13853e-05
iter 980: loss 5.5229, time 914.24ms, mfu 73.65%, matrix lr 0.00302975, auxiliary lr 6.05949e-05
iter 990: loss 5.3704, time 914.41ms, mfu 73.65%, matrix lr 0.00300668, auxiliary lr 6.01335e-05
step 999: train loss 5.4514, val loss 5.4473
saving checkpoint to /shared/home/bilal.ashfaq/nanogpt-study-runs/task-2.5/static_per_matrix_sgdm_gpt2-124m_lr0.03_mom0.99_wd0.1_seed1337_scalestatic-658ea6e7df4d
Launching: torchrun --standalone --nproc_per_node=2 train.py config/task_2_4_static.py --out_dir=/shared/home/bilal.ashfaq/nanogpt-study-runs/task-2.5/static_per_matrix_sgdm_gpt2-124m_lr0.03_mom0.99_wd0.1_seed1337_scalestatic-2633929b6baf --optimizer_name=static_per_matrix_sgdm --seed=1337 --max_iters=999 --init_from=scratch --matrix_learning_rate=0.03 --matrix_momentum=0.99 --static_default_multiplier=1.0 --static_exact_parameter_multipliers={} --static_matrix_type_multipliers={'attention_output': 0.5, 'attention_qkv': 0.5, 'mlp_input': 2.0, 'mlp_output': 2.0}
Overriding config with config/task_2_4_static.py:
# Task 2.4 reuses every common Task 1.6 control. Candidate-specific static
# settings are supplied only by the materialized, reviewed manifest.
with open('config/task_1_6_baseline.py', encoding='utf-8') as base_config_file:
    exec(base_config_file.read())

optimizer_name = 'static_per_matrix_sgdm'
static_default_multiplier = 1.0
static_matrix_type_multipliers = {}
static_exact_parameter_multipliers = {}

Overriding: out_dir = /shared/home/bilal.ashfaq/nanogpt-study-runs/task-2.5/static_per_matrix_sgdm_gpt2-124m_lr0.03_mom0.99_wd0.1_seed1337_scalestatic-2633929b6baf
Overriding: optimizer_name = static_per_matrix_sgdm
Overriding: seed = 1337
Overriding: max_iters = 999
Overriding: init_from = scratch
Overriding: matrix_learning_rate = 0.03
Overriding: matrix_momentum = 0.99
Overriding: static_default_multiplier = 1.0
Overriding: static_exact_parameter_multipliers = {}
Overriding: static_matrix_type_multipliers = {'attention_output': 0.5, 'attention_qkv': 0.5, 'mlp_input': 2.0, 'mlp_output': 2.0}
Overriding config with config/task_2_4_static.py:
# Task 2.4 reuses every common Task 1.6 control. Candidate-specific static
# settings are supplied only by the materialized, reviewed manifest.
with open('config/task_1_6_baseline.py', encoding='utf-8') as base_config_file:
    exec(base_config_file.read())

optimizer_name = 'static_per_matrix_sgdm'
static_default_multiplier = 1.0
static_matrix_type_multipliers = {}
static_exact_parameter_multipliers = {}

Overriding: out_dir = /shared/home/bilal.ashfaq/nanogpt-study-runs/task-2.5/static_per_matrix_sgdm_gpt2-124m_lr0.03_mom0.99_wd0.1_seed1337_scalestatic-2633929b6baf
Overriding: optimizer_name = static_per_matrix_sgdm
Overriding: seed = 1337
Overriding: max_iters = 999
Overriding: init_from = scratch
Overriding: matrix_learning_rate = 0.03
Overriding: matrix_momentum = 0.99
Overriding: static_default_multiplier = 1.0
Overriding: static_exact_parameter_multipliers = {}
Overriding: static_matrix_type_multipliers = {'attention_output': 0.5, 'attention_qkv': 0.5, 'mlp_input': 2.0, 'mlp_output': 2.0}
tokens per iteration will be: 491,520
Initializing a new model from scratch
defaulting to vocab_size of GPT-2 to 50304 (50257 rounded up for efficiency)
tokens per iteration will be: 491,520
Initializing a new model from scratch
defaulting to vocab_size of GPT-2 to 50304 (50257 rounded up for efficiency)
number of parameters: 123.59M
number of parameters: 123.59M
using fused auxiliary AdamW: True
using fused auxiliary AdamW: True
optimizer parameter audit:
{
  "parameters": [
    {
      "group": "eligible_matrix",
      "name": "transformer.h.0.attn.c_attn.weight",
      "optimizer": "static_per_matrix_sgdm",
      "parameter_count": 1769472,
      "shape": [
        2304,
        768
      ],
      "weight_decay": 0.1,
      "weight_decay_semantics": "decoupled",
      "weight_decay_treatment": "decay"
    },
    {
      "group": "eligible_matrix",
      "name": "transformer.h.0.attn.c_proj.weight",
      "optimizer": "static_per_matrix_sgdm",
      "parameter_count": 589824,
      "shape": [
        768,
        768
      ],
      "weight_decay": 0.1,
      "weight_decay_semantics": "decoupled",
      "weight_decay_treatment": "decay"
    },
    {
      "group": "auxiliary",
      "name": "transformer.h.0.ln_1.weight",
      "optimizer": "adamw",
      "parameter_count": 768,
      "shape": [
        768
      ],
      "weight_decay": 0.0,
      "weight_decay_semantics": "adamw_decoupled",
      "weight_decay_treatment": "no_decay"
    },
    {
      "group": "auxiliary",
      "name": "transformer.h.0.ln_2.weight",
      "optimizer": "adamw",
      "parameter_count": 768,
      "shape": [
        768
      ],
      "weight_decay": 0.0,
      "weight_decay_semantics": "adamw_decoupled",
      "weight_decay_treatment": "no_decay"
    },
    {
      "group": "eligible_matrix",
      "name": "transformer.h.0.mlp.c_fc.weight",
      "optimizer": "static_per_matrix_sgdm",
      "parameter_count": 2359296,
      "shape": [
        3072,
        768
      ],
      "weight_decay": 0.1,
      "weight_decay_semantics": "decoupled",
      "weight_decay_treatment": "decay"
    },
    {
      "group": "eligible_matrix",
      "name": "transformer.h.0.mlp.c_proj.weight",
      "optimizer": "static_per_matrix_sgdm",
      "parameter_count": 2359296,
      "shape": [
        768,
        3072
      ],
      "weight_decay": 0.1,
      "weight_decay_semantics": "decoupled",
      "weight_decay_treatment": "decay"
    },
    {
      "group": "eligible_matrix",
      "name": "transformer.h.1.attn.c_attn.weight",
      "optimizer": "static_per_matrix_sgdm",
      "parameter_count": 1769472,
      "shape": [
        2304,
        768
      ],
      "weight_decay": 0.1,
      "weight_decay_semantics": "decoupled",
      "weight_decay_treatment": "decay"
    },
    {
      "group": "eligible_matrix",
      "name": "transformer.h.1.attn.c_proj.weight",
      "optimizer": "static_per_matrix_sgdm",
      "parameter_count": 589824,
      "shape": [
        768,
        768
      ],
      "weight_decay": 0.1,
      "weight_decay_semantics": "decoupled",
      "weight_decay_treatment": "decay"
    },
    {
      "group": "auxiliary",
      "name": "transformer.h.1.ln_1.weight",
      "optimizer": "adamw",
      "parameter_count": 768,
      "shape": [
        768
      ],
      "weight_decay": 0.0,
      "weight_decay_semantics": "adamw_decoupled",
      "weight_decay_treatment": "no_decay"
    },
    {
      "group": "auxiliary",
      "name": "transformer.h.1.ln_2.weight",
      "optimizer": "adamw",
      "parameter_count": 768,
      "shape": [
        768
      ],
      "weight_decay": 0.0,
      "weight_decay_semantics": "adamw_decoupled",
      "weight_decay_treatment": "no_decay"
    },
    {
      "group": "eligible_matrix",
      "name": "transformer.h.1.mlp.c_fc.weight",
      "optimizer": "static_per_matrix_sgdm",
      "parameter_count": 2359296,
      "shape": [
        3072,
        768
      ],
      "weight_decay": 0.1,
      "weight_decay_semantics": "decoupled",
      "weight_decay_treatment": "decay"
    },
    {
      "group": "eligible_matrix",
      "name": "transformer.h.1.mlp.c_proj.weight",
      "optimizer": "static_per_matrix_sgdm",
      "parameter_count": 2359296,
      "shape": [
        768,
        3072
      ],
      "weight_decay": 0.1,
      "weight_decay_semantics": "decoupled",
      "weight_decay_treatment": "decay"
    },
    {
      "group": "eligible_matrix",
      "name": "transformer.h.10.attn.c_attn.weight",
      "optimizer": "static_per_matrix_sgdm",
      "parameter_count": 1769472,
      "shape": [
        2304,
        768
      ],
      "weight_decay": 0.1,
      "weight_decay_semantics": "decoupled",
      "weight_decay_treatment": "decay"
    },
    {
      "group": "eligible_matrix",
      "name": "transformer.h.10.attn.c_proj.weight",
      "optimizer": "static_per_matrix_sgdm",
      "parameter_count": 589824,
      "shape": [
        768,
        768
      ],
      "weight_decay": 0.1,
      "weight_decay_semantics": "decoupled",
      "weight_decay_treatment": "decay"
    },
    {
      "group": "auxiliary",
      "name": "transformer.h.10.ln_1.weight",
      "optimizer": "adamw",
      "parameter_count": 768,
      "shape": [
        768
      ],
      "weight_decay": 0.0,
      "weight_decay_semantics": "adamw_decoupled",
      "weight_decay_treatment": "no_decay"
    },
    {
      "group": "auxiliary",
      "name": "transformer.h.10.ln_2.weight",
      "optimizer": "adamw",
      "parameter_count": 768,
      "shape": [
        768
      ],
      "weight_decay": 0.0,
      "weight_decay_semantics": "adamw_decoupled",
      "weight_decay_treatment": "no_decay"
    },
    {
      "group": "eligible_matrix",
      "name": "transformer.h.10.mlp.c_fc.weight",
      "optimizer": "static_per_matrix_sgdm",
      "parameter_count": 2359296,
      "shape": [
        3072,
        768
      ],
      "weight_decay": 0.1,
      "weight_decay_semantics": "decoupled",
      "weight_decay_treatment": "decay"
    },
    {
      "group": "eligible_matrix",
      "name": "transformer.h.10.mlp.c_proj.weight",
      "optimizer": "static_per_matrix_sgdm",
      "parameter_count": 2359296,
      "shape": [
        768,
        3072
      ],
      "weight_decay": 0.1,
      "weight_decay_semantics": "decoupled",
      "weight_decay_treatment": "decay"
    },
    {
      "group": "eligible_matrix",
      "name": "transformer.h.11.attn.c_attn.weight",
      "optimizer": "static_per_matrix_sgdm",
      "parameter_count": 1769472,
      "shape": [
        2304,
        768
      ],
      "weight_decay": 0.1,
      "weight_decay_semantics": "decoupled",
      "weight_decay_treatment": "decay"
    },
    {
      "group": "eligible_matrix",
      "name": "transformer.h.11.attn.c_proj.weight",
      "optimizer": "static_per_matrix_sgdm",
      "parameter_count": 589824,
      "shape": [
        768,
        768
      ],
      "weight_decay": 0.1,
      "weight_decay_semantics": "decoupled",
      "weight_decay_treatment": "decay"
    },
    {
      "group": "auxiliary",
      "name": "transformer.h.11.ln_1.weight",
      "optimizer": "adamw",
      "parameter_count": 768,
      "shape": [
        768
      ],
      "weight_decay": 0.0,
      "weight_decay_semantics": "adamw_decoupled",
      "weight_decay_treatment": "no_decay"
    },
    {
      "group": "auxiliary",
      "name": "transformer.h.11.ln_2.weight",
      "optimizer": "adamw",
      "parameter_count": 768,
      "shape": [
        768
      ],
      "weight_decay": 0.0,
      "weight_decay_semantics": "adamw_decoupled",
      "weight_decay_treatment": "no_decay"
    },
    {
      "group": "eligible_matrix",
      "name": "transformer.h.11.mlp.c_fc.weight",
      "optimizer": "static_per_matrix_sgdm",
      "parameter_count": 2359296,
      "shape": [
        3072,
        768
      ],
      "weight_decay": 0.1,
      "weight_decay_semantics": "decoupled",
      "weight_decay_treatment": "decay"
    },
    {
      "group": "eligible_matrix",
      "name": "transformer.h.11.mlp.c_proj.weight",
      "optimizer": "static_per_matrix_sgdm",
      "parameter_count": 2359296,
      "shape": [
        768,
        3072
      ],
      "weight_decay": 0.1,
      "weight_decay_semantics": "decoupled",
      "weight_decay_treatment": "decay"
    },
    {
      "group": "eligible_matrix",
      "name": "transformer.h.2.attn.c_attn.weight",
      "optimizer": "static_per_matrix_sgdm",
      "parameter_count": 1769472,
      "shape": [
        2304,
        768
      ],
      "weight_decay": 0.1,
      "weight_decay_semantics": "decoupled",
      "weight_decay_treatment": "decay"
    },
    {
      "group": "eligible_matrix",
      "name": "transformer.h.2.attn.c_proj.weight",
      "optimizer": "static_per_matrix_sgdm",
      "parameter_count": 589824,
      "shape": [
        768,
        768
      ],
      "weight_decay": 0.1,
      "weight_decay_semantics": "decoupled",
      "weight_decay_treatment": "decay"
    },
    {
      "group": "auxiliary",
      "name": "transformer.h.2.ln_1.weight",
      "optimizer": "adamw",
      "parameter_count": 768,
      "shape": [
        768
      ],
      "weight_decay": 0.0,
      "weight_decay_semantics": "adamw_decoupled",
      "weight_decay_treatment": "no_decay"
    },
    {
      "group": "auxiliary",
      "name": "transformer.h.2.ln_2.weight",
      "optimizer": "adamw",
      "parameter_count": 768,
      "shape": [
        768
      ],
      "weight_decay": 0.0,
      "weight_decay_semantics": "adamw_decoupled",
      "weight_decay_treatment": "no_decay"
    },
    {
      "group": "eligible_matrix",
      "name": "transformer.h.2.mlp.c_fc.weight",
      "optimizer": "static_per_matrix_sgdm",
      "parameter_count": 2359296,
      "shape": [
        3072,
        768
      ],
      "weight_decay": 0.1,
      "weight_decay_semantics": "decoupled",
      "weight_decay_treatment": "decay"
    },
    {
      "group": "eligible_matrix",
      "name": "transformer.h.2.mlp.c_proj.weight",
      "optimizer": "static_per_matrix_sgdm",
      "parameter_count": 2359296,
      "shape": [
        768,
        3072
      ],
      "weight_decay": 0.1,
      "weight_decay_semantics": "decoupled",
      "weight_decay_treatment": "decay"
    },
    {
      "group": "eligible_matrix",
      "name": "transformer.h.3.attn.c_attn.weight",
      "optimizer": "static_per_matrix_sgdm",
      "parameter_count": 1769472,
      "shape": [
        2304,
        768
      ],
      "weight_decay": 0.1,
      "weight_decay_semantics": "decoupled",
      "weight_decay_treatment": "decay"
    },
    {
      "group": "eligible_matrix",
      "name": "transformer.h.3.attn.c_proj.weight",
      "optimizer": "static_per_matrix_sgdm",
      "parameter_count": 589824,
      "shape": [
        768,
        768
      ],
      "weight_decay": 0.1,
      "weight_decay_semantics": "decoupled",
      "weight_decay_treatment": "decay"
    },
    {
      "group": "auxiliary",
      "name": "transformer.h.3.ln_1.weight",
      "optimizer": "adamw",
      "parameter_count": 768,
      "shape": [
        768
      ],
      "weight_decay": 0.0,
      "weight_decay_semantics": "adamw_decoupled",
      "weight_decay_treatment": "no_decay"
    },
    {
      "group": "auxiliary",
      "name": "transformer.h.3.ln_2.weight",
      "optimizer": "adamw",
      "parameter_count": 768,
      "shape": [
        768
      ],
      "weight_decay": 0.0,
      "weight_decay_semantics": "adamw_decoupled",
      "weight_decay_treatment": "no_decay"
    },
    {
      "group": "eligible_matrix",
      "name": "transformer.h.3.mlp.c_fc.weight",
      "optimizer": "static_per_matrix_sgdm",
      "parameter_count": 2359296,
      "shape": [
        3072,
        768
      ],
      "weight_decay": 0.1,
      "weight_decay_semantics": "decoupled",
      "weight_decay_treatment": "decay"
    },
    {
      "group": "eligible_matrix",
      "name": "transformer.h.3.mlp.c_proj.weight",
      "optimizer": "static_per_matrix_sgdm",
      "parameter_count": 2359296,
      "shape": [
        768,
        3072
      ],
      "weight_decay": 0.1,
      "weight_decay_semantics": "decoupled",
      "weight_decay_treatment": "decay"
    },
    {
      "group": "eligible_matrix",
      "name": "transformer.h.4.attn.c_attn.weight",
      "optimizer": "static_per_matrix_sgdm",
      "parameter_count": 1769472,
      "shape": [
        2304,
        768
      ],
      "weight_decay": 0.1,
      "weight_decay_semantics": "decoupled",
      "weight_decay_treatment": "decay"
    },
    {
      "group": "eligible_matrix",
      "name": "transformer.h.4.attn.c_proj.weight",
      "optimizer": "static_per_matrix_sgdm",
      "parameter_count": 589824,
      "shape": [
        768,
        768
      ],
      "weight_decay": 0.1,
      "weight_decay_semantics": "decoupled",
      "weight_decay_treatment": "decay"
    },
    {
      "group": "auxiliary",
      "name": "transformer.h.4.ln_1.weight",
      "optimizer": "adamw",
      "parameter_count": 768,
      "shape": [
        768
      ],
      "weight_decay": 0.0,
      "weight_decay_semantics": "adamw_decoupled",
      "weight_decay_treatment": "no_decay"
    },
    {
      "group": "auxiliary",
      "name": "transformer.h.4.ln_2.weight",
      "optimizer": "adamw",
      "parameter_count": 768,
      "shape": [
        768
      ],
      "weight_decay": 0.0,
      "weight_decay_semantics": "adamw_decoupled",
      "weight_decay_treatment": "no_decay"
    },
    {
      "group": "eligible_matrix",
      "name": "transformer.h.4.mlp.c_fc.weight",
      "optimizer": "static_per_matrix_sgdm",
      "parameter_count": 2359296,
      "shape": [
        3072,
        768
      ],
      "weight_decay": 0.1,
      "weight_decay_semantics": "decoupled",
      "weight_decay_treatment": "decay"
    },
    {
      "group": "eligible_matrix",
      "name": "transformer.h.4.mlp.c_proj.weight",
      "optimizer": "static_per_matrix_sgdm",
      "parameter_count": 2359296,
      "shape": [
        768,
        3072
      ],
      "weight_decay": 0.1,
      "weight_decay_semantics": "decoupled",
      "weight_decay_treatment": "decay"
    },
    {
      "group": "eligible_matrix",
      "name": "transformer.h.5.attn.c_attn.weight",
      "optimizer": "static_per_matrix_sgdm",
      "parameter_count": 1769472,
      "shape": [
        2304,
        768
      ],
      "weight_decay": 0.1,
      "weight_decay_semantics": "decoupled",
      "weight_decay_treatment": "decay"
    },
    {
      "group": "eligible_matrix",
      "name": "transformer.h.5.attn.c_proj.weight",
      "optimizer": "static_per_matrix_sgdm",
      "parameter_count": 589824,
      "shape": [
        768,
        768
      ],
      "weight_decay": 0.1,
      "weight_decay_semantics": "decoupled",
      "weight_decay_treatment": "decay"
    },
    {
      "group": "auxiliary",
      "name": "transformer.h.5.ln_1.weight",
      "optimizer": "adamw",
      "parameter_count": 768,
      "shape": [
        768
      ],
      "weight_decay": 0.0,
      "weight_decay_semantics": "adamw_decoupled",
      "weight_decay_treatment": "no_decay"
    },
    {
      "group": "auxiliary",
      "name": "transformer.h.5.ln_2.weight",
      "optimizer": "adamw",
      "parameter_count": 768,
      "shape": [
        768
      ],
      "weight_decay": 0.0,
      "weight_decay_semantics": "adamw_decoupled",
      "weight_decay_treatment": "no_decay"
    },
    {
      "group": "eligible_matrix",
      "name": "transformer.h.5.mlp.c_fc.weight",
      "optimizer": "static_per_matrix_sgdm",
      "parameter_count": 2359296,
      "shape": [
        3072,
        768
      ],
      "weight_decay": 0.1,
      "weight_decay_semantics": "decoupled",
      "weight_decay_treatment": "decay"
    },
    {
      "group": "eligible_matrix",
      "name": "transformer.h.5.mlp.c_proj.weight",
      "optimizer": "static_per_matrix_sgdm",
      "parameter_count": 2359296,
      "shape": [
        768,
        3072
      ],
      "weight_decay": 0.1,
      "weight_decay_semantics": "decoupled",
      "weight_decay_treatment": "decay"
    },
    {
      "group": "eligible_matrix",
      "name": "transformer.h.6.attn.c_attn.weight",
      "optimizer": "static_per_matrix_sgdm",
      "parameter_count": 1769472,
      "shape": [
        2304,
        768
      ],
      "weight_decay": 0.1,
      "weight_decay_semantics": "decoupled",
      "weight_decay_treatment": "decay"
    },
    {
      "group": "eligible_matrix",
      "name": "transformer.h.6.attn.c_proj.weight",
      "optimizer": "static_per_matrix_sgdm",
      "parameter_count": 589824,
      "shape": [
        768,
        768
      ],
      "weight_decay": 0.1,
      "weight_decay_semantics": "decoupled",
      "weight_decay_treatment": "decay"
    },
    {
      "group": "auxiliary",
      "name": "transformer.h.6.ln_1.weight",
      "optimizer": "adamw",
      "parameter_count": 768,
      "shape": [
        768
      ],
      "weight_decay": 0.0,
      "weight_decay_semantics": "adamw_decoupled",
      "weight_decay_treatment": "no_decay"
    },
    {
      "group": "auxiliary",
      "name": "transformer.h.6.ln_2.weight",
      "optimizer": "adamw",
      "parameter_count": 768,
      "shape": [
        768
      ],
      "weight_decay": 0.0,
      "weight_decay_semantics": "adamw_decoupled",
      "weight_decay_treatment": "no_decay"
    },
    {
      "group": "eligible_matrix",
      "name": "transformer.h.6.mlp.c_fc.weight",
      "optimizer": "static_per_matrix_sgdm",
      "parameter_count": 2359296,
      "shape": [
        3072,
        768
      ],
      "weight_decay": 0.1,
      "weight_decay_semantics": "decoupled",
      "weight_decay_treatment": "decay"
    },
    {
      "group": "eligible_matrix",
      "name": "transformer.h.6.mlp.c_proj.weight",
      "optimizer": "static_per_matrix_sgdm",
      "parameter_count": 2359296,
      "shape": [
        768,
        3072
      ],
      "weight_decay": 0.1,
      "weight_decay_semantics": "decoupled",
      "weight_decay_treatment": "decay"
    },
    {
      "group": "eligible_matrix",
      "name": "transformer.h.7.attn.c_attn.weight",
      "optimizer": "static_per_matrix_sgdm",
      "parameter_count": 1769472,
      "shape": [
        2304,
        768
      ],
      "weight_decay": 0.1,
      "weight_decay_semantics": "decoupled",
      "weight_decay_treatment": "decay"
    },
    {
      "group": "eligible_matrix",
      "name": "transformer.h.7.attn.c_proj.weight",
      "optimizer": "static_per_matrix_sgdm",
      "parameter_count": 589824,
      "shape": [
        768,
        768
      ],
      "weight_decay": 0.1,
      "weight_decay_semantics": "decoupled",
      "weight_decay_treatment": "decay"
    },
    {
      "group": "auxiliary",
      "name": "transformer.h.7.ln_1.weight",
      "optimizer": "adamw",
      "parameter_count": 768,
      "shape": [
        768
      ],
      "weight_decay": 0.0,
      "weight_decay_semantics": "adamw_decoupled",
      "weight_decay_treatment": "no_decay"
    },
    {
      "group": "auxiliary",
      "name": "transformer.h.7.ln_2.weight",
      "optimizer": "adamw",
      "parameter_count": 768,
      "shape": [
        768
      ],
      "weight_decay": 0.0,
      "weight_decay_semantics": "adamw_decoupled",
      "weight_decay_treatment": "no_decay"
    },
    {
      "group": "eligible_matrix",
      "name": "transformer.h.7.mlp.c_fc.weight",
      "optimizer": "static_per_matrix_sgdm",
      "parameter_count": 2359296,
      "shape": [
        3072,
        768
      ],
      "weight_decay": 0.1,
      "weight_decay_semantics": "decoupled",
      "weight_decay_treatment": "decay"
    },
    {
      "group": "eligible_matrix",
      "name": "transformer.h.7.mlp.c_proj.weight",
      "optimizer": "static_per_matrix_sgdm",
      "parameter_count": 2359296,
      "shape": [
        768,
        3072
      ],
      "weight_decay": 0.1,
      "weight_decay_semantics": "decoupled",
      "weight_decay_treatment": "decay"
    },
    {
      "group": "eligible_matrix",
      "name": "transformer.h.8.attn.c_attn.weight",
      "optimizer": "static_per_matrix_sgdm",
      "parameter_count": 1769472,
      "shape": [
        2304,
        768
      ],
      "weight_decay": 0.1,
      "weight_decay_semantics": "decoupled",
      "weight_decay_treatment": "decay"
    },
    {
      "group": "eligible_matrix",
      "name": "transformer.h.8.attn.c_proj.weight",
      "optimizer": "static_per_matrix_sgdm",
      "parameter_count": 589824,
      "shape": [
        768,
        768
      ],
      "weight_decay": 0.1,
      "weight_decay_semantics": "decoupled",
      "weight_decay_treatment": "decay"
    },
    {
      "group": "auxiliary",
      "name": "transformer.h.8.ln_1.weight",
      "optimizer": "adamw",
      "parameter_count": 768,
      "shape": [
        768
      ],
      "weight_decay": 0.0,
      "weight_decay_semantics": "adamw_decoupled",
      "weight_decay_treatment": "no_decay"
    },
    {
      "group": "auxiliary",
      "name": "transformer.h.8.ln_2.weight",
      "optimizer": "adamw",
      "parameter_count": 768,
      "shape": [
        768
      ],
      "weight_decay": 0.0,
      "weight_decay_semantics": "adamw_decoupled",
      "weight_decay_treatment": "no_decay"
    },
    {
      "group": "eligible_matrix",
      "name": "transformer.h.8.mlp.c_fc.weight",
      "optimizer": "static_per_matrix_sgdm",
      "parameter_count": 2359296,
      "shape": [
        3072,
        768
      ],
      "weight_decay": 0.1,
      "weight_decay_semantics": "decoupled",
      "weight_decay_treatment": "decay"
    },
    {
      "group": "eligible_matrix",
      "name": "transformer.h.8.mlp.c_proj.weight",
      "optimizer": "static_per_matrix_sgdm",
      "parameter_count": 2359296,
      "shape": [
        768,
        3072
      ],
      "weight_decay": 0.1,
      "weight_decay_semantics": "decoupled",
      "weight_decay_treatment": "decay"
    },
    {
      "group": "eligible_matrix",
      "name": "transformer.h.9.attn.c_attn.weight",
      "optimizer": "static_per_matrix_sgdm",
      "parameter_count": 1769472,
      "shape": [
        2304,
        768
      ],
      "weight_decay": 0.1,
      "weight_decay_semantics": "decoupled",
      "weight_decay_treatment": "decay"
    },
    {
      "group": "eligible_matrix",
      "name": "transformer.h.9.attn.c_proj.weight",
      "optimizer": "static_per_matrix_sgdm",
      "parameter_count": 589824,
      "shape": [
        768,
        768
      ],
      "weight_decay": 0.1,
      "weight_decay_semantics": "decoupled",
      "weight_decay_treatment": "decay"
    },
    {
      "group": "auxiliary",
      "name": "transformer.h.9.ln_1.weight",
      "optimizer": "adamw",
      "parameter_count": 768,
      "shape": [
        768
      ],
      "weight_decay": 0.0,
      "weight_decay_semantics": "adamw_decoupled",
      "weight_decay_treatment": "no_decay"
    },
    {
      "group": "auxiliary",
      "name": "transformer.h.9.ln_2.weight",
      "optimizer": "adamw",
      "parameter_count": 768,
      "shape": [
        768
      ],
      "weight_decay": 0.0,
      "weight_decay_semantics": "adamw_decoupled",
      "weight_decay_treatment": "no_decay"
    },
    {
      "group": "eligible_matrix",
      "name": "transformer.h.9.mlp.c_fc.weight",
      "optimizer": "static_per_matrix_sgdm",
      "parameter_count": 2359296,
      "shape": [
        3072,
        768
      ],
      "weight_decay": 0.1,
      "weight_decay_semantics": "decoupled",
      "weight_decay_treatment": "decay"
    },
    {
      "group": "eligible_matrix",
      "name": "transformer.h.9.mlp.c_proj.weight",
      "optimizer": "static_per_matrix_sgdm",
      "parameter_count": 2359296,
      "shape": [
        768,
        3072
      ],
      "weight_decay": 0.1,
      "weight_decay_semantics": "decoupled",
      "weight_decay_treatment": "decay"
    },
    {
      "group": "auxiliary",
      "name": "transformer.ln_f.weight",
      "optimizer": "adamw",
      "parameter_count": 768,
      "shape": [
        768
      ],
      "weight_decay": 0.0,
      "weight_decay_semantics": "adamw_decoupled",
      "weight_decay_treatment": "no_decay"
    },
    {
      "group": "auxiliary",
      "name": "transformer.wpe.weight",
      "optimizer": "adamw",
      "parameter_count": 786432,
      "shape": [
        1024,
        768
      ],
      "weight_decay": 0.1,
      "weight_decay_semantics": "adamw_decoupled",
      "weight_decay_treatment": "decay"
    },
    {
      "group": "auxiliary",
      "name": "transformer.wte.weight",
      "optimizer": "adamw",
      "parameter_count": 38633472,
      "shape": [
        50304,
        768
      ],
      "weight_decay": 0.1,
      "weight_decay_semantics": "adamw_decoupled",
      "weight_decay_treatment": "decay"
    }
  ],
  "tied_parameters": {
    "aliases": [
      "transformer.wte.weight",
      "lm_head.weight"
    ],
    "assignment": "auxiliary",
    "canonical_name": "transformer.wte.weight",
    "counted_once": true,
    "optimizer": "adamw"
  },
  "totals": {
    "parameter_count": 124373760,
    "parameter_tensors": 75
  }
}
compiling the model... (takes a ~minute)
compiling the model... (takes a ~minute)
step 0: train loss 10.9886, val loss 10.9897
iter 0: loss 10.9734, time 16283.67ms, mfu -100.00%, matrix lr 0.00029703, auxiliary lr 5.94059e-06
iter 10: loss 10.7377, time 910.55ms, mfu 73.94%, matrix lr 0.00326733, auxiliary lr 6.53465e-05
iter 20: loss 9.9707, time 909.93ms, mfu 73.95%, matrix lr 0.00623762, auxiliary lr 0.000124752
iter 30: loss 8.7582, time 910.13ms, mfu 73.95%, matrix lr 0.00920792, auxiliary lr 0.000184158
iter 40: loss 8.0017, time 910.20ms, mfu 73.95%, matrix lr 0.0121782, auxiliary lr 0.000243564
iter 50: loss 7.5688, time 910.60ms, mfu 73.95%, matrix lr 0.0151485, auxiliary lr 0.00030297
iter 60: loss 7.4452, time 912.72ms, mfu 73.93%, matrix lr 0.0181188, auxiliary lr 0.000362376
iter 70: loss 7.3595, time 912.55ms, mfu 73.92%, matrix lr 0.0210891, auxiliary lr 0.000421782
iter 80: loss 7.1589, time 912.36ms, mfu 73.91%, matrix lr 0.0240594, auxiliary lr 0.000481188
iter 90: loss 7.0847, time 913.02ms, mfu 73.89%, matrix lr 0.0270297, auxiliary lr 0.000540594
iter 100: loss 6.6952, time 912.67ms, mfu 73.88%, matrix lr 0.03, auxiliary lr 0.0006
iter 110: loss 6.2858, time 914.05ms, mfu 73.86%, matrix lr 0.0299918, auxiliary lr 0.000599835
iter 120: loss 6.3163, time 914.17ms, mfu 73.84%, matrix lr 0.029967, auxiliary lr 0.000599341
iter 130: loss 6.1966, time 914.16ms, mfu 73.82%, matrix lr 0.0299259, auxiliary lr 0.000598518
iter 140: loss 6.2303, time 914.22ms, mfu 73.80%, matrix lr 0.0298683, auxiliary lr 0.000597367
iter 150: loss 6.0334, time 914.30ms, mfu 73.78%, matrix lr 0.0297944, auxiliary lr 0.000595889
iter 160: loss 6.0832, time 914.08ms, mfu 73.77%, matrix lr 0.0297043, auxiliary lr 0.000594087
iter 170: loss 5.8958, time 914.00ms, mfu 73.76%, matrix lr 0.0295981, auxiliary lr 0.000591962
iter 180: loss 5.8501, time 914.29ms, mfu 73.75%, matrix lr 0.0294759, auxiliary lr 0.000589518
iter 190: loss 5.6916, time 914.00ms, mfu 73.74%, matrix lr 0.0293378, auxiliary lr 0.000586756
iter 200: loss 5.8184, time 914.24ms, mfu 73.73%, matrix lr 0.0291841, auxiliary lr 0.000583681
iter 210: loss 5.6665, time 914.24ms, mfu 73.72%, matrix lr 0.0290148, auxiliary lr 0.000580296
iter 220: loss 5.7558, time 914.02ms, mfu 73.72%, matrix lr 0.0288303, auxiliary lr 0.000576606
iter 230: loss 5.6464, time 914.51ms, mfu 73.71%, matrix lr 0.0286307, auxiliary lr 0.000572615
iter 240: loss 5.7439, time 913.09ms, mfu 73.71%, matrix lr 0.0284163, auxiliary lr 0.000568327
iter 250: loss 5.5999, time 914.22ms, mfu 73.70%, matrix lr 0.0281874, auxiliary lr 0.000563748
iter 260: loss 5.6005, time 914.30ms, mfu 73.70%, matrix lr 0.0279442, auxiliary lr 0.000558884
iter 270: loss 5.6322, time 914.46ms, mfu 73.69%, matrix lr 0.027687, auxiliary lr 0.00055374
iter 280: loss 5.8322, time 914.51ms, mfu 73.68%, matrix lr 0.0274162, auxiliary lr 0.000548324
iter 290: loss 5.7328, time 914.49ms, mfu 73.68%, matrix lr 0.027132, auxiliary lr 0.00054264
iter 300: loss 5.5739, time 914.22ms, mfu 73.68%, matrix lr 0.0268349, auxiliary lr 0.000536697
iter 310: loss 5.5319, time 914.47ms, mfu 73.67%, matrix lr 0.0265251, auxiliary lr 0.000530502
iter 320: loss 5.6663, time 914.43ms, mfu 73.67%, matrix lr 0.0262031, auxiliary lr 0.000524061
iter 330: loss 5.7237, time 914.52ms, mfu 73.66%, matrix lr 0.0258692, auxiliary lr 0.000517384
step 333: train loss 5.5928, val loss 5.5918
saving checkpoint to /shared/home/bilal.ashfaq/nanogpt-study-runs/task-2.5/static_per_matrix_sgdm_gpt2-124m_lr0.03_mom0.99_wd0.1_seed1337_scalestatic-2633929b6baf
iter 340: loss 5.3824, time 912.96ms, mfu 73.67%, matrix lr 0.0255239, auxiliary lr 0.000510478
iter 350: loss 5.4358, time 913.88ms, mfu 73.67%, matrix lr 0.0251676, auxiliary lr 0.000503352
iter 360: loss 5.6067, time 913.91ms, mfu 73.67%, matrix lr 0.0248007, auxiliary lr 0.000496014
iter 370: loss 5.4951, time 914.09ms, mfu 73.67%, matrix lr 0.0244236, auxiliary lr 0.000488473
iter 380: loss 5.6258, time 914.23ms, mfu 73.67%, matrix lr 0.0240369, auxiliary lr 0.000480739
iter 390: loss 5.5760, time 914.34ms, mfu 73.66%, matrix lr 0.023641, auxiliary lr 0.00047282
iter 400: loss 5.5522, time 914.51ms, mfu 73.66%, matrix lr 0.0232364, auxiliary lr 0.000464728
iter 410: loss 5.3973, time 914.16ms, mfu 73.66%, matrix lr 0.0228235, auxiliary lr 0.00045647
iter 420: loss 5.4230, time 914.42ms, mfu 73.66%, matrix lr 0.0224029, auxiliary lr 0.000448059
iter 430: loss 5.5257, time 913.96ms, mfu 73.66%, matrix lr 0.0219751, auxiliary lr 0.000439503
iter 440: loss 5.5563, time 914.12ms, mfu 73.66%, matrix lr 0.0215407, auxiliary lr 0.000430813
iter 450: loss 5.6248, time 914.09ms, mfu 73.66%, matrix lr 0.0211, auxiliary lr 0.000422001
iter 460: loss 5.4601, time 914.18ms, mfu 73.66%, matrix lr 0.0206538, auxiliary lr 0.000413076
iter 470: loss 5.5274, time 914.15ms, mfu 73.66%, matrix lr 0.0202025, auxiliary lr 0.000404049
iter 480: loss 5.4029, time 914.18ms, mfu 73.66%, matrix lr 0.0197466, auxiliary lr 0.000394932
iter 490: loss 5.5229, time 914.47ms, mfu 73.65%, matrix lr 0.0192868, auxiliary lr 0.000385736
iter 500: loss 5.5406, time 914.04ms, mfu 73.65%, matrix lr 0.0188236, auxiliary lr 0.000376472
iter 510: loss 5.3149, time 914.04ms, mfu 73.65%, matrix lr 0.0183576, auxiliary lr 0.000367151
iter 520: loss 5.5821, time 914.43ms, mfu 73.65%, matrix lr 0.0178892, auxiliary lr 0.000357785
iter 530: loss 5.4312, time 914.06ms, mfu 73.65%, matrix lr 0.0174192, auxiliary lr 0.000348385
iter 540: loss 5.5309, time 914.61ms, mfu 73.65%, matrix lr 0.0169481, auxiliary lr 0.000338962
iter 550: loss 5.7184, time 914.42ms, mfu 73.65%, matrix lr 0.0164764, auxiliary lr 0.000329528
iter 560: loss 5.5337, time 914.51ms, mfu 73.64%, matrix lr 0.0160048, auxiliary lr 0.000320095
iter 570: loss 5.3976, time 914.75ms, mfu 73.64%, matrix lr 0.0155337, auxiliary lr 0.000310674
iter 580: loss 5.4326, time 914.28ms, mfu 73.64%, matrix lr 0.0150638, auxiliary lr 0.000301277
iter 590: loss 5.5528, time 914.70ms, mfu 73.64%, matrix lr 0.0145957, auxiliary lr 0.000291915
iter 600: loss 5.5579, time 914.20ms, mfu 73.64%, matrix lr 0.0141299, auxiliary lr 0.000282599
iter 610: loss 5.6140, time 914.20ms, mfu 73.64%, matrix lr 0.013667, auxiliary lr 0.000273341
iter 620: loss 5.6417, time 914.10ms, mfu 73.64%, matrix lr 0.0132076, auxiliary lr 0.000264152
iter 630: loss 5.4181, time 914.21ms, mfu 73.64%, matrix lr 0.0127522, auxiliary lr 0.000255044
iter 640: loss 5.3623, time 914.16ms, mfu 73.64%, matrix lr 0.0123014, auxiliary lr 0.000246027
iter 650: loss 5.4059, time 914.19ms, mfu 73.64%, matrix lr 0.0118556, auxiliary lr 0.000237113
iter 660: loss 5.4160, time 914.25ms, mfu 73.64%, matrix lr 0.0114156, auxiliary lr 0.000228312
step 666: train loss 5.4491, val loss 5.4661
saving checkpoint to /shared/home/bilal.ashfaq/nanogpt-study-runs/task-2.5/static_per_matrix_sgdm_gpt2-124m_lr0.03_mom0.99_wd0.1_seed1337_scalestatic-2633929b6baf
iter 670: loss 5.4081, time 913.05ms, mfu 73.65%, matrix lr 0.0109818, auxiliary lr 0.000219635
iter 680: loss 5.4609, time 913.66ms, mfu 73.66%, matrix lr 0.0105547, auxiliary lr 0.000211094
iter 690: loss 5.1772, time 913.40ms, mfu 73.66%, matrix lr 0.0101348, auxiliary lr 0.000202697
iter 700: loss 5.3186, time 914.21ms, mfu 73.66%, matrix lr 0.00972278, auxiliary lr 0.000194456
iter 710: loss 5.6050, time 914.27ms, mfu 73.66%, matrix lr 0.00931899, auxiliary lr 0.00018638
iter 720: loss 5.3662, time 913.18ms, mfu 73.67%, matrix lr 0.00892397, auxiliary lr 0.000178479
iter 730: loss 5.3595, time 912.82ms, mfu 73.68%, matrix lr 0.00853821, auxiliary lr 0.000170764
iter 740: loss 5.5554, time 914.30ms, mfu 73.67%, matrix lr 0.00816216, auxiliary lr 0.000163243
iter 750: loss 5.3800, time 913.93ms, mfu 73.67%, matrix lr 0.00779629, auxiliary lr 0.000155926
iter 760: loss 5.3705, time 914.39ms, mfu 73.67%, matrix lr 0.00744106, auxiliary lr 0.000148821
iter 770: loss 5.5163, time 914.15ms, mfu 73.67%, matrix lr 0.00709688, auxiliary lr 0.000141938
iter 780: loss 5.4830, time 914.48ms, mfu 73.66%, matrix lr 0.00676419, auxiliary lr 0.000135284
iter 790: loss 5.3437, time 914.30ms, mfu 73.66%, matrix lr 0.00644338, auxiliary lr 0.000128868
iter 800: loss 5.4050, time 914.27ms, mfu 73.66%, matrix lr 0.00613485, auxiliary lr 0.000122697
iter 810: loss 5.4963, time 914.29ms, mfu 73.66%, matrix lr 0.00583898, auxiliary lr 0.00011678
iter 820: loss 5.5343, time 914.50ms, mfu 73.65%, matrix lr 0.00555613, auxiliary lr 0.000111123
iter 830: loss 5.4988, time 914.41ms, mfu 73.65%, matrix lr 0.00528664, auxiliary lr 0.000105733
iter 840: loss 5.4167, time 914.28ms, mfu 73.65%, matrix lr 0.00503084, auxiliary lr 0.000100617
iter 850: loss 5.3577, time 913.28ms, mfu 73.66%, matrix lr 0.00478905, auxiliary lr 9.5781e-05
iter 860: loss 5.3569, time 914.50ms, mfu 73.65%, matrix lr 0.00456156, auxiliary lr 9.12311e-05
iter 870: loss 5.3016, time 914.43ms, mfu 73.65%, matrix lr 0.00434864, auxiliary lr 8.69728e-05
iter 880: loss 5.5231, time 914.32ms, mfu 73.65%, matrix lr 0.00415056, auxiliary lr 8.30113e-05
iter 890: loss 5.6506, time 913.91ms, mfu 73.65%, matrix lr 0.00396756, auxiliary lr 7.93513e-05
iter 900: loss 5.3842, time 913.96ms, mfu 73.65%, matrix lr 0.00379987, auxiliary lr 7.59974e-05
iter 910: loss 5.3276, time 914.24ms, mfu 73.65%, matrix lr 0.00364768, auxiliary lr 7.29536e-05
iter 920: loss 5.5203, time 914.45ms, mfu 73.65%, matrix lr 0.00351119, auxiliary lr 7.02237e-05
iter 930: loss 5.3731, time 914.22ms, mfu 73.65%, matrix lr 0.00339055, auxiliary lr 6.7811e-05
iter 940: loss 5.5378, time 914.62ms, mfu 73.65%, matrix lr 0.00328592, auxiliary lr 6.57185e-05
iter 950: loss 5.5756, time 913.49ms, mfu 73.65%, matrix lr 0.00319743, auxiliary lr 6.39486e-05
iter 960: loss 5.5098, time 914.46ms, mfu 73.65%, matrix lr 0.00312518, auxiliary lr 6.25036e-05
iter 970: loss 5.2821, time 914.32ms, mfu 73.65%, matrix lr 0.00306926, auxiliary lr 6.13853e-05
iter 980: loss 5.4856, time 914.09ms, mfu 73.65%, matrix lr 0.00302975, auxiliary lr 6.05949e-05
iter 990: loss 5.3305, time 914.32ms, mfu 73.65%, matrix lr 0.00300668, auxiliary lr 6.01335e-05
step 999: train loss 5.4068, val loss 5.4018
saving checkpoint to /shared/home/bilal.ashfaq/nanogpt-study-runs/task-2.5/static_per_matrix_sgdm_gpt2-124m_lr0.03_mom0.99_wd0.1_seed1337_scalestatic-2633929b6baf
Launching: torchrun --standalone --nproc_per_node=2 train.py config/task_2_4_static.py --out_dir=/shared/home/bilal.ashfaq/nanogpt-study-runs/task-2.5/static_per_matrix_sgdm_gpt2-124m_lr0.1_mom0.99_wd0.1_seed1337_scalestatic-26f16b708d59 --optimizer_name=static_per_matrix_sgdm --seed=1337 --max_iters=999 --init_from=scratch --matrix_learning_rate=0.1 --matrix_momentum=0.99 --static_default_multiplier=1.0 --static_exact_parameter_multipliers={} --static_matrix_type_multipliers={'attention_output': 1.4142135623730951, 'attention_qkv': 1.4142135623730951, 'mlp_input': 0.7071067811865476, 'mlp_output': 0.7071067811865476}
Overriding config with config/task_2_4_static.py:
# Task 2.4 reuses every common Task 1.6 control. Candidate-specific static
# settings are supplied only by the materialized, reviewed manifest.
with open('config/task_1_6_baseline.py', encoding='utf-8') as base_config_file:
    exec(base_config_file.read())

optimizer_name = 'static_per_matrix_sgdm'
static_default_multiplier = 1.0
static_matrix_type_multipliers = {}
static_exact_parameter_multipliers = {}

Overriding: out_dir = /shared/home/bilal.ashfaq/nanogpt-study-runs/task-2.5/static_per_matrix_sgdm_gpt2-124m_lr0.1_mom0.99_wd0.1_seed1337_scalestatic-26f16b708d59
Overriding: optimizer_name = static_per_matrix_sgdm
Overriding: seed = 1337
Overriding: max_iters = 999
Overriding: init_from = scratch
Overriding: matrix_learning_rate = 0.1
Overriding: matrix_momentum = 0.99
Overriding: static_default_multiplier = 1.0
Overriding: static_exact_parameter_multipliers = {}
Overriding: static_matrix_type_multipliers = {'attention_output': 1.4142135623730951, 'attention_qkv': 1.4142135623730951, 'mlp_input': 0.7071067811865476, 'mlp_output': 0.7071067811865476}
Overriding config with config/task_2_4_static.py:
# Task 2.4 reuses every common Task 1.6 control. Candidate-specific static
# settings are supplied only by the materialized, reviewed manifest.
with open('config/task_1_6_baseline.py', encoding='utf-8') as base_config_file:
    exec(base_config_file.read())

optimizer_name = 'static_per_matrix_sgdm'
static_default_multiplier = 1.0
static_matrix_type_multipliers = {}
static_exact_parameter_multipliers = {}

Overriding: out_dir = /shared/home/bilal.ashfaq/nanogpt-study-runs/task-2.5/static_per_matrix_sgdm_gpt2-124m_lr0.1_mom0.99_wd0.1_seed1337_scalestatic-26f16b708d59
Overriding: optimizer_name = static_per_matrix_sgdm
Overriding: seed = 1337
Overriding: max_iters = 999
Overriding: init_from = scratch
Overriding: matrix_learning_rate = 0.1
Overriding: matrix_momentum = 0.99
Overriding: static_default_multiplier = 1.0
Overriding: static_exact_parameter_multipliers = {}
Overriding: static_matrix_type_multipliers = {'attention_output': 1.4142135623730951, 'attention_qkv': 1.4142135623730951, 'mlp_input': 0.7071067811865476, 'mlp_output': 0.7071067811865476}
tokens per iteration will be: 491,520
Initializing a new model from scratch
defaulting to vocab_size of GPT-2 to 50304 (50257 rounded up for efficiency)
tokens per iteration will be: 491,520
Initializing a new model from scratch
defaulting to vocab_size of GPT-2 to 50304 (50257 rounded up for efficiency)
number of parameters: 123.59M
number of parameters: 123.59M
using fused auxiliary AdamW: True
using fused auxiliary AdamW: True
optimizer parameter audit:
{
  "parameters": [
    {
      "group": "eligible_matrix",
      "name": "transformer.h.0.attn.c_attn.weight",
      "optimizer": "static_per_matrix_sgdm",
      "parameter_count": 1769472,
      "shape": [
        2304,
        768
      ],
      "weight_decay": 0.1,
      "weight_decay_semantics": "decoupled",
      "weight_decay_treatment": "decay"
    },
    {
      "group": "eligible_matrix",
      "name": "transformer.h.0.attn.c_proj.weight",
      "optimizer": "static_per_matrix_sgdm",
      "parameter_count": 589824,
      "shape": [
        768,
        768
      ],
      "weight_decay": 0.1,
      "weight_decay_semantics": "decoupled",
      "weight_decay_treatment": "decay"
    },
    {
      "group": "auxiliary",
      "name": "transformer.h.0.ln_1.weight",
      "optimizer": "adamw",
      "parameter_count": 768,
      "shape": [
        768
      ],
      "weight_decay": 0.0,
      "weight_decay_semantics": "adamw_decoupled",
      "weight_decay_treatment": "no_decay"
    },
    {
      "group": "auxiliary",
      "name": "transformer.h.0.ln_2.weight",
      "optimizer": "adamw",
      "parameter_count": 768,
      "shape": [
        768
      ],
      "weight_decay": 0.0,
      "weight_decay_semantics": "adamw_decoupled",
      "weight_decay_treatment": "no_decay"
    },
    {
      "group": "eligible_matrix",
      "name": "transformer.h.0.mlp.c_fc.weight",
      "optimizer": "static_per_matrix_sgdm",
      "parameter_count": 2359296,
      "shape": [
        3072,
        768
      ],
      "weight_decay": 0.1,
      "weight_decay_semantics": "decoupled",
      "weight_decay_treatment": "decay"
    },
    {
      "group": "eligible_matrix",
      "name": "transformer.h.0.mlp.c_proj.weight",
      "optimizer": "static_per_matrix_sgdm",
      "parameter_count": 2359296,
      "shape": [
        768,
        3072
      ],
      "weight_decay": 0.1,
      "weight_decay_semantics": "decoupled",
      "weight_decay_treatment": "decay"
    },
    {
      "group": "eligible_matrix",
      "name": "transformer.h.1.attn.c_attn.weight",
      "optimizer": "static_per_matrix_sgdm",
      "parameter_count": 1769472,
      "shape": [
        2304,
        768
      ],
      "weight_decay": 0.1,
      "weight_decay_semantics": "decoupled",
      "weight_decay_treatment": "decay"
    },
    {
      "group": "eligible_matrix",
      "name": "transformer.h.1.attn.c_proj.weight",
      "optimizer": "static_per_matrix_sgdm",
      "parameter_count": 589824,
      "shape": [
        768,
        768
      ],
      "weight_decay": 0.1,
      "weight_decay_semantics": "decoupled",
      "weight_decay_treatment": "decay"
    },
    {
      "group": "auxiliary",
      "name": "transformer.h.1.ln_1.weight",
      "optimizer": "adamw",
      "parameter_count": 768,
      "shape": [
        768
      ],
      "weight_decay": 0.0,
      "weight_decay_semantics": "adamw_decoupled",
      "weight_decay_treatment": "no_decay"
    },
    {
      "group": "auxiliary",
      "name": "transformer.h.1.ln_2.weight",
      "optimizer": "adamw",
      "parameter_count": 768,
      "shape": [
        768
      ],
      "weight_decay": 0.0,
      "weight_decay_semantics": "adamw_decoupled",
      "weight_decay_treatment": "no_decay"
    },
    {
      "group": "eligible_matrix",
      "name": "transformer.h.1.mlp.c_fc.weight",
      "optimizer": "static_per_matrix_sgdm",
      "parameter_count": 2359296,
      "shape": [
        3072,
        768
      ],
      "weight_decay": 0.1,
      "weight_decay_semantics": "decoupled",
      "weight_decay_treatment": "decay"
    },
    {
      "group": "eligible_matrix",
      "name": "transformer.h.1.mlp.c_proj.weight",
      "optimizer": "static_per_matrix_sgdm",
      "parameter_count": 2359296,
      "shape": [
        768,
        3072
      ],
      "weight_decay": 0.1,
      "weight_decay_semantics": "decoupled",
      "weight_decay_treatment": "decay"
    },
    {
      "group": "eligible_matrix",
      "name": "transformer.h.10.attn.c_attn.weight",
      "optimizer": "static_per_matrix_sgdm",
      "parameter_count": 1769472,
      "shape": [
        2304,
        768
      ],
      "weight_decay": 0.1,
      "weight_decay_semantics": "decoupled",
      "weight_decay_treatment": "decay"
    },
    {
      "group": "eligible_matrix",
      "name": "transformer.h.10.attn.c_proj.weight",
      "optimizer": "static_per_matrix_sgdm",
      "parameter_count": 589824,
      "shape": [
        768,
        768
      ],
      "weight_decay": 0.1,
      "weight_decay_semantics": "decoupled",
      "weight_decay_treatment": "decay"
    },
    {
      "group": "auxiliary",
      "name": "transformer.h.10.ln_1.weight",
      "optimizer": "adamw",
      "parameter_count": 768,
      "shape": [
        768
      ],
      "weight_decay": 0.0,
      "weight_decay_semantics": "adamw_decoupled",
      "weight_decay_treatment": "no_decay"
    },
    {
      "group": "auxiliary",
      "name": "transformer.h.10.ln_2.weight",
      "optimizer": "adamw",
      "parameter_count": 768,
      "shape": [
        768
      ],
      "weight_decay": 0.0,
      "weight_decay_semantics": "adamw_decoupled",
      "weight_decay_treatment": "no_decay"
    },
    {
      "group": "eligible_matrix",
      "name": "transformer.h.10.mlp.c_fc.weight",
      "optimizer": "static_per_matrix_sgdm",
      "parameter_count": 2359296,
      "shape": [
        3072,
        768
      ],
      "weight_decay": 0.1,
      "weight_decay_semantics": "decoupled",
      "weight_decay_treatment": "decay"
    },
    {
      "group": "eligible_matrix",
      "name": "transformer.h.10.mlp.c_proj.weight",
      "optimizer": "static_per_matrix_sgdm",
      "parameter_count": 2359296,
      "shape": [
        768,
        3072
      ],
      "weight_decay": 0.1,
      "weight_decay_semantics": "decoupled",
      "weight_decay_treatment": "decay"
    },
    {
      "group": "eligible_matrix",
      "name": "transformer.h.11.attn.c_attn.weight",
      "optimizer": "static_per_matrix_sgdm",
      "parameter_count": 1769472,
      "shape": [
        2304,
        768
      ],
      "weight_decay": 0.1,
      "weight_decay_semantics": "decoupled",
      "weight_decay_treatment": "decay"
    },
    {
      "group": "eligible_matrix",
      "name": "transformer.h.11.attn.c_proj.weight",
      "optimizer": "static_per_matrix_sgdm",
      "parameter_count": 589824,
      "shape": [
        768,
        768
      ],
      "weight_decay": 0.1,
      "weight_decay_semantics": "decoupled",
      "weight_decay_treatment": "decay"
    },
    {
      "group": "auxiliary",
      "name": "transformer.h.11.ln_1.weight",
      "optimizer": "adamw",
      "parameter_count": 768,
      "shape": [
        768
      ],
      "weight_decay": 0.0,
      "weight_decay_semantics": "adamw_decoupled",
      "weight_decay_treatment": "no_decay"
    },
    {
      "group": "auxiliary",
      "name": "transformer.h.11.ln_2.weight",
      "optimizer": "adamw",
      "parameter_count": 768,
      "shape": [
        768
      ],
      "weight_decay": 0.0,
      "weight_decay_semantics": "adamw_decoupled",
      "weight_decay_treatment": "no_decay"
    },
    {
      "group": "eligible_matrix",
      "name": "transformer.h.11.mlp.c_fc.weight",
      "optimizer": "static_per_matrix_sgdm",
      "parameter_count": 2359296,
      "shape": [
        3072,
        768
      ],
      "weight_decay": 0.1,
      "weight_decay_semantics": "decoupled",
      "weight_decay_treatment": "decay"
    },
    {
      "group": "eligible_matrix",
      "name": "transformer.h.11.mlp.c_proj.weight",
      "optimizer": "static_per_matrix_sgdm",
      "parameter_count": 2359296,
      "shape": [
        768,
        3072
      ],
      "weight_decay": 0.1,
      "weight_decay_semantics": "decoupled",
      "weight_decay_treatment": "decay"
    },
    {
      "group": "eligible_matrix",
      "name": "transformer.h.2.attn.c_attn.weight",
      "optimizer": "static_per_matrix_sgdm",
      "parameter_count": 1769472,
      "shape": [
        2304,
        768
      ],
      "weight_decay": 0.1,
      "weight_decay_semantics": "decoupled",
      "weight_decay_treatment": "decay"
    },
    {
      "group": "eligible_matrix",
      "name": "transformer.h.2.attn.c_proj.weight",
      "optimizer": "static_per_matrix_sgdm",
      "parameter_count": 589824,
      "shape": [
        768,
        768
      ],
      "weight_decay": 0.1,
      "weight_decay_semantics": "decoupled",
      "weight_decay_treatment": "decay"
    },
    {
      "group": "auxiliary",
      "name": "transformer.h.2.ln_1.weight",
      "optimizer": "adamw",
      "parameter_count": 768,
      "shape": [
        768
      ],
      "weight_decay": 0.0,
      "weight_decay_semantics": "adamw_decoupled",
      "weight_decay_treatment": "no_decay"
    },
    {
      "group": "auxiliary",
      "name": "transformer.h.2.ln_2.weight",
      "optimizer": "adamw",
      "parameter_count": 768,
      "shape": [
        768
      ],
      "weight_decay": 0.0,
      "weight_decay_semantics": "adamw_decoupled",
      "weight_decay_treatment": "no_decay"
    },
    {
      "group": "eligible_matrix",
      "name": "transformer.h.2.mlp.c_fc.weight",
      "optimizer": "static_per_matrix_sgdm",
      "parameter_count": 2359296,
      "shape": [
        3072,
        768
      ],
      "weight_decay": 0.1,
      "weight_decay_semantics": "decoupled",
      "weight_decay_treatment": "decay"
    },
    {
      "group": "eligible_matrix",
      "name": "transformer.h.2.mlp.c_proj.weight",
      "optimizer": "static_per_matrix_sgdm",
      "parameter_count": 2359296,
      "shape": [
        768,
        3072
      ],
      "weight_decay": 0.1,
      "weight_decay_semantics": "decoupled",
      "weight_decay_treatment": "decay"
    },
    {
      "group": "eligible_matrix",
      "name": "transformer.h.3.attn.c_attn.weight",
      "optimizer": "static_per_matrix_sgdm",
      "parameter_count": 1769472,
      "shape": [
        2304,
        768
      ],
      "weight_decay": 0.1,
      "weight_decay_semantics": "decoupled",
      "weight_decay_treatment": "decay"
    },
    {
      "group": "eligible_matrix",
      "name": "transformer.h.3.attn.c_proj.weight",
      "optimizer": "static_per_matrix_sgdm",
      "parameter_count": 589824,
      "shape": [
        768,
        768
      ],
      "weight_decay": 0.1,
      "weight_decay_semantics": "decoupled",
      "weight_decay_treatment": "decay"
    },
    {
      "group": "auxiliary",
      "name": "transformer.h.3.ln_1.weight",
      "optimizer": "adamw",
      "parameter_count": 768,
      "shape": [
        768
      ],
      "weight_decay": 0.0,
      "weight_decay_semantics": "adamw_decoupled",
      "weight_decay_treatment": "no_decay"
    },
    {
      "group": "auxiliary",
      "name": "transformer.h.3.ln_2.weight",
      "optimizer": "adamw",
      "parameter_count": 768,
      "shape": [
        768
      ],
      "weight_decay": 0.0,
      "weight_decay_semantics": "adamw_decoupled",
      "weight_decay_treatment": "no_decay"
    },
    {
      "group": "eligible_matrix",
      "name": "transformer.h.3.mlp.c_fc.weight",
      "optimizer": "static_per_matrix_sgdm",
      "parameter_count": 2359296,
      "shape": [
        3072,
        768
      ],
      "weight_decay": 0.1,
      "weight_decay_semantics": "decoupled",
      "weight_decay_treatment": "decay"
    },
    {
      "group": "eligible_matrix",
      "name": "transformer.h.3.mlp.c_proj.weight",
      "optimizer": "static_per_matrix_sgdm",
      "parameter_count": 2359296,
      "shape": [
        768,
        3072
      ],
      "weight_decay": 0.1,
      "weight_decay_semantics": "decoupled",
      "weight_decay_treatment": "decay"
    },
    {
      "group": "eligible_matrix",
      "name": "transformer.h.4.attn.c_attn.weight",
      "optimizer": "static_per_matrix_sgdm",
      "parameter_count": 1769472,
      "shape": [
        2304,
        768
      ],
      "weight_decay": 0.1,
      "weight_decay_semantics": "decoupled",
      "weight_decay_treatment": "decay"
    },
    {
      "group": "eligible_matrix",
      "name": "transformer.h.4.attn.c_proj.weight",
      "optimizer": "static_per_matrix_sgdm",
      "parameter_count": 589824,
      "shape": [
        768,
        768
      ],
      "weight_decay": 0.1,
      "weight_decay_semantics": "decoupled",
      "weight_decay_treatment": "decay"
    },
    {
      "group": "auxiliary",
      "name": "transformer.h.4.ln_1.weight",
      "optimizer": "adamw",
      "parameter_count": 768,
      "shape": [
        768
      ],
      "weight_decay": 0.0,
      "weight_decay_semantics": "adamw_decoupled",
      "weight_decay_treatment": "no_decay"
    },
    {
      "group": "auxiliary",
      "name": "transformer.h.4.ln_2.weight",
      "optimizer": "adamw",
      "parameter_count": 768,
      "shape": [
        768
      ],
      "weight_decay": 0.0,
      "weight_decay_semantics": "adamw_decoupled",
      "weight_decay_treatment": "no_decay"
    },
    {
      "group": "eligible_matrix",
      "name": "transformer.h.4.mlp.c_fc.weight",
      "optimizer": "static_per_matrix_sgdm",
      "parameter_count": 2359296,
      "shape": [
        3072,
        768
      ],
      "weight_decay": 0.1,
      "weight_decay_semantics": "decoupled",
      "weight_decay_treatment": "decay"
    },
    {
      "group": "eligible_matrix",
      "name": "transformer.h.4.mlp.c_proj.weight",
      "optimizer": "static_per_matrix_sgdm",
      "parameter_count": 2359296,
      "shape": [
        768,
        3072
      ],
      "weight_decay": 0.1,
      "weight_decay_semantics": "decoupled",
      "weight_decay_treatment": "decay"
    },
    {
      "group": "eligible_matrix",
      "name": "transformer.h.5.attn.c_attn.weight",
      "optimizer": "static_per_matrix_sgdm",
      "parameter_count": 1769472,
      "shape": [
        2304,
        768
      ],
      "weight_decay": 0.1,
      "weight_decay_semantics": "decoupled",
      "weight_decay_treatment": "decay"
    },
    {
      "group": "eligible_matrix",
      "name": "transformer.h.5.attn.c_proj.weight",
      "optimizer": "static_per_matrix_sgdm",
      "parameter_count": 589824,
      "shape": [
        768,
        768
      ],
      "weight_decay": 0.1,
      "weight_decay_semantics": "decoupled",
      "weight_decay_treatment": "decay"
    },
    {
      "group": "auxiliary",
      "name": "transformer.h.5.ln_1.weight",
      "optimizer": "adamw",
      "parameter_count": 768,
      "shape": [
        768
      ],
      "weight_decay": 0.0,
      "weight_decay_semantics": "adamw_decoupled",
      "weight_decay_treatment": "no_decay"
    },
    {
      "group": "auxiliary",
      "name": "transformer.h.5.ln_2.weight",
      "optimizer": "adamw",
      "parameter_count": 768,
      "shape": [
        768
      ],
      "weight_decay": 0.0,
      "weight_decay_semantics": "adamw_decoupled",
      "weight_decay_treatment": "no_decay"
    },
    {
      "group": "eligible_matrix",
      "name": "transformer.h.5.mlp.c_fc.weight",
      "optimizer": "static_per_matrix_sgdm",
      "parameter_count": 2359296,
      "shape": [
        3072,
        768
      ],
      "weight_decay": 0.1,
      "weight_decay_semantics": "decoupled",
      "weight_decay_treatment": "decay"
    },
    {
      "group": "eligible_matrix",
      "name": "transformer.h.5.mlp.c_proj.weight",
      "optimizer": "static_per_matrix_sgdm",
      "parameter_count": 2359296,
      "shape": [
        768,
        3072
      ],
      "weight_decay": 0.1,
      "weight_decay_semantics": "decoupled",
      "weight_decay_treatment": "decay"
    },
    {
      "group": "eligible_matrix",
      "name": "transformer.h.6.attn.c_attn.weight",
      "optimizer": "static_per_matrix_sgdm",
      "parameter_count": 1769472,
      "shape": [
        2304,
        768
      ],
      "weight_decay": 0.1,
      "weight_decay_semantics": "decoupled",
      "weight_decay_treatment": "decay"
    },
    {
      "group": "eligible_matrix",
      "name": "transformer.h.6.attn.c_proj.weight",
      "optimizer": "static_per_matrix_sgdm",
      "parameter_count": 589824,
      "shape": [
        768,
        768
      ],
      "weight_decay": 0.1,
      "weight_decay_semantics": "decoupled",
      "weight_decay_treatment": "decay"
    },
    {
      "group": "auxiliary",
      "name": "transformer.h.6.ln_1.weight",
      "optimizer": "adamw",
      "parameter_count": 768,
      "shape": [
        768
      ],
      "weight_decay": 0.0,
      "weight_decay_semantics": "adamw_decoupled",
      "weight_decay_treatment": "no_decay"
    },
    {
      "group": "auxiliary",
      "name": "transformer.h.6.ln_2.weight",
      "optimizer": "adamw",
      "parameter_count": 768,
      "shape": [
        768
      ],
      "weight_decay": 0.0,
      "weight_decay_semantics": "adamw_decoupled",
      "weight_decay_treatment": "no_decay"
    },
    {
      "group": "eligible_matrix",
      "name": "transformer.h.6.mlp.c_fc.weight",
      "optimizer": "static_per_matrix_sgdm",
      "parameter_count": 2359296,
      "shape": [
        3072,
        768
      ],
      "weight_decay": 0.1,
      "weight_decay_semantics": "decoupled",
      "weight_decay_treatment": "decay"
    },
    {
      "group": "eligible_matrix",
      "name": "transformer.h.6.mlp.c_proj.weight",
      "optimizer": "static_per_matrix_sgdm",
      "parameter_count": 2359296,
      "shape": [
        768,
        3072
      ],
      "weight_decay": 0.1,
      "weight_decay_semantics": "decoupled",
      "weight_decay_treatment": "decay"
    },
    {
      "group": "eligible_matrix",
      "name": "transformer.h.7.attn.c_attn.weight",
      "optimizer": "static_per_matrix_sgdm",
      "parameter_count": 1769472,
      "shape": [
        2304,
        768
      ],
      "weight_decay": 0.1,
      "weight_decay_semantics": "decoupled",
      "weight_decay_treatment": "decay"
    },
    {
      "group": "eligible_matrix",
      "name": "transformer.h.7.attn.c_proj.weight",
      "optimizer": "static_per_matrix_sgdm",
      "parameter_count": 589824,
      "shape": [
        768,
        768
      ],
      "weight_decay": 0.1,
      "weight_decay_semantics": "decoupled",
      "weight_decay_treatment": "decay"
    },
    {
      "group": "auxiliary",
      "name": "transformer.h.7.ln_1.weight",
      "optimizer": "adamw",
      "parameter_count": 768,
      "shape": [
        768
      ],
      "weight_decay": 0.0,
      "weight_decay_semantics": "adamw_decoupled",
      "weight_decay_treatment": "no_decay"
    },
    {
      "group": "auxiliary",
      "name": "transformer.h.7.ln_2.weight",
      "optimizer": "adamw",
      "parameter_count": 768,
      "shape": [
        768
      ],
      "weight_decay": 0.0,
      "weight_decay_semantics": "adamw_decoupled",
      "weight_decay_treatment": "no_decay"
    },
    {
      "group": "eligible_matrix",
      "name": "transformer.h.7.mlp.c_fc.weight",
      "optimizer": "static_per_matrix_sgdm",
      "parameter_count": 2359296,
      "shape": [
        3072,
        768
      ],
      "weight_decay": 0.1,
      "weight_decay_semantics": "decoupled",
      "weight_decay_treatment": "decay"
    },
    {
      "group": "eligible_matrix",
      "name": "transformer.h.7.mlp.c_proj.weight",
      "optimizer": "static_per_matrix_sgdm",
      "parameter_count": 2359296,
      "shape": [
        768,
        3072
      ],
      "weight_decay": 0.1,
      "weight_decay_semantics": "decoupled",
      "weight_decay_treatment": "decay"
    },
    {
      "group": "eligible_matrix",
      "name": "transformer.h.8.attn.c_attn.weight",
      "optimizer": "static_per_matrix_sgdm",
      "parameter_count": 1769472,
      "shape": [
        2304,
        768
      ],
      "weight_decay": 0.1,
      "weight_decay_semantics": "decoupled",
      "weight_decay_treatment": "decay"
    },
    {
      "group": "eligible_matrix",
      "name": "transformer.h.8.attn.c_proj.weight",
      "optimizer": "static_per_matrix_sgdm",
      "parameter_count": 589824,
      "shape": [
        768,
        768
      ],
      "weight_decay": 0.1,
      "weight_decay_semantics": "decoupled",
      "weight_decay_treatment": "decay"
    },
    {
      "group": "auxiliary",
      "name": "transformer.h.8.ln_1.weight",
      "optimizer": "adamw",
      "parameter_count": 768,
      "shape": [
        768
      ],
      "weight_decay": 0.0,
      "weight_decay_semantics": "adamw_decoupled",
      "weight_decay_treatment": "no_decay"
    },
    {
      "group": "auxiliary",
      "name": "transformer.h.8.ln_2.weight",
      "optimizer": "adamw",
      "parameter_count": 768,
      "shape": [
        768
      ],
      "weight_decay": 0.0,
      "weight_decay_semantics": "adamw_decoupled",
      "weight_decay_treatment": "no_decay"
    },
    {
      "group": "eligible_matrix",
      "name": "transformer.h.8.mlp.c_fc.weight",
      "optimizer": "static_per_matrix_sgdm",
      "parameter_count": 2359296,
      "shape": [
        3072,
        768
      ],
      "weight_decay": 0.1,
      "weight_decay_semantics": "decoupled",
      "weight_decay_treatment": "decay"
    },
    {
      "group": "eligible_matrix",
      "name": "transformer.h.8.mlp.c_proj.weight",
      "optimizer": "static_per_matrix_sgdm",
      "parameter_count": 2359296,
      "shape": [
        768,
        3072
      ],
      "weight_decay": 0.1,
      "weight_decay_semantics": "decoupled",
      "weight_decay_treatment": "decay"
    },
    {
      "group": "eligible_matrix",
      "name": "transformer.h.9.attn.c_attn.weight",
      "optimizer": "static_per_matrix_sgdm",
      "parameter_count": 1769472,
      "shape": [
        2304,
        768
      ],
      "weight_decay": 0.1,
      "weight_decay_semantics": "decoupled",
      "weight_decay_treatment": "decay"
    },
    {
      "group": "eligible_matrix",
      "name": "transformer.h.9.attn.c_proj.weight",
      "optimizer": "static_per_matrix_sgdm",
      "parameter_count": 589824,
      "shape": [
        768,
        768
      ],
      "weight_decay": 0.1,
      "weight_decay_semantics": "decoupled",
      "weight_decay_treatment": "decay"
    },
    {
      "group": "auxiliary",
      "name": "transformer.h.9.ln_1.weight",
      "optimizer": "adamw",
      "parameter_count": 768,
      "shape": [
        768
      ],
      "weight_decay": 0.0,
      "weight_decay_semantics": "adamw_decoupled",
      "weight_decay_treatment": "no_decay"
    },
    {
      "group": "auxiliary",
      "name": "transformer.h.9.ln_2.weight",
      "optimizer": "adamw",
      "parameter_count": 768,
      "shape": [
        768
      ],
      "weight_decay": 0.0,
      "weight_decay_semantics": "adamw_decoupled",
      "weight_decay_treatment": "no_decay"
    },
    {
      "group": "eligible_matrix",
      "name": "transformer.h.9.mlp.c_fc.weight",
      "optimizer": "static_per_matrix_sgdm",
      "parameter_count": 2359296,
      "shape": [
        3072,
        768
      ],
      "weight_decay": 0.1,
      "weight_decay_semantics": "decoupled",
      "weight_decay_treatment": "decay"
    },
    {
      "group": "eligible_matrix",
      "name": "transformer.h.9.mlp.c_proj.weight",
      "optimizer": "static_per_matrix_sgdm",
      "parameter_count": 2359296,
      "shape": [
        768,
        3072
      ],
      "weight_decay": 0.1,
      "weight_decay_semantics": "decoupled",
      "weight_decay_treatment": "decay"
    },
    {
      "group": "auxiliary",
      "name": "transformer.ln_f.weight",
      "optimizer": "adamw",
      "parameter_count": 768,
      "shape": [
        768
      ],
      "weight_decay": 0.0,
      "weight_decay_semantics": "adamw_decoupled",
      "weight_decay_treatment": "no_decay"
    },
    {
      "group": "auxiliary",
      "name": "transformer.wpe.weight",
      "optimizer": "adamw",
      "parameter_count": 786432,
      "shape": [
        1024,
        768
      ],
      "weight_decay": 0.1,
      "weight_decay_semantics": "adamw_decoupled",
      "weight_decay_treatment": "decay"
    },
    {
      "group": "auxiliary",
      "name": "transformer.wte.weight",
      "optimizer": "adamw",
      "parameter_count": 38633472,
      "shape": [
        50304,
        768
      ],
      "weight_decay": 0.1,
      "weight_decay_semantics": "adamw_decoupled",
      "weight_decay_treatment": "decay"
    }
  ],
  "tied_parameters": {
    "aliases": [
      "transformer.wte.weight",
      "lm_head.weight"
    ],
    "assignment": "auxiliary",
    "canonical_name": "transformer.wte.weight",
    "counted_once": true,
    "optimizer": "adamw"
  },
  "totals": {
    "parameter_count": 124373760,
    "parameter_tensors": 75
  }
}
compiling the model... (takes a ~minute)
compiling the model... (takes a ~minute)
step 0: train loss 10.9886, val loss 10.9897
iter 0: loss 10.9734, time 16327.31ms, mfu -100.00%, matrix lr 0.000990099, auxiliary lr 5.94059e-06
iter 10: loss 10.7125, time 910.38ms, mfu 73.96%, matrix lr 0.0108911, auxiliary lr 6.53465e-05
iter 20: loss 9.8523, time 910.59ms, mfu 73.96%, matrix lr 0.0207921, auxiliary lr 0.000124752
iter 30: loss 8.5647, time 910.21ms, mfu 73.96%, matrix lr 0.0306931, auxiliary lr 0.000184158
iter 40: loss 7.9403, time 910.94ms, mfu 73.95%, matrix lr 0.0405941, auxiliary lr 0.000243564
iter 50: loss 7.5737, time 910.69ms, mfu 73.95%, matrix lr 0.050495, auxiliary lr 0.00030297
iter 60: loss 7.4768, time 911.07ms, mfu 73.95%, matrix lr 0.060396, auxiliary lr 0.000362376
iter 70: loss 7.4087, time 911.51ms, mfu 73.94%, matrix lr 0.070297, auxiliary lr 0.000421782
iter 80: loss 7.2541, time 913.28ms, mfu 73.92%, matrix lr 0.080198, auxiliary lr 0.000481188
iter 90: loss 7.3585, time 913.26ms, mfu 73.90%, matrix lr 0.090099, auxiliary lr 0.000540594
iter 100: loss 7.0473, time 913.65ms, mfu 73.88%, matrix lr 0.1, auxiliary lr 0.0006
iter 110: loss 6.6552, time 912.81ms, mfu 73.87%, matrix lr 0.0999725, auxiliary lr 0.000599835
iter 120: loss 6.6119, time 913.76ms, mfu 73.85%, matrix lr 0.0998901, auxiliary lr 0.000599341
iter 130: loss 6.4448, time 914.39ms, mfu 73.83%, matrix lr 0.0997529, auxiliary lr 0.000598518
iter 140: loss 6.4359, time 914.29ms, mfu 73.81%, matrix lr 0.0995611, auxiliary lr 0.000597367
iter 150: loss 6.2162, time 914.58ms, mfu 73.79%, matrix lr 0.0993148, auxiliary lr 0.000595889
iter 160: loss 6.2737, time 914.04ms, mfu 73.78%, matrix lr 0.0990145, auxiliary lr 0.000594087
iter 170: loss 6.0783, time 913.68ms, mfu 73.77%, matrix lr 0.0986603, auxiliary lr 0.000591962
iter 180: loss 6.0205, time 913.85ms, mfu 73.76%, matrix lr 0.0982529, auxiliary lr 0.000589518
iter 190: loss 5.9349, time 913.01ms, mfu 73.76%, matrix lr 0.0977927, auxiliary lr 0.000586756
iter 200: loss 5.9805, time 914.04ms, mfu 73.75%, matrix lr 0.0972802, auxiliary lr 0.000583681
iter 210: loss 5.8470, time 913.86ms, mfu 73.74%, matrix lr 0.0967161, auxiliary lr 0.000580296
iter 220: loss 5.9493, time 914.37ms, mfu 73.73%, matrix lr 0.096101, auxiliary lr 0.000576606
iter 230: loss 5.8224, time 914.16ms, mfu 73.72%, matrix lr 0.0954358, auxiliary lr 0.000572615
iter 240: loss 5.9148, time 914.21ms, mfu 73.71%, matrix lr 0.0947212, auxiliary lr 0.000568327
iter 250: loss 5.7928, time 913.72ms, mfu 73.71%, matrix lr 0.093958, auxiliary lr 0.000563748
iter 260: loss 5.8081, time 913.90ms, mfu 73.71%, matrix lr 0.0931473, auxiliary lr 0.000558884
iter 270: loss 5.8319, time 913.95ms, mfu 73.70%, matrix lr 0.0922901, auxiliary lr 0.00055374
iter 280: loss 6.0655, time 913.90ms, mfu 73.70%, matrix lr 0.0913873, auxiliary lr 0.000548324
iter 290: loss 5.9486, time 912.85ms, mfu 73.71%, matrix lr 0.09044, auxiliary lr 0.00054264
iter 300: loss 5.7781, time 913.74ms, mfu 73.70%, matrix lr 0.0894495, auxiliary lr 0.000536697
iter 310: loss 5.7891, time 914.19ms, mfu 73.70%, matrix lr 0.088417, auxiliary lr 0.000530502
iter 320: loss 5.8576, time 914.29ms, mfu 73.69%, matrix lr 0.0873436, auxiliary lr 0.000524061
iter 330: loss 5.9291, time 914.13ms, mfu 73.69%, matrix lr 0.0862307, auxiliary lr 0.000517384
step 333: train loss 5.8013, val loss 5.8025
saving checkpoint to /shared/home/bilal.ashfaq/nanogpt-study-runs/task-2.5/static_per_matrix_sgdm_gpt2-124m_lr0.1_mom0.99_wd0.1_seed1337_scalestatic-26f16b708d59
iter 340: loss 5.5800, time 913.70ms, mfu 73.69%, matrix lr 0.0850797, auxiliary lr 0.000510478
iter 350: loss 5.6676, time 913.58ms, mfu 73.69%, matrix lr 0.083892, auxiliary lr 0.000503352
iter 360: loss 5.8384, time 913.99ms, mfu 73.69%, matrix lr 0.082669, auxiliary lr 0.000496014
iter 370: loss 5.7118, time 913.26ms, mfu 73.69%, matrix lr 0.0814122, auxiliary lr 0.000488473
iter 380: loss 5.8596, time 914.10ms, mfu 73.69%, matrix lr 0.0801231, auxiliary lr 0.000480739
iter 390: loss 5.8032, time 913.80ms, mfu 73.69%, matrix lr 0.0788034, auxiliary lr 0.00047282
iter 400: loss 5.7910, time 914.51ms, mfu 73.68%, matrix lr 0.0774546, auxiliary lr 0.000464728
iter 410: loss 5.6352, time 914.30ms, mfu 73.68%, matrix lr 0.0760784, auxiliary lr 0.00045647
iter 420: loss 5.6478, time 914.55ms, mfu 73.67%, matrix lr 0.0746764, auxiliary lr 0.000448059
iter 430: loss 5.7769, time 914.23ms, mfu 73.67%, matrix lr 0.0732505, auxiliary lr 0.000439503
iter 440: loss 5.7779, time 913.10ms, mfu 73.68%, matrix lr 0.0718022, auxiliary lr 0.000430813
iter 450: loss 5.8692, time 912.84ms, mfu 73.68%, matrix lr 0.0703334, auxiliary lr 0.000422001
iter 460: loss 5.7212, time 914.24ms, mfu 73.68%, matrix lr 0.0688459, auxiliary lr 0.000413076
iter 470: loss 5.7652, time 914.55ms, mfu 73.67%, matrix lr 0.0673415, auxiliary lr 0.000404049
iter 480: loss 5.6013, time 913.36ms, mfu 73.68%, matrix lr 0.065822, auxiliary lr 0.000394932
iter 490: loss 5.7499, time 912.89ms, mfu 73.69%, matrix lr 0.0642894, auxiliary lr 0.000385736
iter 500: loss 5.7981, time 914.23ms, mfu 73.68%, matrix lr 0.0627453, auxiliary lr 0.000376472
iter 510: loss 5.5112, time 914.28ms, mfu 73.68%, matrix lr 0.0611918, auxiliary lr 0.000367151
iter 520: loss 5.8333, time 914.12ms, mfu 73.68%, matrix lr 0.0596308, auxiliary lr 0.000357785
iter 530: loss 5.6581, time 914.39ms, mfu 73.67%, matrix lr 0.0580641, auxiliary lr 0.000348385
iter 540: loss 5.7616, time 914.64ms, mfu 73.67%, matrix lr 0.0564936, auxiliary lr 0.000338962
iter 550: loss 5.9386, time 914.36ms, mfu 73.66%, matrix lr 0.0549214, auxiliary lr 0.000329528
iter 560: loss 5.7593, time 914.49ms, mfu 73.66%, matrix lr 0.0533492, auxiliary lr 0.000320095
iter 570: loss 5.6200, time 914.50ms, mfu 73.66%, matrix lr 0.051779, auxiliary lr 0.000310674
iter 580: loss 5.6410, time 914.53ms, mfu 73.65%, matrix lr 0.0502128, auxiliary lr 0.000301277
iter 590: loss 5.7836, time 914.53ms, mfu 73.65%, matrix lr 0.0486524, auxiliary lr 0.000291915
iter 600: loss 5.7966, time 914.47ms, mfu 73.65%, matrix lr 0.0470998, auxiliary lr 0.000282599
iter 610: loss 5.9060, time 914.73ms, mfu 73.64%, matrix lr 0.0455568, auxiliary lr 0.000273341
iter 620: loss 5.9144, time 914.27ms, mfu 73.64%, matrix lr 0.0440254, auxiliary lr 0.000264152
iter 630: loss 5.6417, time 914.75ms, mfu 73.64%, matrix lr 0.0425073, auxiliary lr 0.000255044
iter 640: loss 5.6068, time 914.74ms, mfu 73.64%, matrix lr 0.0410045, auxiliary lr 0.000246027
iter 650: loss 5.6215, time 914.43ms, mfu 73.64%, matrix lr 0.0395188, auxiliary lr 0.000237113
iter 660: loss 5.6728, time 914.87ms, mfu 73.63%, matrix lr 0.038052, auxiliary lr 0.000228312
step 666: train loss 5.6941, val loss 5.7094
saving checkpoint to /shared/home/bilal.ashfaq/nanogpt-study-runs/task-2.5/static_per_matrix_sgdm_gpt2-124m_lr0.1_mom0.99_wd0.1_seed1337_scalestatic-26f16b708d59
iter 670: loss 5.6504, time 912.36ms, mfu 73.65%, matrix lr 0.0366059, auxiliary lr 0.000219635
iter 680: loss 5.6922, time 913.91ms, mfu 73.65%, matrix lr 0.0351823, auxiliary lr 0.000211094
iter 690: loss 5.4363, time 914.06ms, mfu 73.65%, matrix lr 0.0337828, auxiliary lr 0.000202697
iter 700: loss 5.5446, time 914.79ms, mfu 73.65%, matrix lr 0.0324093, auxiliary lr 0.000194456
iter 710: loss 5.8393, time 914.06ms, mfu 73.65%, matrix lr 0.0310633, auxiliary lr 0.00018638
iter 720: loss 5.5964, time 914.40ms, mfu 73.65%, matrix lr 0.0297466, auxiliary lr 0.000178479
iter 730: loss 5.6230, time 914.25ms, mfu 73.65%, matrix lr 0.0284607, auxiliary lr 0.000170764
iter 740: loss 5.8139, time 912.98ms, mfu 73.66%, matrix lr 0.0272072, auxiliary lr 0.000163243
iter 750: loss 5.6108, time 914.16ms, mfu 73.66%, matrix lr 0.0259876, auxiliary lr 0.000155926
iter 760: loss 5.6135, time 913.58ms, mfu 73.66%, matrix lr 0.0248035, auxiliary lr 0.000148821
iter 770: loss 5.7390, time 914.56ms, mfu 73.66%, matrix lr 0.0236563, auxiliary lr 0.000141938
iter 780: loss 5.6999, time 913.43ms, mfu 73.66%, matrix lr 0.0225473, auxiliary lr 0.000135284
iter 790: loss 5.5514, time 914.28ms, mfu 73.66%, matrix lr 0.0214779, auxiliary lr 0.000128868
iter 800: loss 5.6522, time 913.89ms, mfu 73.66%, matrix lr 0.0204495, auxiliary lr 0.000122697
iter 810: loss 5.7231, time 914.42ms, mfu 73.66%, matrix lr 0.0194633, auxiliary lr 0.00011678
iter 820: loss 5.7785, time 914.53ms, mfu 73.65%, matrix lr 0.0185204, auxiliary lr 0.000111123
iter 830: loss 5.7294, time 914.55ms, mfu 73.65%, matrix lr 0.0176221, auxiliary lr 0.000105733
iter 840: loss 5.6796, time 914.45ms, mfu 73.65%, matrix lr 0.0167695, auxiliary lr 0.000100617
iter 850: loss 5.5674, time 914.55ms, mfu 73.65%, matrix lr 0.0159635, auxiliary lr 9.5781e-05
iter 860: loss 5.5870, time 914.64ms, mfu 73.64%, matrix lr 0.0152052, auxiliary lr 9.12311e-05
iter 870: loss 5.5240, time 914.40ms, mfu 73.64%, matrix lr 0.0144955, auxiliary lr 8.69728e-05
iter 880: loss 5.7567, time 914.83ms, mfu 73.64%, matrix lr 0.0138352, auxiliary lr 8.30113e-05
iter 890: loss 5.9290, time 914.41ms, mfu 73.64%, matrix lr 0.0132252, auxiliary lr 7.93513e-05
iter 900: loss 5.6465, time 914.91ms, mfu 73.63%, matrix lr 0.0126662, auxiliary lr 7.59974e-05
iter 910: loss 5.5430, time 914.41ms, mfu 73.63%, matrix lr 0.0121589, auxiliary lr 7.29536e-05
iter 920: loss 5.7405, time 912.96ms, mfu 73.64%, matrix lr 0.011704, auxiliary lr 7.02237e-05
iter 930: loss 5.6218, time 914.62ms, mfu 73.64%, matrix lr 0.0113018, auxiliary lr 6.7811e-05
iter 940: loss 5.7734, time 913.76ms, mfu 73.65%, matrix lr 0.0109531, auxiliary lr 6.57185e-05
iter 950: loss 5.8361, time 914.20ms, mfu 73.65%, matrix lr 0.0106581, auxiliary lr 6.39486e-05
iter 960: loss 5.7675, time 914.54ms, mfu 73.64%, matrix lr 0.0104173, auxiliary lr 6.25036e-05
iter 970: loss 5.5041, time 914.46ms, mfu 73.64%, matrix lr 0.0102309, auxiliary lr 6.13853e-05
iter 980: loss 5.7135, time 914.54ms, mfu 73.64%, matrix lr 0.0100992, auxiliary lr 6.05949e-05
iter 990: loss 5.5455, time 914.61ms, mfu 73.64%, matrix lr 0.0100223, auxiliary lr 6.01335e-05
step 999: train loss 5.6414, val loss 5.6394
saving checkpoint to /shared/home/bilal.ashfaq/nanogpt-study-runs/task-2.5/static_per_matrix_sgdm_gpt2-124m_lr0.1_mom0.99_wd0.1_seed1337_scalestatic-26f16b708d59
Launching: torchrun --standalone --nproc_per_node=2 train.py config/task_2_4_static.py --out_dir=/shared/home/bilal.ashfaq/nanogpt-study-runs/task-2.5/static_per_matrix_sgdm_gpt2-124m_lr0.1_mom0.99_wd0.1_seed1337_scalestatic-658ea6e7df4d --optimizer_name=static_per_matrix_sgdm --seed=1337 --max_iters=999 --init_from=scratch --matrix_learning_rate=0.1 --matrix_momentum=0.99 --static_default_multiplier=1.0 --static_exact_parameter_multipliers={} --static_matrix_type_multipliers={'attention_output': 2.0, 'attention_qkv': 2.0, 'mlp_input': 0.5, 'mlp_output': 0.5}
Overriding config with config/task_2_4_static.py:
# Task 2.4 reuses every common Task 1.6 control. Candidate-specific static
# settings are supplied only by the materialized, reviewed manifest.
with open('config/task_1_6_baseline.py', encoding='utf-8') as base_config_file:
    exec(base_config_file.read())

optimizer_name = 'static_per_matrix_sgdm'
static_default_multiplier = 1.0
static_matrix_type_multipliers = {}
static_exact_parameter_multipliers = {}

Overriding: out_dir = /shared/home/bilal.ashfaq/nanogpt-study-runs/task-2.5/static_per_matrix_sgdm_gpt2-124m_lr0.1_mom0.99_wd0.1_seed1337_scalestatic-658ea6e7df4d
Overriding: optimizer_name = static_per_matrix_sgdm
Overriding: seed = 1337
Overriding: max_iters = 999
Overriding: init_from = scratch
Overriding: matrix_learning_rate = 0.1
Overriding: matrix_momentum = 0.99
Overriding: static_default_multiplier = 1.0
Overriding: static_exact_parameter_multipliers = {}
Overriding: static_matrix_type_multipliers = {'attention_output': 2.0, 'attention_qkv': 2.0, 'mlp_input': 0.5, 'mlp_output': 0.5}
Overriding config with config/task_2_4_static.py:
# Task 2.4 reuses every common Task 1.6 control. Candidate-specific static
# settings are supplied only by the materialized, reviewed manifest.
with open('config/task_1_6_baseline.py', encoding='utf-8') as base_config_file:
    exec(base_config_file.read())

optimizer_name = 'static_per_matrix_sgdm'
static_default_multiplier = 1.0
static_matrix_type_multipliers = {}
static_exact_parameter_multipliers = {}

Overriding: out_dir = /shared/home/bilal.ashfaq/nanogpt-study-runs/task-2.5/static_per_matrix_sgdm_gpt2-124m_lr0.1_mom0.99_wd0.1_seed1337_scalestatic-658ea6e7df4d
Overriding: optimizer_name = static_per_matrix_sgdm
Overriding: seed = 1337
Overriding: max_iters = 999
Overriding: init_from = scratch
Overriding: matrix_learning_rate = 0.1
Overriding: matrix_momentum = 0.99
Overriding: static_default_multiplier = 1.0
Overriding: static_exact_parameter_multipliers = {}
Overriding: static_matrix_type_multipliers = {'attention_output': 2.0, 'attention_qkv': 2.0, 'mlp_input': 0.5, 'mlp_output': 0.5}
tokens per iteration will be: 491,520
Initializing a new model from scratch
defaulting to vocab_size of GPT-2 to 50304 (50257 rounded up for efficiency)
tokens per iteration will be: 491,520
Initializing a new model from scratch
defaulting to vocab_size of GPT-2 to 50304 (50257 rounded up for efficiency)
number of parameters: 123.59M
number of parameters: 123.59M
using fused auxiliary AdamW: True
using fused auxiliary AdamW: True
optimizer parameter audit:
{
  "parameters": [
    {
      "group": "eligible_matrix",
      "name": "transformer.h.0.attn.c_attn.weight",
      "optimizer": "static_per_matrix_sgdm",
      "parameter_count": 1769472,
      "shape": [
        2304,
        768
      ],
      "weight_decay": 0.1,
      "weight_decay_semantics": "decoupled",
      "weight_decay_treatment": "decay"
    },
    {
      "group": "eligible_matrix",
      "name": "transformer.h.0.attn.c_proj.weight",
      "optimizer": "static_per_matrix_sgdm",
      "parameter_count": 589824,
      "shape": [
        768,
        768
      ],
      "weight_decay": 0.1,
      "weight_decay_semantics": "decoupled",
      "weight_decay_treatment": "decay"
    },
    {
      "group": "auxiliary",
      "name": "transformer.h.0.ln_1.weight",
      "optimizer": "adamw",
      "parameter_count": 768,
      "shape": [
        768
      ],
      "weight_decay": 0.0,
      "weight_decay_semantics": "adamw_decoupled",
      "weight_decay_treatment": "no_decay"
    },
    {
      "group": "auxiliary",
      "name": "transformer.h.0.ln_2.weight",
      "optimizer": "adamw",
      "parameter_count": 768,
      "shape": [
        768
      ],
      "weight_decay": 0.0,
      "weight_decay_semantics": "adamw_decoupled",
      "weight_decay_treatment": "no_decay"
    },
    {
      "group": "eligible_matrix",
      "name": "transformer.h.0.mlp.c_fc.weight",
      "optimizer": "static_per_matrix_sgdm",
      "parameter_count": 2359296,
      "shape": [
        3072,
        768
      ],
      "weight_decay": 0.1,
      "weight_decay_semantics": "decoupled",
      "weight_decay_treatment": "decay"
    },
    {
      "group": "eligible_matrix",
      "name": "transformer.h.0.mlp.c_proj.weight",
      "optimizer": "static_per_matrix_sgdm",
      "parameter_count": 2359296,
      "shape": [
        768,
        3072
      ],
      "weight_decay": 0.1,
      "weight_decay_semantics": "decoupled",
      "weight_decay_treatment": "decay"
    },
    {
      "group": "eligible_matrix",
      "name": "transformer.h.1.attn.c_attn.weight",
      "optimizer": "static_per_matrix_sgdm",
      "parameter_count": 1769472,
      "shape": [
        2304,
        768
      ],
      "weight_decay": 0.1,
      "weight_decay_semantics": "decoupled",
      "weight_decay_treatment": "decay"
    },
    {
      "group": "eligible_matrix",
      "name": "transformer.h.1.attn.c_proj.weight",
      "optimizer": "static_per_matrix_sgdm",
      "parameter_count": 589824,
      "shape": [
        768,
        768
      ],
      "weight_decay": 0.1,
      "weight_decay_semantics": "decoupled",
      "weight_decay_treatment": "decay"
    },
    {
      "group": "auxiliary",
      "name": "transformer.h.1.ln_1.weight",
      "optimizer": "adamw",
      "parameter_count": 768,
      "shape": [
        768
      ],
      "weight_decay": 0.0,
      "weight_decay_semantics": "adamw_decoupled",
      "weight_decay_treatment": "no_decay"
    },
    {
      "group": "auxiliary",
      "name": "transformer.h.1.ln_2.weight",
      "optimizer": "adamw",
      "parameter_count": 768,
      "shape": [
        768
      ],
      "weight_decay": 0.0,
      "weight_decay_semantics": "adamw_decoupled",
      "weight_decay_treatment": "no_decay"
    },
    {
      "group": "eligible_matrix",
      "name": "transformer.h.1.mlp.c_fc.weight",
      "optimizer": "static_per_matrix_sgdm",
      "parameter_count": 2359296,
      "shape": [
        3072,
        768
      ],
      "weight_decay": 0.1,
      "weight_decay_semantics": "decoupled",
      "weight_decay_treatment": "decay"
    },
    {
      "group": "eligible_matrix",
      "name": "transformer.h.1.mlp.c_proj.weight",
      "optimizer": "static_per_matrix_sgdm",
      "parameter_count": 2359296,
      "shape": [
        768,
        3072
      ],
      "weight_decay": 0.1,
      "weight_decay_semantics": "decoupled",
      "weight_decay_treatment": "decay"
    },
    {
      "group": "eligible_matrix",
      "name": "transformer.h.10.attn.c_attn.weight",
      "optimizer": "static_per_matrix_sgdm",
      "parameter_count": 1769472,
      "shape": [
        2304,
        768
      ],
      "weight_decay": 0.1,
      "weight_decay_semantics": "decoupled",
      "weight_decay_treatment": "decay"
    },
    {
      "group": "eligible_matrix",
      "name": "transformer.h.10.attn.c_proj.weight",
      "optimizer": "static_per_matrix_sgdm",
      "parameter_count": 589824,
      "shape": [
        768,
        768
      ],
      "weight_decay": 0.1,
      "weight_decay_semantics": "decoupled",
      "weight_decay_treatment": "decay"
    },
    {
      "group": "auxiliary",
      "name": "transformer.h.10.ln_1.weight",
      "optimizer": "adamw",
      "parameter_count": 768,
      "shape": [
        768
      ],
      "weight_decay": 0.0,
      "weight_decay_semantics": "adamw_decoupled",
      "weight_decay_treatment": "no_decay"
    },
    {
      "group": "auxiliary",
      "name": "transformer.h.10.ln_2.weight",
      "optimizer": "adamw",
      "parameter_count": 768,
      "shape": [
        768
      ],
      "weight_decay": 0.0,
      "weight_decay_semantics": "adamw_decoupled",
      "weight_decay_treatment": "no_decay"
    },
    {
      "group": "eligible_matrix",
      "name": "transformer.h.10.mlp.c_fc.weight",
      "optimizer": "static_per_matrix_sgdm",
      "parameter_count": 2359296,
      "shape": [
        3072,
        768
      ],
      "weight_decay": 0.1,
      "weight_decay_semantics": "decoupled",
      "weight_decay_treatment": "decay"
    },
    {
      "group": "eligible_matrix",
      "name": "transformer.h.10.mlp.c_proj.weight",
      "optimizer": "static_per_matrix_sgdm",
      "parameter_count": 2359296,
      "shape": [
        768,
        3072
      ],
      "weight_decay": 0.1,
      "weight_decay_semantics": "decoupled",
      "weight_decay_treatment": "decay"
    },
    {
      "group": "eligible_matrix",
      "name": "transformer.h.11.attn.c_attn.weight",
      "optimizer": "static_per_matrix_sgdm",
      "parameter_count": 1769472,
      "shape": [
        2304,
        768
      ],
      "weight_decay": 0.1,
      "weight_decay_semantics": "decoupled",
      "weight_decay_treatment": "decay"
    },
    {
      "group": "eligible_matrix",
      "name": "transformer.h.11.attn.c_proj.weight",
      "optimizer": "static_per_matrix_sgdm",
      "parameter_count": 589824,
      "shape": [
        768,
        768
      ],
      "weight_decay": 0.1,
      "weight_decay_semantics": "decoupled",
      "weight_decay_treatment": "decay"
    },
    {
      "group": "auxiliary",
      "name": "transformer.h.11.ln_1.weight",
      "optimizer": "adamw",
      "parameter_count": 768,
      "shape": [
        768
      ],
      "weight_decay": 0.0,
      "weight_decay_semantics": "adamw_decoupled",
      "weight_decay_treatment": "no_decay"
    },
    {
      "group": "auxiliary",
      "name": "transformer.h.11.ln_2.weight",
      "optimizer": "adamw",
      "parameter_count": 768,
      "shape": [
        768
      ],
      "weight_decay": 0.0,
      "weight_decay_semantics": "adamw_decoupled",
      "weight_decay_treatment": "no_decay"
    },
    {
      "group": "eligible_matrix",
      "name": "transformer.h.11.mlp.c_fc.weight",
      "optimizer": "static_per_matrix_sgdm",
      "parameter_count": 2359296,
      "shape": [
        3072,
        768
      ],
      "weight_decay": 0.1,
      "weight_decay_semantics": "decoupled",
      "weight_decay_treatment": "decay"
    },
    {
      "group": "eligible_matrix",
      "name": "transformer.h.11.mlp.c_proj.weight",
      "optimizer": "static_per_matrix_sgdm",
      "parameter_count": 2359296,
      "shape": [
        768,
        3072
      ],
      "weight_decay": 0.1,
      "weight_decay_semantics": "decoupled",
      "weight_decay_treatment": "decay"
    },
    {
      "group": "eligible_matrix",
      "name": "transformer.h.2.attn.c_attn.weight",
      "optimizer": "static_per_matrix_sgdm",
      "parameter_count": 1769472,
      "shape": [
        2304,
        768
      ],
      "weight_decay": 0.1,
      "weight_decay_semantics": "decoupled",
      "weight_decay_treatment": "decay"
    },
    {
      "group": "eligible_matrix",
      "name": "transformer.h.2.attn.c_proj.weight",
      "optimizer": "static_per_matrix_sgdm",
      "parameter_count": 589824,
      "shape": [
        768,
        768
      ],
      "weight_decay": 0.1,
      "weight_decay_semantics": "decoupled",
      "weight_decay_treatment": "decay"
    },
    {
      "group": "auxiliary",
      "name": "transformer.h.2.ln_1.weight",
      "optimizer": "adamw",
      "parameter_count": 768,
      "shape": [
        768
      ],
      "weight_decay": 0.0,
      "weight_decay_semantics": "adamw_decoupled",
      "weight_decay_treatment": "no_decay"
    },
    {
      "group": "auxiliary",
      "name": "transformer.h.2.ln_2.weight",
      "optimizer": "adamw",
      "parameter_count": 768,
      "shape": [
        768
      ],
      "weight_decay": 0.0,
      "weight_decay_semantics": "adamw_decoupled",
      "weight_decay_treatment": "no_decay"
    },
    {
      "group": "eligible_matrix",
      "name": "transformer.h.2.mlp.c_fc.weight",
      "optimizer": "static_per_matrix_sgdm",
      "parameter_count": 2359296,
      "shape": [
        3072,
        768
      ],
      "weight_decay": 0.1,
      "weight_decay_semantics": "decoupled",
      "weight_decay_treatment": "decay"
    },
    {
      "group": "eligible_matrix",
      "name": "transformer.h.2.mlp.c_proj.weight",
      "optimizer": "static_per_matrix_sgdm",
      "parameter_count": 2359296,
      "shape": [
        768,
        3072
      ],
      "weight_decay": 0.1,
      "weight_decay_semantics": "decoupled",
      "weight_decay_treatment": "decay"
    },
    {
      "group": "eligible_matrix",
      "name": "transformer.h.3.attn.c_attn.weight",
      "optimizer": "static_per_matrix_sgdm",
      "parameter_count": 1769472,
      "shape": [
        2304,
        768
      ],
      "weight_decay": 0.1,
      "weight_decay_semantics": "decoupled",
      "weight_decay_treatment": "decay"
    },
    {
      "group": "eligible_matrix",
      "name": "transformer.h.3.attn.c_proj.weight",
      "optimizer": "static_per_matrix_sgdm",
      "parameter_count": 589824,
      "shape": [
        768,
        768
      ],
      "weight_decay": 0.1,
      "weight_decay_semantics": "decoupled",
      "weight_decay_treatment": "decay"
    },
    {
      "group": "auxiliary",
      "name": "transformer.h.3.ln_1.weight",
      "optimizer": "adamw",
      "parameter_count": 768,
      "shape": [
        768
      ],
      "weight_decay": 0.0,
      "weight_decay_semantics": "adamw_decoupled",
      "weight_decay_treatment": "no_decay"
    },
    {
      "group": "auxiliary",
      "name": "transformer.h.3.ln_2.weight",
      "optimizer": "adamw",
      "parameter_count": 768,
      "shape": [
        768
      ],
      "weight_decay": 0.0,
      "weight_decay_semantics": "adamw_decoupled",
      "weight_decay_treatment": "no_decay"
    },
    {
      "group": "eligible_matrix",
      "name": "transformer.h.3.mlp.c_fc.weight",
      "optimizer": "static_per_matrix_sgdm",
      "parameter_count": 2359296,
      "shape": [
        3072,
        768
      ],
      "weight_decay": 0.1,
      "weight_decay_semantics": "decoupled",
      "weight_decay_treatment": "decay"
    },
    {
      "group": "eligible_matrix",
      "name": "transformer.h.3.mlp.c_proj.weight",
      "optimizer": "static_per_matrix_sgdm",
      "parameter_count": 2359296,
      "shape": [
        768,
        3072
      ],
      "weight_decay": 0.1,
      "weight_decay_semantics": "decoupled",
      "weight_decay_treatment": "decay"
    },
    {
      "group": "eligible_matrix",
      "name": "transformer.h.4.attn.c_attn.weight",
      "optimizer": "static_per_matrix_sgdm",
      "parameter_count": 1769472,
      "shape": [
        2304,
        768
      ],
      "weight_decay": 0.1,
      "weight_decay_semantics": "decoupled",
      "weight_decay_treatment": "decay"
    },
    {
      "group": "eligible_matrix",
      "name": "transformer.h.4.attn.c_proj.weight",
      "optimizer": "static_per_matrix_sgdm",
      "parameter_count": 589824,
      "shape": [
        768,
        768
      ],
      "weight_decay": 0.1,
      "weight_decay_semantics": "decoupled",
      "weight_decay_treatment": "decay"
    },
    {
      "group": "auxiliary",
      "name": "transformer.h.4.ln_1.weight",
      "optimizer": "adamw",
      "parameter_count": 768,
      "shape": [
        768
      ],
      "weight_decay": 0.0,
      "weight_decay_semantics": "adamw_decoupled",
      "weight_decay_treatment": "no_decay"
    },
    {
      "group": "auxiliary",
      "name": "transformer.h.4.ln_2.weight",
      "optimizer": "adamw",
      "parameter_count": 768,
      "shape": [
        768
      ],
      "weight_decay": 0.0,
      "weight_decay_semantics": "adamw_decoupled",
      "weight_decay_treatment": "no_decay"
    },
    {
      "group": "eligible_matrix",
      "name": "transformer.h.4.mlp.c_fc.weight",
      "optimizer": "static_per_matrix_sgdm",
      "parameter_count": 2359296,
      "shape": [
        3072,
        768
      ],
      "weight_decay": 0.1,
      "weight_decay_semantics": "decoupled",
      "weight_decay_treatment": "decay"
    },
    {
      "group": "eligible_matrix",
      "name": "transformer.h.4.mlp.c_proj.weight",
      "optimizer": "static_per_matrix_sgdm",
      "parameter_count": 2359296,
      "shape": [
        768,
        3072
      ],
      "weight_decay": 0.1,
      "weight_decay_semantics": "decoupled",
      "weight_decay_treatment": "decay"
    },
    {
      "group": "eligible_matrix",
      "name": "transformer.h.5.attn.c_attn.weight",
      "optimizer": "static_per_matrix_sgdm",
      "parameter_count": 1769472,
      "shape": [
        2304,
        768
      ],
      "weight_decay": 0.1,
      "weight_decay_semantics": "decoupled",
      "weight_decay_treatment": "decay"
    },
    {
      "group": "eligible_matrix",
      "name": "transformer.h.5.attn.c_proj.weight",
      "optimizer": "static_per_matrix_sgdm",
      "parameter_count": 589824,
      "shape": [
        768,
        768
      ],
      "weight_decay": 0.1,
      "weight_decay_semantics": "decoupled",
      "weight_decay_treatment": "decay"
    },
    {
      "group": "auxiliary",
      "name": "transformer.h.5.ln_1.weight",
      "optimizer": "adamw",
      "parameter_count": 768,
      "shape": [
        768
      ],
      "weight_decay": 0.0,
      "weight_decay_semantics": "adamw_decoupled",
      "weight_decay_treatment": "no_decay"
    },
    {
      "group": "auxiliary",
      "name": "transformer.h.5.ln_2.weight",
      "optimizer": "adamw",
      "parameter_count": 768,
      "shape": [
        768
      ],
      "weight_decay": 0.0,
      "weight_decay_semantics": "adamw_decoupled",
      "weight_decay_treatment": "no_decay"
    },
    {
      "group": "eligible_matrix",
      "name": "transformer.h.5.mlp.c_fc.weight",
      "optimizer": "static_per_matrix_sgdm",
      "parameter_count": 2359296,
      "shape": [
        3072,
        768
      ],
      "weight_decay": 0.1,
      "weight_decay_semantics": "decoupled",
      "weight_decay_treatment": "decay"
    },
    {
      "group": "eligible_matrix",
      "name": "transformer.h.5.mlp.c_proj.weight",
      "optimizer": "static_per_matrix_sgdm",
      "parameter_count": 2359296,
      "shape": [
        768,
        3072
      ],
      "weight_decay": 0.1,
      "weight_decay_semantics": "decoupled",
      "weight_decay_treatment": "decay"
    },
    {
      "group": "eligible_matrix",
      "name": "transformer.h.6.attn.c_attn.weight",
      "optimizer": "static_per_matrix_sgdm",
      "parameter_count": 1769472,
      "shape": [
        2304,
        768
      ],
      "weight_decay": 0.1,
      "weight_decay_semantics": "decoupled",
      "weight_decay_treatment": "decay"
    },
    {
      "group": "eligible_matrix",
      "name": "transformer.h.6.attn.c_proj.weight",
      "optimizer": "static_per_matrix_sgdm",
      "parameter_count": 589824,
      "shape": [
        768,
        768
      ],
      "weight_decay": 0.1,
      "weight_decay_semantics": "decoupled",
      "weight_decay_treatment": "decay"
    },
    {
      "group": "auxiliary",
      "name": "transformer.h.6.ln_1.weight",
      "optimizer": "adamw",
      "parameter_count": 768,
      "shape": [
        768
      ],
      "weight_decay": 0.0,
      "weight_decay_semantics": "adamw_decoupled",
      "weight_decay_treatment": "no_decay"
    },
    {
      "group": "auxiliary",
      "name": "transformer.h.6.ln_2.weight",
      "optimizer": "adamw",
      "parameter_count": 768,
      "shape": [
        768
      ],
      "weight_decay": 0.0,
      "weight_decay_semantics": "adamw_decoupled",
      "weight_decay_treatment": "no_decay"
    },
    {
      "group": "eligible_matrix",
      "name": "transformer.h.6.mlp.c_fc.weight",
      "optimizer": "static_per_matrix_sgdm",
      "parameter_count": 2359296,
      "shape": [
        3072,
        768
      ],
      "weight_decay": 0.1,
      "weight_decay_semantics": "decoupled",
      "weight_decay_treatment": "decay"
    },
    {
      "group": "eligible_matrix",
      "name": "transformer.h.6.mlp.c_proj.weight",
      "optimizer": "static_per_matrix_sgdm",
      "parameter_count": 2359296,
      "shape": [
        768,
        3072
      ],
      "weight_decay": 0.1,
      "weight_decay_semantics": "decoupled",
      "weight_decay_treatment": "decay"
    },
    {
      "group": "eligible_matrix",
      "name": "transformer.h.7.attn.c_attn.weight",
      "optimizer": "static_per_matrix_sgdm",
      "parameter_count": 1769472,
      "shape": [
        2304,
        768
      ],
      "weight_decay": 0.1,
      "weight_decay_semantics": "decoupled",
      "weight_decay_treatment": "decay"
    },
    {
      "group": "eligible_matrix",
      "name": "transformer.h.7.attn.c_proj.weight",
      "optimizer": "static_per_matrix_sgdm",
      "parameter_count": 589824,
      "shape": [
        768,
        768
      ],
      "weight_decay": 0.1,
      "weight_decay_semantics": "decoupled",
      "weight_decay_treatment": "decay"
    },
    {
      "group": "auxiliary",
      "name": "transformer.h.7.ln_1.weight",
      "optimizer": "adamw",
      "parameter_count": 768,
      "shape": [
        768
      ],
      "weight_decay": 0.0,
      "weight_decay_semantics": "adamw_decoupled",
      "weight_decay_treatment": "no_decay"
    },
    {
      "group": "auxiliary",
      "name": "transformer.h.7.ln_2.weight",
      "optimizer": "adamw",
      "parameter_count": 768,
      "shape": [
        768
      ],
      "weight_decay": 0.0,
      "weight_decay_semantics": "adamw_decoupled",
      "weight_decay_treatment": "no_decay"
    },
    {
      "group": "eligible_matrix",
      "name": "transformer.h.7.mlp.c_fc.weight",
      "optimizer": "static_per_matrix_sgdm",
      "parameter_count": 2359296,
      "shape": [
        3072,
        768
      ],
      "weight_decay": 0.1,
      "weight_decay_semantics": "decoupled",
      "weight_decay_treatment": "decay"
    },
    {
      "group": "eligible_matrix",
      "name": "transformer.h.7.mlp.c_proj.weight",
      "optimizer": "static_per_matrix_sgdm",
      "parameter_count": 2359296,
      "shape": [
        768,
        3072
      ],
      "weight_decay": 0.1,
      "weight_decay_semantics": "decoupled",
      "weight_decay_treatment": "decay"
    },
    {
      "group": "eligible_matrix",
      "name": "transformer.h.8.attn.c_attn.weight",
      "optimizer": "static_per_matrix_sgdm",
      "parameter_count": 1769472,
      "shape": [
        2304,
        768
      ],
      "weight_decay": 0.1,
      "weight_decay_semantics": "decoupled",
      "weight_decay_treatment": "decay"
    },
    {
      "group": "eligible_matrix",
      "name": "transformer.h.8.attn.c_proj.weight",
      "optimizer": "static_per_matrix_sgdm",
      "parameter_count": 589824,
      "shape": [
        768,
        768
      ],
      "weight_decay": 0.1,
      "weight_decay_semantics": "decoupled",
      "weight_decay_treatment": "decay"
    },
    {
      "group": "auxiliary",
      "name": "transformer.h.8.ln_1.weight",
      "optimizer": "adamw",
      "parameter_count": 768,
      "shape": [
        768
      ],
      "weight_decay": 0.0,
      "weight_decay_semantics": "adamw_decoupled",
      "weight_decay_treatment": "no_decay"
    },
    {
      "group": "auxiliary",
      "name": "transformer.h.8.ln_2.weight",
      "optimizer": "adamw",
      "parameter_count": 768,
      "shape": [
        768
      ],
      "weight_decay": 0.0,
      "weight_decay_semantics": "adamw_decoupled",
      "weight_decay_treatment": "no_decay"
    },
    {
      "group": "eligible_matrix",
      "name": "transformer.h.8.mlp.c_fc.weight",
      "optimizer": "static_per_matrix_sgdm",
      "parameter_count": 2359296,
      "shape": [
        3072,
        768
      ],
      "weight_decay": 0.1,
      "weight_decay_semantics": "decoupled",
      "weight_decay_treatment": "decay"
    },
    {
      "group": "eligible_matrix",
      "name": "transformer.h.8.mlp.c_proj.weight",
      "optimizer": "static_per_matrix_sgdm",
      "parameter_count": 2359296,
      "shape": [
        768,
        3072
      ],
      "weight_decay": 0.1,
      "weight_decay_semantics": "decoupled",
      "weight_decay_treatment": "decay"
    },
    {
      "group": "eligible_matrix",
      "name": "transformer.h.9.attn.c_attn.weight",
      "optimizer": "static_per_matrix_sgdm",
      "parameter_count": 1769472,
      "shape": [
        2304,
        768
      ],
      "weight_decay": 0.1,
      "weight_decay_semantics": "decoupled",
      "weight_decay_treatment": "decay"
    },
    {
      "group": "eligible_matrix",
      "name": "transformer.h.9.attn.c_proj.weight",
      "optimizer": "static_per_matrix_sgdm",
      "parameter_count": 589824,
      "shape": [
        768,
        768
      ],
      "weight_decay": 0.1,
      "weight_decay_semantics": "decoupled",
      "weight_decay_treatment": "decay"
    },
    {
      "group": "auxiliary",
      "name": "transformer.h.9.ln_1.weight",
      "optimizer": "adamw",
      "parameter_count": 768,
      "shape": [
        768
      ],
      "weight_decay": 0.0,
      "weight_decay_semantics": "adamw_decoupled",
      "weight_decay_treatment": "no_decay"
    },
    {
      "group": "auxiliary",
      "name": "transformer.h.9.ln_2.weight",
      "optimizer": "adamw",
      "parameter_count": 768,
      "shape": [
        768
      ],
      "weight_decay": 0.0,
      "weight_decay_semantics": "adamw_decoupled",
      "weight_decay_treatment": "no_decay"
    },
    {
      "group": "eligible_matrix",
      "name": "transformer.h.9.mlp.c_fc.weight",
      "optimizer": "static_per_matrix_sgdm",
      "parameter_count": 2359296,
      "shape": [
        3072,
        768
      ],
      "weight_decay": 0.1,
      "weight_decay_semantics": "decoupled",
      "weight_decay_treatment": "decay"
    },
    {
      "group": "eligible_matrix",
      "name": "transformer.h.9.mlp.c_proj.weight",
      "optimizer": "static_per_matrix_sgdm",
      "parameter_count": 2359296,
      "shape": [
        768,
        3072
      ],
      "weight_decay": 0.1,
      "weight_decay_semantics": "decoupled",
      "weight_decay_treatment": "decay"
    },
    {
      "group": "auxiliary",
      "name": "transformer.ln_f.weight",
      "optimizer": "adamw",
      "parameter_count": 768,
      "shape": [
        768
      ],
      "weight_decay": 0.0,
      "weight_decay_semantics": "adamw_decoupled",
      "weight_decay_treatment": "no_decay"
    },
    {
      "group": "auxiliary",
      "name": "transformer.wpe.weight",
      "optimizer": "adamw",
      "parameter_count": 786432,
      "shape": [
        1024,
        768
      ],
      "weight_decay": 0.1,
      "weight_decay_semantics": "adamw_decoupled",
      "weight_decay_treatment": "decay"
    },
    {
      "group": "auxiliary",
      "name": "transformer.wte.weight",
      "optimizer": "adamw",
      "parameter_count": 38633472,
      "shape": [
        50304,
        768
      ],
      "weight_decay": 0.1,
      "weight_decay_semantics": "adamw_decoupled",
      "weight_decay_treatment": "decay"
    }
  ],
  "tied_parameters": {
    "aliases": [
      "transformer.wte.weight",
      "lm_head.weight"
    ],
    "assignment": "auxiliary",
    "canonical_name": "transformer.wte.weight",
    "counted_once": true,
    "optimizer": "adamw"
  },
  "totals": {
    "parameter_count": 124373760,
    "parameter_tensors": 75
  }
}
compiling the model... (takes a ~minute)
compiling the model... (takes a ~minute)
step 0: train loss 10.9886, val loss 10.9897
iter 0: loss 10.9734, time 16316.18ms, mfu -100.00%, matrix lr 0.000990099, auxiliary lr 5.94059e-06
iter 10: loss 10.7091, time 909.50ms, mfu 74.03%, matrix lr 0.0108911, auxiliary lr 6.53465e-05
iter 20: loss 9.8365, time 909.97ms, mfu 74.03%, matrix lr 0.0207921, auxiliary lr 0.000124752
iter 30: loss 8.5431, time 909.95ms, mfu 74.02%, matrix lr 0.0306931, auxiliary lr 0.000184158
iter 40: loss 7.9389, time 910.92ms, mfu 74.01%, matrix lr 0.0405941, auxiliary lr 0.000243564
iter 50: loss 7.5785, time 910.48ms, mfu 74.01%, matrix lr 0.050495, auxiliary lr 0.00030297
iter 60: loss 7.4899, time 911.97ms, mfu 73.99%, matrix lr 0.060396, auxiliary lr 0.000362376
iter 70: loss 7.4361, time 912.33ms, mfu 73.97%, matrix lr 0.070297, auxiliary lr 0.000421782
iter 80: loss 7.4218, time 913.33ms, mfu 73.94%, matrix lr 0.080198, auxiliary lr 0.000481188
iter 90: loss 7.6204, time 912.23ms, mfu 73.93%, matrix lr 0.090099, auxiliary lr 0.000540594
iter 100: loss 7.1795, time 913.19ms, mfu 73.91%, matrix lr 0.1, auxiliary lr 0.0006
iter 110: loss 6.7981, time 913.87ms, mfu 73.89%, matrix lr 0.0999725, auxiliary lr 0.000599835
iter 120: loss 6.7825, time 912.56ms, mfu 73.88%, matrix lr 0.0998901, auxiliary lr 0.000599341
iter 130: loss 6.5980, time 913.78ms, mfu 73.86%, matrix lr 0.0997529, auxiliary lr 0.000598518
iter 140: loss 6.5526, time 914.42ms, mfu 73.83%, matrix lr 0.0995611, auxiliary lr 0.000597367
iter 150: loss 6.3059, time 914.41ms, mfu 73.81%, matrix lr 0.0993148, auxiliary lr 0.000595889
iter 160: loss 6.3589, time 914.57ms, mfu 73.79%, matrix lr 0.0990145, auxiliary lr 0.000594087
iter 170: loss 6.1412, time 914.17ms, mfu 73.78%, matrix lr 0.0986603, auxiliary lr 0.000591962
iter 180: loss 6.0767, time 913.98ms, mfu 73.77%, matrix lr 0.0982529, auxiliary lr 0.000589518
iter 190: loss 5.9723, time 913.93ms, mfu 73.76%, matrix lr 0.0977927, auxiliary lr 0.000586756
iter 200: loss 6.0138, time 912.97ms, mfu 73.76%, matrix lr 0.0972802, auxiliary lr 0.000583681
iter 210: loss 5.8879, time 912.74ms, mfu 73.76%, matrix lr 0.0967161, auxiliary lr 0.000580296
iter 220: loss 5.9841, time 914.00ms, mfu 73.75%, matrix lr 0.096101, auxiliary lr 0.000576606
iter 230: loss 5.8558, time 914.04ms, mfu 73.74%, matrix lr 0.0954358, auxiliary lr 0.000572615
iter 240: loss 5.9476, time 913.85ms, mfu 73.73%, matrix lr 0.0947212, auxiliary lr 0.000568327
iter 250: loss 5.8262, time 913.90ms, mfu 73.73%, matrix lr 0.093958, auxiliary lr 0.000563748
iter 260: loss 5.8382, time 914.16ms, mfu 73.72%, matrix lr 0.0931473, auxiliary lr 0.000558884
iter 270: loss 5.8607, time 913.95ms, mfu 73.72%, matrix lr 0.0922901, auxiliary lr 0.00055374
iter 280: loss 6.1081, time 914.11ms, mfu 73.71%, matrix lr 0.0913873, auxiliary lr 0.000548324
iter 290: loss 5.9903, time 913.99ms, mfu 73.70%, matrix lr 0.09044, auxiliary lr 0.00054264
iter 300: loss 5.8262, time 912.59ms, mfu 73.71%, matrix lr 0.0894495, auxiliary lr 0.000536697
iter 310: loss 5.8542, time 912.72ms, mfu 73.72%, matrix lr 0.088417, auxiliary lr 0.000530502
iter 320: loss 5.9075, time 914.22ms, mfu 73.71%, matrix lr 0.0873436, auxiliary lr 0.000524061
iter 330: loss 5.9832, time 914.22ms, mfu 73.70%, matrix lr 0.0862307, auxiliary lr 0.000517384
step 333: train loss 5.8591, val loss 5.8608
saving checkpoint to /shared/home/bilal.ashfaq/nanogpt-study-runs/task-2.5/static_per_matrix_sgdm_gpt2-124m_lr0.1_mom0.99_wd0.1_seed1337_scalestatic-658ea6e7df4d
iter 340: loss 5.6379, time 912.07ms, mfu 73.72%, matrix lr 0.0850797, auxiliary lr 0.000510478
iter 350: loss 5.7283, time 913.69ms, mfu 73.71%, matrix lr 0.083892, auxiliary lr 0.000503352
iter 360: loss 5.8903, time 912.47ms, mfu 73.72%, matrix lr 0.082669, auxiliary lr 0.000496014
iter 370: loss 5.7670, time 913.68ms, mfu 73.72%, matrix lr 0.0814122, auxiliary lr 0.000488473
iter 380: loss 5.9246, time 914.17ms, mfu 73.71%, matrix lr 0.0801231, auxiliary lr 0.000480739
iter 390: loss 5.8602, time 914.29ms, mfu 73.70%, matrix lr 0.0788034, auxiliary lr 0.00047282
iter 400: loss 5.8386, time 913.52ms, mfu 73.70%, matrix lr 0.0774546, auxiliary lr 0.000464728
iter 410: loss 5.7075, time 914.48ms, mfu 73.70%, matrix lr 0.0760784, auxiliary lr 0.00045647
iter 420: loss 5.6992, time 914.10ms, mfu 73.69%, matrix lr 0.0746764, auxiliary lr 0.000448059
iter 430: loss 5.8489, time 912.86ms, mfu 73.70%, matrix lr 0.0732505, auxiliary lr 0.000439503
iter 440: loss 5.8263, time 914.65ms, mfu 73.69%, matrix lr 0.0718022, auxiliary lr 0.000430813
iter 450: loss 5.9089, time 913.29ms, mfu 73.69%, matrix lr 0.0703334, auxiliary lr 0.000422001
iter 460: loss 5.7774, time 914.45ms, mfu 73.69%, matrix lr 0.0688459, auxiliary lr 0.000413076
iter 470: loss 5.8146, time 914.73ms, mfu 73.68%, matrix lr 0.0673415, auxiliary lr 0.000404049
iter 480: loss 5.6531, time 914.71ms, mfu 73.67%, matrix lr 0.065822, auxiliary lr 0.000394932
iter 490: loss 5.8108, time 914.51ms, mfu 73.67%, matrix lr 0.0642894, auxiliary lr 0.000385736
iter 500: loss 5.8536, time 914.65ms, mfu 73.66%, matrix lr 0.0627453, auxiliary lr 0.000376472
iter 510: loss 5.5556, time 913.72ms, mfu 73.66%, matrix lr 0.0611918, auxiliary lr 0.000367151
iter 520: loss 5.8812, time 914.26ms, mfu 73.66%, matrix lr 0.0596308, auxiliary lr 0.000357785
iter 530: loss 5.7073, time 914.66ms, mfu 73.66%, matrix lr 0.0580641, auxiliary lr 0.000348385
iter 540: loss 5.7967, time 914.66ms, mfu 73.65%, matrix lr 0.0564936, auxiliary lr 0.000338962
iter 550: loss 5.9790, time 914.55ms, mfu 73.65%, matrix lr 0.0549214, auxiliary lr 0.000329528
iter 560: loss 5.7992, time 914.87ms, mfu 73.64%, matrix lr 0.0533492, auxiliary lr 0.000320095
iter 570: loss 5.6656, time 914.91ms, mfu 73.64%, matrix lr 0.051779, auxiliary lr 0.000310674
iter 580: loss 5.7002, time 914.57ms, mfu 73.64%, matrix lr 0.0502128, auxiliary lr 0.000301277
iter 590: loss 5.8288, time 914.36ms, mfu 73.64%, matrix lr 0.0486524, auxiliary lr 0.000291915
iter 600: loss 5.8494, time 913.58ms, mfu 73.64%, matrix lr 0.0470998, auxiliary lr 0.000282599
iter 610: loss 5.9516, time 914.34ms, mfu 73.64%, matrix lr 0.0455568, auxiliary lr 0.000273341
iter 620: loss 5.9597, time 914.36ms, mfu 73.64%, matrix lr 0.0440254, auxiliary lr 0.000264152
iter 630: loss 5.6849, time 914.49ms, mfu 73.64%, matrix lr 0.0425073, auxiliary lr 0.000255044
iter 640: loss 5.6511, time 914.81ms, mfu 73.64%, matrix lr 0.0410045, auxiliary lr 0.000246027
iter 650: loss 5.6714, time 914.33ms, mfu 73.64%, matrix lr 0.0395188, auxiliary lr 0.000237113
iter 660: loss 5.7208, time 914.97ms, mfu 73.63%, matrix lr 0.038052, auxiliary lr 0.000228312
step 666: train loss 5.7404, val loss 5.7563
saving checkpoint to /shared/home/bilal.ashfaq/nanogpt-study-runs/task-2.5/static_per_matrix_sgdm_gpt2-124m_lr0.1_mom0.99_wd0.1_seed1337_scalestatic-658ea6e7df4d
iter 670: loss 5.7032, time 913.86ms, mfu 73.64%, matrix lr 0.0366059, auxiliary lr 0.000219635
iter 680: loss 5.7434, time 913.04ms, mfu 73.65%, matrix lr 0.0351823, auxiliary lr 0.000211094
iter 690: loss 5.4858, time 913.71ms, mfu 73.65%, matrix lr 0.0337828, auxiliary lr 0.000202697
iter 700: loss 5.5862, time 914.34ms, mfu 73.65%, matrix lr 0.0324093, auxiliary lr 0.000194456
iter 710: loss 5.8868, time 914.22ms, mfu 73.65%, matrix lr 0.0310633, auxiliary lr 0.00018638
iter 720: loss 5.6409, time 914.30ms, mfu 73.65%, matrix lr 0.0297466, auxiliary lr 0.000178479
iter 730: loss 5.6692, time 914.50ms, mfu 73.65%, matrix lr 0.0284607, auxiliary lr 0.000170764
iter 740: loss 5.8505, time 914.42ms, mfu 73.64%, matrix lr 0.0272072, auxiliary lr 0.000163243
iter 750: loss 5.6537, time 913.22ms, mfu 73.65%, matrix lr 0.0259876, auxiliary lr 0.000155926
iter 760: loss 5.6564, time 912.90ms, mfu 73.66%, matrix lr 0.0248035, auxiliary lr 0.000148821
iter 770: loss 5.7848, time 913.11ms, mfu 73.67%, matrix lr 0.0236563, auxiliary lr 0.000141938
iter 780: loss 5.7506, time 914.38ms, mfu 73.67%, matrix lr 0.0225473, auxiliary lr 0.000135284
iter 790: loss 5.5990, time 913.75ms, mfu 73.67%, matrix lr 0.0214779, auxiliary lr 0.000128868
iter 800: loss 5.6949, time 914.70ms, mfu 73.66%, matrix lr 0.0204495, auxiliary lr 0.000122697
iter 810: loss 5.7676, time 914.28ms, mfu 73.66%, matrix lr 0.0194633, auxiliary lr 0.00011678
iter 820: loss 5.8298, time 914.85ms, mfu 73.65%, matrix lr 0.0185204, auxiliary lr 0.000111123
iter 830: loss 5.7789, time 914.34ms, mfu 73.65%, matrix lr 0.0176221, auxiliary lr 0.000105733
iter 840: loss 5.7222, time 914.31ms, mfu 73.65%, matrix lr 0.0167695, auxiliary lr 0.000100617
iter 850: loss 5.6165, time 914.52ms, mfu 73.65%, matrix lr 0.0159635, auxiliary lr 9.5781e-05
iter 860: loss 5.6332, time 914.80ms, mfu 73.64%, matrix lr 0.0152052, auxiliary lr 9.12311e-05
iter 870: loss 5.5687, time 914.54ms, mfu 73.64%, matrix lr 0.0144955, auxiliary lr 8.69728e-05
iter 880: loss 5.8051, time 914.55ms, mfu 73.64%, matrix lr 0.0138352, auxiliary lr 8.30113e-05
iter 890: loss 5.9751, time 915.11ms, mfu 73.63%, matrix lr 0.0132252, auxiliary lr 7.93513e-05
iter 900: loss 5.6917, time 914.74ms, mfu 73.63%, matrix lr 0.0126662, auxiliary lr 7.59974e-05
iter 910: loss 5.5888, time 914.95ms, mfu 73.63%, matrix lr 0.0121589, auxiliary lr 7.29536e-05
iter 920: loss 5.7822, time 914.78ms, mfu 73.62%, matrix lr 0.011704, auxiliary lr 7.02237e-05
iter 930: loss 5.6619, time 914.56ms, mfu 73.62%, matrix lr 0.0113018, auxiliary lr 6.7811e-05
iter 940: loss 5.8129, time 914.80ms, mfu 73.62%, matrix lr 0.0109531, auxiliary lr 6.57185e-05
iter 950: loss 5.8788, time 913.46ms, mfu 73.63%, matrix lr 0.0106581, auxiliary lr 6.39486e-05
iter 960: loss 5.8134, time 914.92ms, mfu 73.63%, matrix lr 0.0104173, auxiliary lr 6.25036e-05
iter 970: loss 5.5466, time 914.76ms, mfu 73.62%, matrix lr 0.0102309, auxiliary lr 6.13853e-05
iter 980: loss 5.7530, time 914.34ms, mfu 73.62%, matrix lr 0.0100992, auxiliary lr 6.05949e-05
iter 990: loss 5.5891, time 913.06ms, mfu 73.64%, matrix lr 0.0100223, auxiliary lr 6.01335e-05
step 999: train loss 5.6837, val loss 5.6827
saving checkpoint to /shared/home/bilal.ashfaq/nanogpt-study-runs/task-2.5/static_per_matrix_sgdm_gpt2-124m_lr0.1_mom0.99_wd0.1_seed1337_scalestatic-658ea6e7df4d
Launching: torchrun --standalone --nproc_per_node=2 train.py config/task_2_4_static.py --out_dir=/shared/home/bilal.ashfaq/nanogpt-study-runs/task-2.5/static_per_matrix_sgdm_gpt2-124m_lr0.1_mom0.99_wd0.1_seed1337_scalestatic-2633929b6baf --optimizer_name=static_per_matrix_sgdm --seed=1337 --max_iters=999 --init_from=scratch --matrix_learning_rate=0.1 --matrix_momentum=0.99 --static_default_multiplier=1.0 --static_exact_parameter_multipliers={} --static_matrix_type_multipliers={'attention_output': 0.5, 'attention_qkv': 0.5, 'mlp_input': 2.0, 'mlp_output': 2.0}
Overriding config with config/task_2_4_static.py:
# Task 2.4 reuses every common Task 1.6 control. Candidate-specific static
# settings are supplied only by the materialized, reviewed manifest.
with open('config/task_1_6_baseline.py', encoding='utf-8') as base_config_file:
    exec(base_config_file.read())

optimizer_name = 'static_per_matrix_sgdm'
static_default_multiplier = 1.0
static_matrix_type_multipliers = {}
static_exact_parameter_multipliers = {}

Overriding: out_dir = /shared/home/bilal.ashfaq/nanogpt-study-runs/task-2.5/static_per_matrix_sgdm_gpt2-124m_lr0.1_mom0.99_wd0.1_seed1337_scalestatic-2633929b6baf
Overriding: optimizer_name = static_per_matrix_sgdm
Overriding: seed = 1337
Overriding: max_iters = 999
Overriding: init_from = scratch
Overriding: matrix_learning_rate = 0.1
Overriding: matrix_momentum = 0.99
Overriding: static_default_multiplier = 1.0
Overriding: static_exact_parameter_multipliers = {}
Overriding: static_matrix_type_multipliers = {'attention_output': 0.5, 'attention_qkv': 0.5, 'mlp_input': 2.0, 'mlp_output': 2.0}
Overriding config with config/task_2_4_static.py:
# Task 2.4 reuses every common Task 1.6 control. Candidate-specific static
# settings are supplied only by the materialized, reviewed manifest.
with open('config/task_1_6_baseline.py', encoding='utf-8') as base_config_file:
    exec(base_config_file.read())

optimizer_name = 'static_per_matrix_sgdm'
static_default_multiplier = 1.0
static_matrix_type_multipliers = {}
static_exact_parameter_multipliers = {}

Overriding: out_dir = /shared/home/bilal.ashfaq/nanogpt-study-runs/task-2.5/static_per_matrix_sgdm_gpt2-124m_lr0.1_mom0.99_wd0.1_seed1337_scalestatic-2633929b6baf
Overriding: optimizer_name = static_per_matrix_sgdm
Overriding: seed = 1337
Overriding: max_iters = 999
Overriding: init_from = scratch
Overriding: matrix_learning_rate = 0.1
Overriding: matrix_momentum = 0.99
Overriding: static_default_multiplier = 1.0
Overriding: static_exact_parameter_multipliers = {}
Overriding: static_matrix_type_multipliers = {'attention_output': 0.5, 'attention_qkv': 0.5, 'mlp_input': 2.0, 'mlp_output': 2.0}
tokens per iteration will be: 491,520
Initializing a new model from scratch
defaulting to vocab_size of GPT-2 to 50304 (50257 rounded up for efficiency)
tokens per iteration will be: 491,520
Initializing a new model from scratch
defaulting to vocab_size of GPT-2 to 50304 (50257 rounded up for efficiency)
number of parameters: 123.59M
number of parameters: 123.59M
using fused auxiliary AdamW: True
using fused auxiliary AdamW: True
optimizer parameter audit:
{
  "parameters": [
    {
      "group": "eligible_matrix",
      "name": "transformer.h.0.attn.c_attn.weight",
      "optimizer": "static_per_matrix_sgdm",
      "parameter_count": 1769472,
      "shape": [
        2304,
        768
      ],
      "weight_decay": 0.1,
      "weight_decay_semantics": "decoupled",
      "weight_decay_treatment": "decay"
    },
    {
      "group": "eligible_matrix",
      "name": "transformer.h.0.attn.c_proj.weight",
      "optimizer": "static_per_matrix_sgdm",
      "parameter_count": 589824,
      "shape": [
        768,
        768
      ],
      "weight_decay": 0.1,
      "weight_decay_semantics": "decoupled",
      "weight_decay_treatment": "decay"
    },
    {
      "group": "auxiliary",
      "name": "transformer.h.0.ln_1.weight",
      "optimizer": "adamw",
      "parameter_count": 768,
      "shape": [
        768
      ],
      "weight_decay": 0.0,
      "weight_decay_semantics": "adamw_decoupled",
      "weight_decay_treatment": "no_decay"
    },
    {
      "group": "auxiliary",
      "name": "transformer.h.0.ln_2.weight",
      "optimizer": "adamw",
      "parameter_count": 768,
      "shape": [
        768
      ],
      "weight_decay": 0.0,
      "weight_decay_semantics": "adamw_decoupled",
      "weight_decay_treatment": "no_decay"
    },
    {
      "group": "eligible_matrix",
      "name": "transformer.h.0.mlp.c_fc.weight",
      "optimizer": "static_per_matrix_sgdm",
      "parameter_count": 2359296,
      "shape": [
        3072,
        768
      ],
      "weight_decay": 0.1,
      "weight_decay_semantics": "decoupled",
      "weight_decay_treatment": "decay"
    },
    {
      "group": "eligible_matrix",
      "name": "transformer.h.0.mlp.c_proj.weight",
      "optimizer": "static_per_matrix_sgdm",
      "parameter_count": 2359296,
      "shape": [
        768,
        3072
      ],
      "weight_decay": 0.1,
      "weight_decay_semantics": "decoupled",
      "weight_decay_treatment": "decay"
    },
    {
      "group": "eligible_matrix",
      "name": "transformer.h.1.attn.c_attn.weight",
      "optimizer": "static_per_matrix_sgdm",
      "parameter_count": 1769472,
      "shape": [
        2304,
        768
      ],
      "weight_decay": 0.1,
      "weight_decay_semantics": "decoupled",
      "weight_decay_treatment": "decay"
    },
    {
      "group": "eligible_matrix",
      "name": "transformer.h.1.attn.c_proj.weight",
      "optimizer": "static_per_matrix_sgdm",
      "parameter_count": 589824,
      "shape": [
        768,
        768
      ],
      "weight_decay": 0.1,
      "weight_decay_semantics": "decoupled",
      "weight_decay_treatment": "decay"
    },
    {
      "group": "auxiliary",
      "name": "transformer.h.1.ln_1.weight",
      "optimizer": "adamw",
      "parameter_count": 768,
      "shape": [
        768
      ],
      "weight_decay": 0.0,
      "weight_decay_semantics": "adamw_decoupled",
      "weight_decay_treatment": "no_decay"
    },
    {
      "group": "auxiliary",
      "name": "transformer.h.1.ln_2.weight",
      "optimizer": "adamw",
      "parameter_count": 768,
      "shape": [
        768
      ],
      "weight_decay": 0.0,
      "weight_decay_semantics": "adamw_decoupled",
      "weight_decay_treatment": "no_decay"
    },
    {
      "group": "eligible_matrix",
      "name": "transformer.h.1.mlp.c_fc.weight",
      "optimizer": "static_per_matrix_sgdm",
      "parameter_count": 2359296,
      "shape": [
        3072,
        768
      ],
      "weight_decay": 0.1,
      "weight_decay_semantics": "decoupled",
      "weight_decay_treatment": "decay"
    },
    {
      "group": "eligible_matrix",
      "name": "transformer.h.1.mlp.c_proj.weight",
      "optimizer": "static_per_matrix_sgdm",
      "parameter_count": 2359296,
      "shape": [
        768,
        3072
      ],
      "weight_decay": 0.1,
      "weight_decay_semantics": "decoupled",
      "weight_decay_treatment": "decay"
    },
    {
      "group": "eligible_matrix",
      "name": "transformer.h.10.attn.c_attn.weight",
      "optimizer": "static_per_matrix_sgdm",
      "parameter_count": 1769472,
      "shape": [
        2304,
        768
      ],
      "weight_decay": 0.1,
      "weight_decay_semantics": "decoupled",
      "weight_decay_treatment": "decay"
    },
    {
      "group": "eligible_matrix",
      "name": "transformer.h.10.attn.c_proj.weight",
      "optimizer": "static_per_matrix_sgdm",
      "parameter_count": 589824,
      "shape": [
        768,
        768
      ],
      "weight_decay": 0.1,
      "weight_decay_semantics": "decoupled",
      "weight_decay_treatment": "decay"
    },
    {
      "group": "auxiliary",
      "name": "transformer.h.10.ln_1.weight",
      "optimizer": "adamw",
      "parameter_count": 768,
      "shape": [
        768
      ],
      "weight_decay": 0.0,
      "weight_decay_semantics": "adamw_decoupled",
      "weight_decay_treatment": "no_decay"
    },
    {
      "group": "auxiliary",
      "name": "transformer.h.10.ln_2.weight",
      "optimizer": "adamw",
      "parameter_count": 768,
      "shape": [
        768
      ],
      "weight_decay": 0.0,
      "weight_decay_semantics": "adamw_decoupled",
      "weight_decay_treatment": "no_decay"
    },
    {
      "group": "eligible_matrix",
      "name": "transformer.h.10.mlp.c_fc.weight",
      "optimizer": "static_per_matrix_sgdm",
      "parameter_count": 2359296,
      "shape": [
        3072,
        768
      ],
      "weight_decay": 0.1,
      "weight_decay_semantics": "decoupled",
      "weight_decay_treatment": "decay"
    },
    {
      "group": "eligible_matrix",
      "name": "transformer.h.10.mlp.c_proj.weight",
      "optimizer": "static_per_matrix_sgdm",
      "parameter_count": 2359296,
      "shape": [
        768,
        3072
      ],
      "weight_decay": 0.1,
      "weight_decay_semantics": "decoupled",
      "weight_decay_treatment": "decay"
    },
    {
      "group": "eligible_matrix",
      "name": "transformer.h.11.attn.c_attn.weight",
      "optimizer": "static_per_matrix_sgdm",
      "parameter_count": 1769472,
      "shape": [
        2304,
        768
      ],
      "weight_decay": 0.1,
      "weight_decay_semantics": "decoupled",
      "weight_decay_treatment": "decay"
    },
    {
      "group": "eligible_matrix",
      "name": "transformer.h.11.attn.c_proj.weight",
      "optimizer": "static_per_matrix_sgdm",
      "parameter_count": 589824,
      "shape": [
        768,
        768
      ],
      "weight_decay": 0.1,
      "weight_decay_semantics": "decoupled",
      "weight_decay_treatment": "decay"
    },
    {
      "group": "auxiliary",
      "name": "transformer.h.11.ln_1.weight",
      "optimizer": "adamw",
      "parameter_count": 768,
      "shape": [
        768
      ],
      "weight_decay": 0.0,
      "weight_decay_semantics": "adamw_decoupled",
      "weight_decay_treatment": "no_decay"
    },
    {
      "group": "auxiliary",
      "name": "transformer.h.11.ln_2.weight",
      "optimizer": "adamw",
      "parameter_count": 768,
      "shape": [
        768
      ],
      "weight_decay": 0.0,
      "weight_decay_semantics": "adamw_decoupled",
      "weight_decay_treatment": "no_decay"
    },
    {
      "group": "eligible_matrix",
      "name": "transformer.h.11.mlp.c_fc.weight",
      "optimizer": "static_per_matrix_sgdm",
      "parameter_count": 2359296,
      "shape": [
        3072,
        768
      ],
      "weight_decay": 0.1,
      "weight_decay_semantics": "decoupled",
      "weight_decay_treatment": "decay"
    },
    {
      "group": "eligible_matrix",
      "name": "transformer.h.11.mlp.c_proj.weight",
      "optimizer": "static_per_matrix_sgdm",
      "parameter_count": 2359296,
      "shape": [
        768,
        3072
      ],
      "weight_decay": 0.1,
      "weight_decay_semantics": "decoupled",
      "weight_decay_treatment": "decay"
    },
    {
      "group": "eligible_matrix",
      "name": "transformer.h.2.attn.c_attn.weight",
      "optimizer": "static_per_matrix_sgdm",
      "parameter_count": 1769472,
      "shape": [
        2304,
        768
      ],
      "weight_decay": 0.1,
      "weight_decay_semantics": "decoupled",
      "weight_decay_treatment": "decay"
    },
    {
      "group": "eligible_matrix",
      "name": "transformer.h.2.attn.c_proj.weight",
      "optimizer": "static_per_matrix_sgdm",
      "parameter_count": 589824,
      "shape": [
        768,
        768
      ],
      "weight_decay": 0.1,
      "weight_decay_semantics": "decoupled",
      "weight_decay_treatment": "decay"
    },
    {
      "group": "auxiliary",
      "name": "transformer.h.2.ln_1.weight",
      "optimizer": "adamw",
      "parameter_count": 768,
      "shape": [
        768
      ],
      "weight_decay": 0.0,
      "weight_decay_semantics": "adamw_decoupled",
      "weight_decay_treatment": "no_decay"
    },
    {
      "group": "auxiliary",
      "name": "transformer.h.2.ln_2.weight",
      "optimizer": "adamw",
      "parameter_count": 768,
      "shape": [
        768
      ],
      "weight_decay": 0.0,
      "weight_decay_semantics": "adamw_decoupled",
      "weight_decay_treatment": "no_decay"
    },
    {
      "group": "eligible_matrix",
      "name": "transformer.h.2.mlp.c_fc.weight",
      "optimizer": "static_per_matrix_sgdm",
      "parameter_count": 2359296,
      "shape": [
        3072,
        768
      ],
      "weight_decay": 0.1,
      "weight_decay_semantics": "decoupled",
      "weight_decay_treatment": "decay"
    },
    {
      "group": "eligible_matrix",
      "name": "transformer.h.2.mlp.c_proj.weight",
      "optimizer": "static_per_matrix_sgdm",
      "parameter_count": 2359296,
      "shape": [
        768,
        3072
      ],
      "weight_decay": 0.1,
      "weight_decay_semantics": "decoupled",
      "weight_decay_treatment": "decay"
    },
    {
      "group": "eligible_matrix",
      "name": "transformer.h.3.attn.c_attn.weight",
      "optimizer": "static_per_matrix_sgdm",
      "parameter_count": 1769472,
      "shape": [
        2304,
        768
      ],
      "weight_decay": 0.1,
      "weight_decay_semantics": "decoupled",
      "weight_decay_treatment": "decay"
    },
    {
      "group": "eligible_matrix",
      "name": "transformer.h.3.attn.c_proj.weight",
      "optimizer": "static_per_matrix_sgdm",
      "parameter_count": 589824,
      "shape": [
        768,
        768
      ],
      "weight_decay": 0.1,
      "weight_decay_semantics": "decoupled",
      "weight_decay_treatment": "decay"
    },
    {
      "group": "auxiliary",
      "name": "transformer.h.3.ln_1.weight",
      "optimizer": "adamw",
      "parameter_count": 768,
      "shape": [
        768
      ],
      "weight_decay": 0.0,
      "weight_decay_semantics": "adamw_decoupled",
      "weight_decay_treatment": "no_decay"
    },
    {
      "group": "auxiliary",
      "name": "transformer.h.3.ln_2.weight",
      "optimizer": "adamw",
      "parameter_count": 768,
      "shape": [
        768
      ],
      "weight_decay": 0.0,
      "weight_decay_semantics": "adamw_decoupled",
      "weight_decay_treatment": "no_decay"
    },
    {
      "group": "eligible_matrix",
      "name": "transformer.h.3.mlp.c_fc.weight",
      "optimizer": "static_per_matrix_sgdm",
      "parameter_count": 2359296,
      "shape": [
        3072,
        768
      ],
      "weight_decay": 0.1,
      "weight_decay_semantics": "decoupled",
      "weight_decay_treatment": "decay"
    },
    {
      "group": "eligible_matrix",
      "name": "transformer.h.3.mlp.c_proj.weight",
      "optimizer": "static_per_matrix_sgdm",
      "parameter_count": 2359296,
      "shape": [
        768,
        3072
      ],
      "weight_decay": 0.1,
      "weight_decay_semantics": "decoupled",
      "weight_decay_treatment": "decay"
    },
    {
      "group": "eligible_matrix",
      "name": "transformer.h.4.attn.c_attn.weight",
      "optimizer": "static_per_matrix_sgdm",
      "parameter_count": 1769472,
      "shape": [
        2304,
        768
      ],
      "weight_decay": 0.1,
      "weight_decay_semantics": "decoupled",
      "weight_decay_treatment": "decay"
    },
    {
      "group": "eligible_matrix",
      "name": "transformer.h.4.attn.c_proj.weight",
      "optimizer": "static_per_matrix_sgdm",
      "parameter_count": 589824,
      "shape": [
        768,
        768
      ],
      "weight_decay": 0.1,
      "weight_decay_semantics": "decoupled",
      "weight_decay_treatment": "decay"
    },
    {
      "group": "auxiliary",
      "name": "transformer.h.4.ln_1.weight",
      "optimizer": "adamw",
      "parameter_count": 768,
      "shape": [
        768
      ],
      "weight_decay": 0.0,
      "weight_decay_semantics": "adamw_decoupled",
      "weight_decay_treatment": "no_decay"
    },
    {
      "group": "auxiliary",
      "name": "transformer.h.4.ln_2.weight",
      "optimizer": "adamw",
      "parameter_count": 768,
      "shape": [
        768
      ],
      "weight_decay": 0.0,
      "weight_decay_semantics": "adamw_decoupled",
      "weight_decay_treatment": "no_decay"
    },
    {
      "group": "eligible_matrix",
      "name": "transformer.h.4.mlp.c_fc.weight",
      "optimizer": "static_per_matrix_sgdm",
      "parameter_count": 2359296,
      "shape": [
        3072,
        768
      ],
      "weight_decay": 0.1,
      "weight_decay_semantics": "decoupled",
      "weight_decay_treatment": "decay"
    },
    {
      "group": "eligible_matrix",
      "name": "transformer.h.4.mlp.c_proj.weight",
      "optimizer": "static_per_matrix_sgdm",
      "parameter_count": 2359296,
      "shape": [
        768,
        3072
      ],
      "weight_decay": 0.1,
      "weight_decay_semantics": "decoupled",
      "weight_decay_treatment": "decay"
    },
    {
      "group": "eligible_matrix",
      "name": "transformer.h.5.attn.c_attn.weight",
      "optimizer": "static_per_matrix_sgdm",
      "parameter_count": 1769472,
      "shape": [
        2304,
        768
      ],
      "weight_decay": 0.1,
      "weight_decay_semantics": "decoupled",
      "weight_decay_treatment": "decay"
    },
    {
      "group": "eligible_matrix",
      "name": "transformer.h.5.attn.c_proj.weight",
      "optimizer": "static_per_matrix_sgdm",
      "parameter_count": 589824,
      "shape": [
        768,
        768
      ],
      "weight_decay": 0.1,
      "weight_decay_semantics": "decoupled",
      "weight_decay_treatment": "decay"
    },
    {
      "group": "auxiliary",
      "name": "transformer.h.5.ln_1.weight",
      "optimizer": "adamw",
      "parameter_count": 768,
      "shape": [
        768
      ],
      "weight_decay": 0.0,
      "weight_decay_semantics": "adamw_decoupled",
      "weight_decay_treatment": "no_decay"
    },
    {
      "group": "auxiliary",
      "name": "transformer.h.5.ln_2.weight",
      "optimizer": "adamw",
      "parameter_count": 768,
      "shape": [
        768
      ],
      "weight_decay": 0.0,
      "weight_decay_semantics": "adamw_decoupled",
      "weight_decay_treatment": "no_decay"
    },
    {
      "group": "eligible_matrix",
      "name": "transformer.h.5.mlp.c_fc.weight",
      "optimizer": "static_per_matrix_sgdm",
      "parameter_count": 2359296,
      "shape": [
        3072,
        768
      ],
      "weight_decay": 0.1,
      "weight_decay_semantics": "decoupled",
      "weight_decay_treatment": "decay"
    },
    {
      "group": "eligible_matrix",
      "name": "transformer.h.5.mlp.c_proj.weight",
      "optimizer": "static_per_matrix_sgdm",
      "parameter_count": 2359296,
      "shape": [
        768,
        3072
      ],
      "weight_decay": 0.1,
      "weight_decay_semantics": "decoupled",
      "weight_decay_treatment": "decay"
    },
    {
      "group": "eligible_matrix",
      "name": "transformer.h.6.attn.c_attn.weight",
      "optimizer": "static_per_matrix_sgdm",
      "parameter_count": 1769472,
      "shape": [
        2304,
        768
      ],
      "weight_decay": 0.1,
      "weight_decay_semantics": "decoupled",
      "weight_decay_treatment": "decay"
    },
    {
      "group": "eligible_matrix",
      "name": "transformer.h.6.attn.c_proj.weight",
      "optimizer": "static_per_matrix_sgdm",
      "parameter_count": 589824,
      "shape": [
        768,
        768
      ],
      "weight_decay": 0.1,
      "weight_decay_semantics": "decoupled",
      "weight_decay_treatment": "decay"
    },
    {
      "group": "auxiliary",
      "name": "transformer.h.6.ln_1.weight",
      "optimizer": "adamw",
      "parameter_count": 768,
      "shape": [
        768
      ],
      "weight_decay": 0.0,
      "weight_decay_semantics": "adamw_decoupled",
      "weight_decay_treatment": "no_decay"
    },
    {
      "group": "auxiliary",
      "name": "transformer.h.6.ln_2.weight",
      "optimizer": "adamw",
      "parameter_count": 768,
      "shape": [
        768
      ],
      "weight_decay": 0.0,
      "weight_decay_semantics": "adamw_decoupled",
      "weight_decay_treatment": "no_decay"
    },
    {
      "group": "eligible_matrix",
      "name": "transformer.h.6.mlp.c_fc.weight",
      "optimizer": "static_per_matrix_sgdm",
      "parameter_count": 2359296,
      "shape": [
        3072,
        768
      ],
      "weight_decay": 0.1,
      "weight_decay_semantics": "decoupled",
      "weight_decay_treatment": "decay"
    },
    {
      "group": "eligible_matrix",
      "name": "transformer.h.6.mlp.c_proj.weight",
      "optimizer": "static_per_matrix_sgdm",
      "parameter_count": 2359296,
      "shape": [
        768,
        3072
      ],
      "weight_decay": 0.1,
      "weight_decay_semantics": "decoupled",
      "weight_decay_treatment": "decay"
    },
    {
      "group": "eligible_matrix",
      "name": "transformer.h.7.attn.c_attn.weight",
      "optimizer": "static_per_matrix_sgdm",
      "parameter_count": 1769472,
      "shape": [
        2304,
        768
      ],
      "weight_decay": 0.1,
      "weight_decay_semantics": "decoupled",
      "weight_decay_treatment": "decay"
    },
    {
      "group": "eligible_matrix",
      "name": "transformer.h.7.attn.c_proj.weight",
      "optimizer": "static_per_matrix_sgdm",
      "parameter_count": 589824,
      "shape": [
        768,
        768
      ],
      "weight_decay": 0.1,
      "weight_decay_semantics": "decoupled",
      "weight_decay_treatment": "decay"
    },
    {
      "group": "auxiliary",
      "name": "transformer.h.7.ln_1.weight",
      "optimizer": "adamw",
      "parameter_count": 768,
      "shape": [
        768
      ],
      "weight_decay": 0.0,
      "weight_decay_semantics": "adamw_decoupled",
      "weight_decay_treatment": "no_decay"
    },
    {
      "group": "auxiliary",
      "name": "transformer.h.7.ln_2.weight",
      "optimizer": "adamw",
      "parameter_count": 768,
      "shape": [
        768
      ],
      "weight_decay": 0.0,
      "weight_decay_semantics": "adamw_decoupled",
      "weight_decay_treatment": "no_decay"
    },
    {
      "group": "eligible_matrix",
      "name": "transformer.h.7.mlp.c_fc.weight",
      "optimizer": "static_per_matrix_sgdm",
      "parameter_count": 2359296,
      "shape": [
        3072,
        768
      ],
      "weight_decay": 0.1,
      "weight_decay_semantics": "decoupled",
      "weight_decay_treatment": "decay"
    },
    {
      "group": "eligible_matrix",
      "name": "transformer.h.7.mlp.c_proj.weight",
      "optimizer": "static_per_matrix_sgdm",
      "parameter_count": 2359296,
      "shape": [
        768,
        3072
      ],
      "weight_decay": 0.1,
      "weight_decay_semantics": "decoupled",
      "weight_decay_treatment": "decay"
    },
    {
      "group": "eligible_matrix",
      "name": "transformer.h.8.attn.c_attn.weight",
      "optimizer": "static_per_matrix_sgdm",
      "parameter_count": 1769472,
      "shape": [
        2304,
        768
      ],
      "weight_decay": 0.1,
      "weight_decay_semantics": "decoupled",
      "weight_decay_treatment": "decay"
    },
    {
      "group": "eligible_matrix",
      "name": "transformer.h.8.attn.c_proj.weight",
      "optimizer": "static_per_matrix_sgdm",
      "parameter_count": 589824,
      "shape": [
        768,
        768
      ],
      "weight_decay": 0.1,
      "weight_decay_semantics": "decoupled",
      "weight_decay_treatment": "decay"
    },
    {
      "group": "auxiliary",
      "name": "transformer.h.8.ln_1.weight",
      "optimizer": "adamw",
      "parameter_count": 768,
      "shape": [
        768
      ],
      "weight_decay": 0.0,
      "weight_decay_semantics": "adamw_decoupled",
      "weight_decay_treatment": "no_decay"
    },
    {
      "group": "auxiliary",
      "name": "transformer.h.8.ln_2.weight",
      "optimizer": "adamw",
      "parameter_count": 768,
      "shape": [
        768
      ],
      "weight_decay": 0.0,
      "weight_decay_semantics": "adamw_decoupled",
      "weight_decay_treatment": "no_decay"
    },
    {
      "group": "eligible_matrix",
      "name": "transformer.h.8.mlp.c_fc.weight",
      "optimizer": "static_per_matrix_sgdm",
      "parameter_count": 2359296,
      "shape": [
        3072,
        768
      ],
      "weight_decay": 0.1,
      "weight_decay_semantics": "decoupled",
      "weight_decay_treatment": "decay"
    },
    {
      "group": "eligible_matrix",
      "name": "transformer.h.8.mlp.c_proj.weight",
      "optimizer": "static_per_matrix_sgdm",
      "parameter_count": 2359296,
      "shape": [
        768,
        3072
      ],
      "weight_decay": 0.1,
      "weight_decay_semantics": "decoupled",
      "weight_decay_treatment": "decay"
    },
    {
      "group": "eligible_matrix",
      "name": "transformer.h.9.attn.c_attn.weight",
      "optimizer": "static_per_matrix_sgdm",
      "parameter_count": 1769472,
      "shape": [
        2304,
        768
      ],
      "weight_decay": 0.1,
      "weight_decay_semantics": "decoupled",
      "weight_decay_treatment": "decay"
    },
    {
      "group": "eligible_matrix",
      "name": "transformer.h.9.attn.c_proj.weight",
      "optimizer": "static_per_matrix_sgdm",
      "parameter_count": 589824,
      "shape": [
        768,
        768
      ],
      "weight_decay": 0.1,
      "weight_decay_semantics": "decoupled",
      "weight_decay_treatment": "decay"
    },
    {
      "group": "auxiliary",
      "name": "transformer.h.9.ln_1.weight",
      "optimizer": "adamw",
      "parameter_count": 768,
      "shape": [
        768
      ],
      "weight_decay": 0.0,
      "weight_decay_semantics": "adamw_decoupled",
      "weight_decay_treatment": "no_decay"
    },
    {
      "group": "auxiliary",
      "name": "transformer.h.9.ln_2.weight",
      "optimizer": "adamw",
      "parameter_count": 768,
      "shape": [
        768
      ],
      "weight_decay": 0.0,
      "weight_decay_semantics": "adamw_decoupled",
      "weight_decay_treatment": "no_decay"
    },
    {
      "group": "eligible_matrix",
      "name": "transformer.h.9.mlp.c_fc.weight",
      "optimizer": "static_per_matrix_sgdm",
      "parameter_count": 2359296,
      "shape": [
        3072,
        768
      ],
      "weight_decay": 0.1,
      "weight_decay_semantics": "decoupled",
      "weight_decay_treatment": "decay"
    },
    {
      "group": "eligible_matrix",
      "name": "transformer.h.9.mlp.c_proj.weight",
      "optimizer": "static_per_matrix_sgdm",
      "parameter_count": 2359296,
      "shape": [
        768,
        3072
      ],
      "weight_decay": 0.1,
      "weight_decay_semantics": "decoupled",
      "weight_decay_treatment": "decay"
    },
    {
      "group": "auxiliary",
      "name": "transformer.ln_f.weight",
      "optimizer": "adamw",
      "parameter_count": 768,
      "shape": [
        768
      ],
      "weight_decay": 0.0,
      "weight_decay_semantics": "adamw_decoupled",
      "weight_decay_treatment": "no_decay"
    },
    {
      "group": "auxiliary",
      "name": "transformer.wpe.weight",
      "optimizer": "adamw",
      "parameter_count": 786432,
      "shape": [
        1024,
        768
      ],
      "weight_decay": 0.1,
      "weight_decay_semantics": "adamw_decoupled",
      "weight_decay_treatment": "decay"
    },
    {
      "group": "auxiliary",
      "name": "transformer.wte.weight",
      "optimizer": "adamw",
      "parameter_count": 38633472,
      "shape": [
        50304,
        768
      ],
      "weight_decay": 0.1,
      "weight_decay_semantics": "adamw_decoupled",
      "weight_decay_treatment": "decay"
    }
  ],
  "tied_parameters": {
    "aliases": [
      "transformer.wte.weight",
      "lm_head.weight"
    ],
    "assignment": "auxiliary",
    "canonical_name": "transformer.wte.weight",
    "counted_once": true,
    "optimizer": "adamw"
  },
  "totals": {
    "parameter_count": 124373760,
    "parameter_tensors": 75
  }
}
compiling the model... (takes a ~minute)
compiling the model... (takes a ~minute)
step 0: train loss 10.9886, val loss 10.9897
iter 0: loss 10.9734, time 16380.07ms, mfu -100.00%, matrix lr 0.000990099, auxiliary lr 5.94059e-06
iter 10: loss 10.6878, time 910.55ms, mfu 73.94%, matrix lr 0.0108911, auxiliary lr 6.53465e-05
iter 20: loss 9.7661, time 909.93ms, mfu 73.95%, matrix lr 0.0207921, auxiliary lr 0.000124752
iter 30: loss 8.4611, time 910.00ms, mfu 73.95%, matrix lr 0.0306931, auxiliary lr 0.000184158
iter 40: loss 7.9201, time 910.81ms, mfu 73.95%, matrix lr 0.0405941, auxiliary lr 0.000243564
iter 50: loss 7.5521, time 911.31ms, mfu 73.94%, matrix lr 0.050495, auxiliary lr 0.00030297
iter 60: loss 7.4344, time 911.82ms, mfu 73.93%, matrix lr 0.060396, auxiliary lr 0.000362376
iter 70: loss 7.3467, time 912.30ms, mfu 73.92%, matrix lr 0.070297, auxiliary lr 0.000421782
iter 80: loss 7.0929, time 913.10ms, mfu 73.90%, matrix lr 0.080198, auxiliary lr 0.000481188
iter 90: loss 7.1555, time 913.43ms, mfu 73.88%, matrix lr 0.090099, auxiliary lr 0.000540594
iter 100: loss 6.8235, time 912.47ms, mfu 73.87%, matrix lr 0.1, auxiliary lr 0.0006
iter 110: loss 6.4533, time 913.77ms, mfu 73.85%, matrix lr 0.0999725, auxiliary lr 0.000599835
iter 120: loss 6.4714, time 914.35ms, mfu 73.83%, matrix lr 0.0998901, auxiliary lr 0.000599341
iter 130: loss 6.3399, time 913.95ms, mfu 73.82%, matrix lr 0.0997529, auxiliary lr 0.000598518
iter 140: loss 6.3583, time 912.77ms, mfu 73.81%, matrix lr 0.0995611, auxiliary lr 0.000597367
iter 150: loss 6.1631, time 912.89ms, mfu 73.81%, matrix lr 0.0993148, auxiliary lr 0.000595889
iter 160: loss 6.2439, time 913.10ms, mfu 73.80%, matrix lr 0.0990145, auxiliary lr 0.000594087
iter 170: loss 6.0553, time 913.67ms, mfu 73.79%, matrix lr 0.0986603, auxiliary lr 0.000591962
iter 180: loss 5.9967, time 913.50ms, mfu 73.78%, matrix lr 0.0982529, auxiliary lr 0.000589518
iter 190: loss 5.8961, time 913.99ms, mfu 73.77%, matrix lr 0.0977927, auxiliary lr 0.000586756
iter 200: loss 5.9613, time 913.97ms, mfu 73.76%, matrix lr 0.0972802, auxiliary lr 0.000583681
iter 210: loss 5.8313, time 914.07ms, mfu 73.75%, matrix lr 0.0967161, auxiliary lr 0.000580296
iter 220: loss 5.9298, time 914.16ms, mfu 73.74%, matrix lr 0.096101, auxiliary lr 0.000576606
iter 230: loss 5.7967, time 912.52ms, mfu 73.74%, matrix lr 0.0954358, auxiliary lr 0.000572615
iter 240: loss 5.8862, time 914.18ms, mfu 73.73%, matrix lr 0.0947212, auxiliary lr 0.000568327
iter 250: loss 5.7538, time 913.83ms, mfu 73.73%, matrix lr 0.093958, auxiliary lr 0.000563748
iter 260: loss 5.7738, time 912.93ms, mfu 73.73%, matrix lr 0.0931473, auxiliary lr 0.000558884
iter 270: loss 5.7968, time 914.05ms, mfu 73.72%, matrix lr 0.0922901, auxiliary lr 0.00055374
iter 280: loss 6.0247, time 913.96ms, mfu 73.72%, matrix lr 0.0913873, auxiliary lr 0.000548324
iter 290: loss 5.9295, time 913.91ms, mfu 73.71%, matrix lr 0.09044, auxiliary lr 0.00054264
iter 300: loss 5.7519, time 914.13ms, mfu 73.71%, matrix lr 0.0894495, auxiliary lr 0.000536697
iter 310: loss 5.7660, time 913.90ms, mfu 73.70%, matrix lr 0.088417, auxiliary lr 0.000530502
iter 320: loss 5.8284, time 914.04ms, mfu 73.70%, matrix lr 0.0873436, auxiliary lr 0.000524061
iter 330: loss 5.8938, time 913.87ms, mfu 73.70%, matrix lr 0.0862307, auxiliary lr 0.000517384
step 333: train loss 5.7684, val loss 5.7702
saving checkpoint to /shared/home/bilal.ashfaq/nanogpt-study-runs/task-2.5/static_per_matrix_sgdm_gpt2-124m_lr0.1_mom0.99_wd0.1_seed1337_scalestatic-2633929b6baf
iter 340: loss 5.5434, time 913.69ms, mfu 73.70%, matrix lr 0.0850797, auxiliary lr 0.000510478
iter 350: loss 5.6379, time 912.39ms, mfu 73.71%, matrix lr 0.083892, auxiliary lr 0.000503352
iter 360: loss 5.7931, time 913.12ms, mfu 73.71%, matrix lr 0.082669, auxiliary lr 0.000496014
iter 370: loss 5.6650, time 913.43ms, mfu 73.71%, matrix lr 0.0814122, auxiliary lr 0.000488473
iter 380: loss 5.8360, time 914.23ms, mfu 73.70%, matrix lr 0.0801231, auxiliary lr 0.000480739
iter 390: loss 5.7660, time 913.66ms, mfu 73.70%, matrix lr 0.0788034, auxiliary lr 0.00047282
iter 400: loss 5.7544, time 914.26ms, mfu 73.70%, matrix lr 0.0774546, auxiliary lr 0.000464728
iter 410: loss 5.6152, time 914.41ms, mfu 73.69%, matrix lr 0.0760784, auxiliary lr 0.00045647
iter 420: loss 5.6101, time 914.10ms, mfu 73.69%, matrix lr 0.0746764, auxiliary lr 0.000448059
iter 430: loss 5.7407, time 912.87ms, mfu 73.69%, matrix lr 0.0732505, auxiliary lr 0.000439503
iter 440: loss 5.7598, time 914.68ms, mfu 73.69%, matrix lr 0.0718022, auxiliary lr 0.000430813
iter 450: loss 5.8406, time 912.96ms, mfu 73.69%, matrix lr 0.0703334, auxiliary lr 0.000422001
iter 460: loss 5.6886, time 914.15ms, mfu 73.69%, matrix lr 0.0688459, auxiliary lr 0.000413076
iter 470: loss 5.7439, time 912.99ms, mfu 73.69%, matrix lr 0.0673415, auxiliary lr 0.000404049
iter 480: loss 5.5757, time 914.12ms, mfu 73.69%, matrix lr 0.065822, auxiliary lr 0.000394932
iter 490: loss 5.7197, time 914.29ms, mfu 73.68%, matrix lr 0.0642894, auxiliary lr 0.000385736
iter 500: loss 5.7828, time 914.41ms, mfu 73.68%, matrix lr 0.0627453, auxiliary lr 0.000376472
iter 510: loss 5.4822, time 914.62ms, mfu 73.67%, matrix lr 0.0611918, auxiliary lr 0.000367151
iter 520: loss 5.8117, time 914.38ms, mfu 73.67%, matrix lr 0.0596308, auxiliary lr 0.000357785
iter 530: loss 5.6280, time 914.43ms, mfu 73.67%, matrix lr 0.0580641, auxiliary lr 0.000348385
iter 540: loss 5.7473, time 914.35ms, mfu 73.66%, matrix lr 0.0564936, auxiliary lr 0.000338962
iter 550: loss 5.9097, time 914.24ms, mfu 73.66%, matrix lr 0.0549214, auxiliary lr 0.000329528
iter 560: loss 5.7250, time 914.16ms, mfu 73.66%, matrix lr 0.0533492, auxiliary lr 0.000320095
iter 570: loss 5.5879, time 914.35ms, mfu 73.66%, matrix lr 0.051779, auxiliary lr 0.000310674
iter 580: loss 5.6087, time 914.37ms, mfu 73.66%, matrix lr 0.0502128, auxiliary lr 0.000301277
iter 590: loss 5.7441, time 914.71ms, mfu 73.65%, matrix lr 0.0486524, auxiliary lr 0.000291915
iter 600: loss 5.7594, time 914.44ms, mfu 73.65%, matrix lr 0.0470998, auxiliary lr 0.000282599
iter 610: loss 5.8798, time 914.46ms, mfu 73.65%, matrix lr 0.0455568, auxiliary lr 0.000273341
iter 620: loss 5.8762, time 914.78ms, mfu 73.64%, matrix lr 0.0440254, auxiliary lr 0.000264152
iter 630: loss 5.5928, time 914.44ms, mfu 73.64%, matrix lr 0.0425073, auxiliary lr 0.000255044
iter 640: loss 5.5638, time 914.16ms, mfu 73.64%, matrix lr 0.0410045, auxiliary lr 0.000246027
iter 650: loss 5.5749, time 914.48ms, mfu 73.64%, matrix lr 0.0395188, auxiliary lr 0.000237113
iter 660: loss 5.6284, time 914.30ms, mfu 73.64%, matrix lr 0.038052, auxiliary lr 0.000228312
step 666: train loss 5.6499, val loss 5.6651
saving checkpoint to /shared/home/bilal.ashfaq/nanogpt-study-runs/task-2.5/static_per_matrix_sgdm_gpt2-124m_lr0.1_mom0.99_wd0.1_seed1337_scalestatic-2633929b6baf
iter 670: loss 5.6054, time 912.94ms, mfu 73.65%, matrix lr 0.0366059, auxiliary lr 0.000219635
iter 680: loss 5.6511, time 913.94ms, mfu 73.65%, matrix lr 0.0351823, auxiliary lr 0.000211094
iter 690: loss 5.4001, time 913.38ms, mfu 73.66%, matrix lr 0.0337828, auxiliary lr 0.000202697
iter 700: loss 5.4939, time 913.89ms, mfu 73.66%, matrix lr 0.0324093, auxiliary lr 0.000194456
iter 710: loss 5.7913, time 914.15ms, mfu 73.66%, matrix lr 0.0310633, auxiliary lr 0.00018638
iter 720: loss 5.5462, time 914.12ms, mfu 73.66%, matrix lr 0.0297466, auxiliary lr 0.000178479
iter 730: loss 5.5796, time 914.24ms, mfu 73.66%, matrix lr 0.0284607, auxiliary lr 0.000170764
iter 740: loss 5.7761, time 914.21ms, mfu 73.66%, matrix lr 0.0272072, auxiliary lr 0.000163243
iter 750: loss 5.5612, time 914.22ms, mfu 73.66%, matrix lr 0.0259876, auxiliary lr 0.000155926
iter 760: loss 5.5646, time 912.84ms, mfu 73.67%, matrix lr 0.0248035, auxiliary lr 0.000148821
iter 770: loss 5.6936, time 913.97ms, mfu 73.67%, matrix lr 0.0236563, auxiliary lr 0.000141938
iter 780: loss 5.6540, time 914.31ms, mfu 73.66%, matrix lr 0.0225473, auxiliary lr 0.000135284
iter 790: loss 5.5166, time 914.18ms, mfu 73.66%, matrix lr 0.0214779, auxiliary lr 0.000128868
iter 800: loss 5.6057, time 914.47ms, mfu 73.66%, matrix lr 0.0204495, auxiliary lr 0.000122697
iter 810: loss 5.6774, time 913.95ms, mfu 73.66%, matrix lr 0.0194633, auxiliary lr 0.00011678
iter 820: loss 5.7290, time 913.90ms, mfu 73.66%, matrix lr 0.0185204, auxiliary lr 0.000111123
iter 830: loss 5.6837, time 914.16ms, mfu 73.66%, matrix lr 0.0176221, auxiliary lr 0.000105733
iter 840: loss 5.6443, time 912.99ms, mfu 73.67%, matrix lr 0.0167695, auxiliary lr 0.000100617
iter 850: loss 5.5267, time 914.56ms, mfu 73.66%, matrix lr 0.0159635, auxiliary lr 9.5781e-05
iter 860: loss 5.5421, time 914.42ms, mfu 73.66%, matrix lr 0.0152052, auxiliary lr 9.12311e-05
iter 870: loss 5.4924, time 914.37ms, mfu 73.66%, matrix lr 0.0144955, auxiliary lr 8.69728e-05
iter 880: loss 5.7142, time 914.32ms, mfu 73.66%, matrix lr 0.0138352, auxiliary lr 8.30113e-05
iter 890: loss 5.9049, time 914.47ms, mfu 73.65%, matrix lr 0.0132252, auxiliary lr 7.93513e-05
iter 900: loss 5.6041, time 914.44ms, mfu 73.65%, matrix lr 0.0126662, auxiliary lr 7.59974e-05
iter 910: loss 5.5028, time 914.43ms, mfu 73.65%, matrix lr 0.0121589, auxiliary lr 7.29536e-05
iter 920: loss 5.7079, time 914.28ms, mfu 73.65%, matrix lr 0.011704, auxiliary lr 7.02237e-05
iter 930: loss 5.5847, time 914.36ms, mfu 73.65%, matrix lr 0.0113018, auxiliary lr 6.7811e-05
iter 940: loss 5.7347, time 914.79ms, mfu 73.64%, matrix lr 0.0109531, auxiliary lr 6.57185e-05
iter 950: loss 5.7946, time 914.62ms, mfu 73.64%, matrix lr 0.0106581, auxiliary lr 6.39486e-05
iter 960: loss 5.7156, time 914.77ms, mfu 73.64%, matrix lr 0.0104173, auxiliary lr 6.25036e-05
iter 970: loss 5.4648, time 914.52ms, mfu 73.63%, matrix lr 0.0102309, auxiliary lr 6.13853e-05
iter 980: loss 5.6723, time 914.63ms, mfu 73.63%, matrix lr 0.0100992, auxiliary lr 6.05949e-05
iter 990: loss 5.5010, time 913.70ms, mfu 73.64%, matrix lr 0.0100223, auxiliary lr 6.01335e-05
step 999: train loss 5.5978, val loss 5.5950
saving checkpoint to /shared/home/bilal.ashfaq/nanogpt-study-runs/task-2.5/static_per_matrix_sgdm_gpt2-124m_lr0.1_mom0.99_wd0.1_seed1337_scalestatic-2633929b6baf
Launching: torchrun --standalone --nproc_per_node=2 train.py config/task_2_4_static.py --out_dir=/shared/home/bilal.ashfaq/nanogpt-study-runs/task-2.5/static_per_matrix_sgdm_gpt2-124m_lr0.3_mom0.99_wd0.1_seed1337_scalestatic-26f16b708d59 --optimizer_name=static_per_matrix_sgdm --seed=1337 --max_iters=999 --init_from=scratch --matrix_learning_rate=0.3 --matrix_momentum=0.99 --static_default_multiplier=1.0 --static_exact_parameter_multipliers={} --static_matrix_type_multipliers={'attention_output': 1.4142135623730951, 'attention_qkv': 1.4142135623730951, 'mlp_input': 0.7071067811865476, 'mlp_output': 0.7071067811865476}
Overriding config with config/task_2_4_static.py:
# Task 2.4 reuses every common Task 1.6 control. Candidate-specific static
# settings are supplied only by the materialized, reviewed manifest.
with open('config/task_1_6_baseline.py', encoding='utf-8') as base_config_file:
    exec(base_config_file.read())

optimizer_name = 'static_per_matrix_sgdm'
static_default_multiplier = 1.0
static_matrix_type_multipliers = {}
static_exact_parameter_multipliers = {}

Overriding: out_dir = /shared/home/bilal.ashfaq/nanogpt-study-runs/task-2.5/static_per_matrix_sgdm_gpt2-124m_lr0.3_mom0.99_wd0.1_seed1337_scalestatic-26f16b708d59
Overriding: optimizer_name = static_per_matrix_sgdm
Overriding: seed = 1337
Overriding: max_iters = 999
Overriding: init_from = scratch
Overriding: matrix_learning_rate = 0.3
Overriding: matrix_momentum = 0.99
Overriding: static_default_multiplier = 1.0
Overriding: static_exact_parameter_multipliers = {}
Overriding: static_matrix_type_multipliers = {'attention_output': 1.4142135623730951, 'attention_qkv': 1.4142135623730951, 'mlp_input': 0.7071067811865476, 'mlp_output': 0.7071067811865476}
Overriding config with config/task_2_4_static.py:
# Task 2.4 reuses every common Task 1.6 control. Candidate-specific static
# settings are supplied only by the materialized, reviewed manifest.
with open('config/task_1_6_baseline.py', encoding='utf-8') as base_config_file:
    exec(base_config_file.read())

optimizer_name = 'static_per_matrix_sgdm'
static_default_multiplier = 1.0
static_matrix_type_multipliers = {}
static_exact_parameter_multipliers = {}

Overriding: out_dir = /shared/home/bilal.ashfaq/nanogpt-study-runs/task-2.5/static_per_matrix_sgdm_gpt2-124m_lr0.3_mom0.99_wd0.1_seed1337_scalestatic-26f16b708d59
Overriding: optimizer_name = static_per_matrix_sgdm
Overriding: seed = 1337
Overriding: max_iters = 999
Overriding: init_from = scratch
Overriding: matrix_learning_rate = 0.3
Overriding: matrix_momentum = 0.99
Overriding: static_default_multiplier = 1.0
Overriding: static_exact_parameter_multipliers = {}
Overriding: static_matrix_type_multipliers = {'attention_output': 1.4142135623730951, 'attention_qkv': 1.4142135623730951, 'mlp_input': 0.7071067811865476, 'mlp_output': 0.7071067811865476}
tokens per iteration will be: 491,520
Initializing a new model from scratch
defaulting to vocab_size of GPT-2 to 50304 (50257 rounded up for efficiency)
tokens per iteration will be: 491,520
Initializing a new model from scratch
defaulting to vocab_size of GPT-2 to 50304 (50257 rounded up for efficiency)
number of parameters: 123.59M
number of parameters: 123.59M
using fused auxiliary AdamW: True
using fused auxiliary AdamW: True
optimizer parameter audit:
{
  "parameters": [
    {
      "group": "eligible_matrix",
      "name": "transformer.h.0.attn.c_attn.weight",
      "optimizer": "static_per_matrix_sgdm",
      "parameter_count": 1769472,
      "shape": [
        2304,
        768
      ],
      "weight_decay": 0.1,
      "weight_decay_semantics": "decoupled",
      "weight_decay_treatment": "decay"
    },
    {
      "group": "eligible_matrix",
      "name": "transformer.h.0.attn.c_proj.weight",
      "optimizer": "static_per_matrix_sgdm",
      "parameter_count": 589824,
      "shape": [
        768,
        768
      ],
      "weight_decay": 0.1,
      "weight_decay_semantics": "decoupled",
      "weight_decay_treatment": "decay"
    },
    {
      "group": "auxiliary",
      "name": "transformer.h.0.ln_1.weight",
      "optimizer": "adamw",
      "parameter_count": 768,
      "shape": [
        768
      ],
      "weight_decay": 0.0,
      "weight_decay_semantics": "adamw_decoupled",
      "weight_decay_treatment": "no_decay"
    },
    {
      "group": "auxiliary",
      "name": "transformer.h.0.ln_2.weight",
      "optimizer": "adamw",
      "parameter_count": 768,
      "shape": [
        768
      ],
      "weight_decay": 0.0,
      "weight_decay_semantics": "adamw_decoupled",
      "weight_decay_treatment": "no_decay"
    },
    {
      "group": "eligible_matrix",
      "name": "transformer.h.0.mlp.c_fc.weight",
      "optimizer": "static_per_matrix_sgdm",
      "parameter_count": 2359296,
      "shape": [
        3072,
        768
      ],
      "weight_decay": 0.1,
      "weight_decay_semantics": "decoupled",
      "weight_decay_treatment": "decay"
    },
    {
      "group": "eligible_matrix",
      "name": "transformer.h.0.mlp.c_proj.weight",
      "optimizer": "static_per_matrix_sgdm",
      "parameter_count": 2359296,
      "shape": [
        768,
        3072
      ],
      "weight_decay": 0.1,
      "weight_decay_semantics": "decoupled",
      "weight_decay_treatment": "decay"
    },
    {
      "group": "eligible_matrix",
      "name": "transformer.h.1.attn.c_attn.weight",
      "optimizer": "static_per_matrix_sgdm",
      "parameter_count": 1769472,
      "shape": [
        2304,
        768
      ],
      "weight_decay": 0.1,
      "weight_decay_semantics": "decoupled",
      "weight_decay_treatment": "decay"
    },
    {
      "group": "eligible_matrix",
      "name": "transformer.h.1.attn.c_proj.weight",
      "optimizer": "static_per_matrix_sgdm",
      "parameter_count": 589824,
      "shape": [
        768,
        768
      ],
      "weight_decay": 0.1,
      "weight_decay_semantics": "decoupled",
      "weight_decay_treatment": "decay"
    },
    {
      "group": "auxiliary",
      "name": "transformer.h.1.ln_1.weight",
      "optimizer": "adamw",
      "parameter_count": 768,
      "shape": [
        768
      ],
      "weight_decay": 0.0,
      "weight_decay_semantics": "adamw_decoupled",
      "weight_decay_treatment": "no_decay"
    },
    {
      "group": "auxiliary",
      "name": "transformer.h.1.ln_2.weight",
      "optimizer": "adamw",
      "parameter_count": 768,
      "shape": [
        768
      ],
      "weight_decay": 0.0,
      "weight_decay_semantics": "adamw_decoupled",
      "weight_decay_treatment": "no_decay"
    },
    {
      "group": "eligible_matrix",
      "name": "transformer.h.1.mlp.c_fc.weight",
      "optimizer": "static_per_matrix_sgdm",
      "parameter_count": 2359296,
      "shape": [
        3072,
        768
      ],
      "weight_decay": 0.1,
      "weight_decay_semantics": "decoupled",
      "weight_decay_treatment": "decay"
    },
    {
      "group": "eligible_matrix",
      "name": "transformer.h.1.mlp.c_proj.weight",
      "optimizer": "static_per_matrix_sgdm",
      "parameter_count": 2359296,
      "shape": [
        768,
        3072
      ],
      "weight_decay": 0.1,
      "weight_decay_semantics": "decoupled",
      "weight_decay_treatment": "decay"
    },
    {
      "group": "eligible_matrix",
      "name": "transformer.h.10.attn.c_attn.weight",
      "optimizer": "static_per_matrix_sgdm",
      "parameter_count": 1769472,
      "shape": [
        2304,
        768
      ],
      "weight_decay": 0.1,
      "weight_decay_semantics": "decoupled",
      "weight_decay_treatment": "decay"
    },
    {
      "group": "eligible_matrix",
      "name": "transformer.h.10.attn.c_proj.weight",
      "optimizer": "static_per_matrix_sgdm",
      "parameter_count": 589824,
      "shape": [
        768,
        768
      ],
      "weight_decay": 0.1,
      "weight_decay_semantics": "decoupled",
      "weight_decay_treatment": "decay"
    },
    {
      "group": "auxiliary",
      "name": "transformer.h.10.ln_1.weight",
      "optimizer": "adamw",
      "parameter_count": 768,
      "shape": [
        768
      ],
      "weight_decay": 0.0,
      "weight_decay_semantics": "adamw_decoupled",
      "weight_decay_treatment": "no_decay"
    },
    {
      "group": "auxiliary",
      "name": "transformer.h.10.ln_2.weight",
      "optimizer": "adamw",
      "parameter_count": 768,
      "shape": [
        768
      ],
      "weight_decay": 0.0,
      "weight_decay_semantics": "adamw_decoupled",
      "weight_decay_treatment": "no_decay"
    },
    {
      "group": "eligible_matrix",
      "name": "transformer.h.10.mlp.c_fc.weight",
      "optimizer": "static_per_matrix_sgdm",
      "parameter_count": 2359296,
      "shape": [
        3072,
        768
      ],
      "weight_decay": 0.1,
      "weight_decay_semantics": "decoupled",
      "weight_decay_treatment": "decay"
    },
    {
      "group": "eligible_matrix",
      "name": "transformer.h.10.mlp.c_proj.weight",
      "optimizer": "static_per_matrix_sgdm",
      "parameter_count": 2359296,
      "shape": [
        768,
        3072
      ],
      "weight_decay": 0.1,
      "weight_decay_semantics": "decoupled",
      "weight_decay_treatment": "decay"
    },
    {
      "group": "eligible_matrix",
      "name": "transformer.h.11.attn.c_attn.weight",
      "optimizer": "static_per_matrix_sgdm",
      "parameter_count": 1769472,
      "shape": [
        2304,
        768
      ],
      "weight_decay": 0.1,
      "weight_decay_semantics": "decoupled",
      "weight_decay_treatment": "decay"
    },
    {
      "group": "eligible_matrix",
      "name": "transformer.h.11.attn.c_proj.weight",
      "optimizer": "static_per_matrix_sgdm",
      "parameter_count": 589824,
      "shape": [
        768,
        768
      ],
      "weight_decay": 0.1,
      "weight_decay_semantics": "decoupled",
      "weight_decay_treatment": "decay"
    },
    {
      "group": "auxiliary",
      "name": "transformer.h.11.ln_1.weight",
      "optimizer": "adamw",
      "parameter_count": 768,
      "shape": [
        768
      ],
      "weight_decay": 0.0,
      "weight_decay_semantics": "adamw_decoupled",
      "weight_decay_treatment": "no_decay"
    },
    {
      "group": "auxiliary",
      "name": "transformer.h.11.ln_2.weight",
      "optimizer": "adamw",
      "parameter_count": 768,
      "shape": [
        768
      ],
      "weight_decay": 0.0,
      "weight_decay_semantics": "adamw_decoupled",
      "weight_decay_treatment": "no_decay"
    },
    {
      "group": "eligible_matrix",
      "name": "transformer.h.11.mlp.c_fc.weight",
      "optimizer": "static_per_matrix_sgdm",
      "parameter_count": 2359296,
      "shape": [
        3072,
        768
      ],
      "weight_decay": 0.1,
      "weight_decay_semantics": "decoupled",
      "weight_decay_treatment": "decay"
    },
    {
      "group": "eligible_matrix",
      "name": "transformer.h.11.mlp.c_proj.weight",
      "optimizer": "static_per_matrix_sgdm",
      "parameter_count": 2359296,
      "shape": [
        768,
        3072
      ],
      "weight_decay": 0.1,
      "weight_decay_semantics": "decoupled",
      "weight_decay_treatment": "decay"
    },
    {
      "group": "eligible_matrix",
      "name": "transformer.h.2.attn.c_attn.weight",
      "optimizer": "static_per_matrix_sgdm",
      "parameter_count": 1769472,
      "shape": [
        2304,
        768
      ],
      "weight_decay": 0.1,
      "weight_decay_semantics": "decoupled",
      "weight_decay_treatment": "decay"
    },
    {
      "group": "eligible_matrix",
      "name": "transformer.h.2.attn.c_proj.weight",
      "optimizer": "static_per_matrix_sgdm",
      "parameter_count": 589824,
      "shape": [
        768,
        768
      ],
      "weight_decay": 0.1,
      "weight_decay_semantics": "decoupled",
      "weight_decay_treatment": "decay"
    },
    {
      "group": "auxiliary",
      "name": "transformer.h.2.ln_1.weight",
      "optimizer": "adamw",
      "parameter_count": 768,
      "shape": [
        768
      ],
      "weight_decay": 0.0,
      "weight_decay_semantics": "adamw_decoupled",
      "weight_decay_treatment": "no_decay"
    },
    {
      "group": "auxiliary",
      "name": "transformer.h.2.ln_2.weight",
      "optimizer": "adamw",
      "parameter_count": 768,
      "shape": [
        768
      ],
      "weight_decay": 0.0,
      "weight_decay_semantics": "adamw_decoupled",
      "weight_decay_treatment": "no_decay"
    },
    {
      "group": "eligible_matrix",
      "name": "transformer.h.2.mlp.c_fc.weight",
      "optimizer": "static_per_matrix_sgdm",
      "parameter_count": 2359296,
      "shape": [
        3072,
        768
      ],
      "weight_decay": 0.1,
      "weight_decay_semantics": "decoupled",
      "weight_decay_treatment": "decay"
    },
    {
      "group": "eligible_matrix",
      "name": "transformer.h.2.mlp.c_proj.weight",
      "optimizer": "static_per_matrix_sgdm",
      "parameter_count": 2359296,
      "shape": [
        768,
        3072
      ],
      "weight_decay": 0.1,
      "weight_decay_semantics": "decoupled",
      "weight_decay_treatment": "decay"
    },
    {
      "group": "eligible_matrix",
      "name": "transformer.h.3.attn.c_attn.weight",
      "optimizer": "static_per_matrix_sgdm",
      "parameter_count": 1769472,
      "shape": [
        2304,
        768
      ],
      "weight_decay": 0.1,
      "weight_decay_semantics": "decoupled",
      "weight_decay_treatment": "decay"
    },
    {
      "group": "eligible_matrix",
      "name": "transformer.h.3.attn.c_proj.weight",
      "optimizer": "static_per_matrix_sgdm",
      "parameter_count": 589824,
      "shape": [
        768,
        768
      ],
      "weight_decay": 0.1,
      "weight_decay_semantics": "decoupled",
      "weight_decay_treatment": "decay"
    },
    {
      "group": "auxiliary",
      "name": "transformer.h.3.ln_1.weight",
      "optimizer": "adamw",
      "parameter_count": 768,
      "shape": [
        768
      ],
      "weight_decay": 0.0,
      "weight_decay_semantics": "adamw_decoupled",
      "weight_decay_treatment": "no_decay"
    },
    {
      "group": "auxiliary",
      "name": "transformer.h.3.ln_2.weight",
      "optimizer": "adamw",
      "parameter_count": 768,
      "shape": [
        768
      ],
      "weight_decay": 0.0,
      "weight_decay_semantics": "adamw_decoupled",
      "weight_decay_treatment": "no_decay"
    },
    {
      "group": "eligible_matrix",
      "name": "transformer.h.3.mlp.c_fc.weight",
      "optimizer": "static_per_matrix_sgdm",
      "parameter_count": 2359296,
      "shape": [
        3072,
        768
      ],
      "weight_decay": 0.1,
      "weight_decay_semantics": "decoupled",
      "weight_decay_treatment": "decay"
    },
    {
      "group": "eligible_matrix",
      "name": "transformer.h.3.mlp.c_proj.weight",
      "optimizer": "static_per_matrix_sgdm",
      "parameter_count": 2359296,
      "shape": [
        768,
        3072
      ],
      "weight_decay": 0.1,
      "weight_decay_semantics": "decoupled",
      "weight_decay_treatment": "decay"
    },
    {
      "group": "eligible_matrix",
      "name": "transformer.h.4.attn.c_attn.weight",
      "optimizer": "static_per_matrix_sgdm",
      "parameter_count": 1769472,
      "shape": [
        2304,
        768
      ],
      "weight_decay": 0.1,
      "weight_decay_semantics": "decoupled",
      "weight_decay_treatment": "decay"
    },
    {
      "group": "eligible_matrix",
      "name": "transformer.h.4.attn.c_proj.weight",
      "optimizer": "static_per_matrix_sgdm",
      "parameter_count": 589824,
      "shape": [
        768,
        768
      ],
      "weight_decay": 0.1,
      "weight_decay_semantics": "decoupled",
      "weight_decay_treatment": "decay"
    },
    {
      "group": "auxiliary",
      "name": "transformer.h.4.ln_1.weight",
      "optimizer": "adamw",
      "parameter_count": 768,
      "shape": [
        768
      ],
      "weight_decay": 0.0,
      "weight_decay_semantics": "adamw_decoupled",
      "weight_decay_treatment": "no_decay"
    },
    {
      "group": "auxiliary",
      "name": "transformer.h.4.ln_2.weight",
      "optimizer": "adamw",
      "parameter_count": 768,
      "shape": [
        768
      ],
      "weight_decay": 0.0,
      "weight_decay_semantics": "adamw_decoupled",
      "weight_decay_treatment": "no_decay"
    },
    {
      "group": "eligible_matrix",
      "name": "transformer.h.4.mlp.c_fc.weight",
      "optimizer": "static_per_matrix_sgdm",
      "parameter_count": 2359296,
      "shape": [
        3072,
        768
      ],
      "weight_decay": 0.1,
      "weight_decay_semantics": "decoupled",
      "weight_decay_treatment": "decay"
    },
    {
      "group": "eligible_matrix",
      "name": "transformer.h.4.mlp.c_proj.weight",
      "optimizer": "static_per_matrix_sgdm",
      "parameter_count": 2359296,
      "shape": [
        768,
        3072
      ],
      "weight_decay": 0.1,
      "weight_decay_semantics": "decoupled",
      "weight_decay_treatment": "decay"
    },
    {
      "group": "eligible_matrix",
      "name": "transformer.h.5.attn.c_attn.weight",
      "optimizer": "static_per_matrix_sgdm",
      "parameter_count": 1769472,
      "shape": [
        2304,
        768
      ],
      "weight_decay": 0.1,
      "weight_decay_semantics": "decoupled",
      "weight_decay_treatment": "decay"
    },
    {
      "group": "eligible_matrix",
      "name": "transformer.h.5.attn.c_proj.weight",
      "optimizer": "static_per_matrix_sgdm",
      "parameter_count": 589824,
      "shape": [
        768,
        768
      ],
      "weight_decay": 0.1,
      "weight_decay_semantics": "decoupled",
      "weight_decay_treatment": "decay"
    },
    {
      "group": "auxiliary",
      "name": "transformer.h.5.ln_1.weight",
      "optimizer": "adamw",
      "parameter_count": 768,
      "shape": [
        768
      ],
      "weight_decay": 0.0,
      "weight_decay_semantics": "adamw_decoupled",
      "weight_decay_treatment": "no_decay"
    },
    {
      "group": "auxiliary",
      "name": "transformer.h.5.ln_2.weight",
      "optimizer": "adamw",
      "parameter_count": 768,
      "shape": [
        768
      ],
      "weight_decay": 0.0,
      "weight_decay_semantics": "adamw_decoupled",
      "weight_decay_treatment": "no_decay"
    },
    {
      "group": "eligible_matrix",
      "name": "transformer.h.5.mlp.c_fc.weight",
      "optimizer": "static_per_matrix_sgdm",
      "parameter_count": 2359296,
      "shape": [
        3072,
        768
      ],
      "weight_decay": 0.1,
      "weight_decay_semantics": "decoupled",
      "weight_decay_treatment": "decay"
    },
    {
      "group": "eligible_matrix",
      "name": "transformer.h.5.mlp.c_proj.weight",
      "optimizer": "static_per_matrix_sgdm",
      "parameter_count": 2359296,
      "shape": [
        768,
        3072
      ],
      "weight_decay": 0.1,
      "weight_decay_semantics": "decoupled",
      "weight_decay_treatment": "decay"
    },
    {
      "group": "eligible_matrix",
      "name": "transformer.h.6.attn.c_attn.weight",
      "optimizer": "static_per_matrix_sgdm",
      "parameter_count": 1769472,
      "shape": [
        2304,
        768
      ],
      "weight_decay": 0.1,
      "weight_decay_semantics": "decoupled",
      "weight_decay_treatment": "decay"
    },
    {
      "group": "eligible_matrix",
      "name": "transformer.h.6.attn.c_proj.weight",
      "optimizer": "static_per_matrix_sgdm",
      "parameter_count": 589824,
      "shape": [
        768,
        768
      ],
      "weight_decay": 0.1,
      "weight_decay_semantics": "decoupled",
      "weight_decay_treatment": "decay"
    },
    {
      "group": "auxiliary",
      "name": "transformer.h.6.ln_1.weight",
      "optimizer": "adamw",
      "parameter_count": 768,
      "shape": [
        768
      ],
      "weight_decay": 0.0,
      "weight_decay_semantics": "adamw_decoupled",
      "weight_decay_treatment": "no_decay"
    },
    {
      "group": "auxiliary",
      "name": "transformer.h.6.ln_2.weight",
      "optimizer": "adamw",
      "parameter_count": 768,
      "shape": [
        768
      ],
      "weight_decay": 0.0,
      "weight_decay_semantics": "adamw_decoupled",
      "weight_decay_treatment": "no_decay"
    },
    {
      "group": "eligible_matrix",
      "name": "transformer.h.6.mlp.c_fc.weight",
      "optimizer": "static_per_matrix_sgdm",
      "parameter_count": 2359296,
      "shape": [
        3072,
        768
      ],
      "weight_decay": 0.1,
      "weight_decay_semantics": "decoupled",
      "weight_decay_treatment": "decay"
    },
    {
      "group": "eligible_matrix",
      "name": "transformer.h.6.mlp.c_proj.weight",
      "optimizer": "static_per_matrix_sgdm",
      "parameter_count": 2359296,
      "shape": [
        768,
        3072
      ],
      "weight_decay": 0.1,
      "weight_decay_semantics": "decoupled",
      "weight_decay_treatment": "decay"
    },
    {
      "group": "eligible_matrix",
      "name": "transformer.h.7.attn.c_attn.weight",
      "optimizer": "static_per_matrix_sgdm",
      "parameter_count": 1769472,
      "shape": [
        2304,
        768
      ],
      "weight_decay": 0.1,
      "weight_decay_semantics": "decoupled",
      "weight_decay_treatment": "decay"
    },
    {
      "group": "eligible_matrix",
      "name": "transformer.h.7.attn.c_proj.weight",
      "optimizer": "static_per_matrix_sgdm",
      "parameter_count": 589824,
      "shape": [
        768,
        768
      ],
      "weight_decay": 0.1,
      "weight_decay_semantics": "decoupled",
      "weight_decay_treatment": "decay"
    },
    {
      "group": "auxiliary",
      "name": "transformer.h.7.ln_1.weight",
      "optimizer": "adamw",
      "parameter_count": 768,
      "shape": [
        768
      ],
      "weight_decay": 0.0,
      "weight_decay_semantics": "adamw_decoupled",
      "weight_decay_treatment": "no_decay"
    },
    {
      "group": "auxiliary",
      "name": "transformer.h.7.ln_2.weight",
      "optimizer": "adamw",
      "parameter_count": 768,
      "shape": [
        768
      ],
      "weight_decay": 0.0,
      "weight_decay_semantics": "adamw_decoupled",
      "weight_decay_treatment": "no_decay"
    },
    {
      "group": "eligible_matrix",
      "name": "transformer.h.7.mlp.c_fc.weight",
      "optimizer": "static_per_matrix_sgdm",
      "parameter_count": 2359296,
      "shape": [
        3072,
        768
      ],
      "weight_decay": 0.1,
      "weight_decay_semantics": "decoupled",
      "weight_decay_treatment": "decay"
    },
    {
      "group": "eligible_matrix",
      "name": "transformer.h.7.mlp.c_proj.weight",
      "optimizer": "static_per_matrix_sgdm",
      "parameter_count": 2359296,
      "shape": [
        768,
        3072
      ],
      "weight_decay": 0.1,
      "weight_decay_semantics": "decoupled",
      "weight_decay_treatment": "decay"
    },
    {
      "group": "eligible_matrix",
      "name": "transformer.h.8.attn.c_attn.weight",
      "optimizer": "static_per_matrix_sgdm",
      "parameter_count": 1769472,
      "shape": [
        2304,
        768
      ],
      "weight_decay": 0.1,
      "weight_decay_semantics": "decoupled",
      "weight_decay_treatment": "decay"
    },
    {
      "group": "eligible_matrix",
      "name": "transformer.h.8.attn.c_proj.weight",
      "optimizer": "static_per_matrix_sgdm",
      "parameter_count": 589824,
      "shape": [
        768,
        768
      ],
      "weight_decay": 0.1,
      "weight_decay_semantics": "decoupled",
      "weight_decay_treatment": "decay"
    },
    {
      "group": "auxiliary",
      "name": "transformer.h.8.ln_1.weight",
      "optimizer": "adamw",
      "parameter_count": 768,
      "shape": [
        768
      ],
      "weight_decay": 0.0,
      "weight_decay_semantics": "adamw_decoupled",
      "weight_decay_treatment": "no_decay"
    },
    {
      "group": "auxiliary",
      "name": "transformer.h.8.ln_2.weight",
      "optimizer": "adamw",
      "parameter_count": 768,
      "shape": [
        768
      ],
      "weight_decay": 0.0,
      "weight_decay_semantics": "adamw_decoupled",
      "weight_decay_treatment": "no_decay"
    },
    {
      "group": "eligible_matrix",
      "name": "transformer.h.8.mlp.c_fc.weight",
      "optimizer": "static_per_matrix_sgdm",
      "parameter_count": 2359296,
      "shape": [
        3072,
        768
      ],
      "weight_decay": 0.1,
      "weight_decay_semantics": "decoupled",
      "weight_decay_treatment": "decay"
    },
    {
      "group": "eligible_matrix",
      "name": "transformer.h.8.mlp.c_proj.weight",
      "optimizer": "static_per_matrix_sgdm",
      "parameter_count": 2359296,
      "shape": [
        768,
        3072
      ],
      "weight_decay": 0.1,
      "weight_decay_semantics": "decoupled",
      "weight_decay_treatment": "decay"
    },
    {
      "group": "eligible_matrix",
      "name": "transformer.h.9.attn.c_attn.weight",
      "optimizer": "static_per_matrix_sgdm",
      "parameter_count": 1769472,
      "shape": [
        2304,
        768
      ],
      "weight_decay": 0.1,
      "weight_decay_semantics": "decoupled",
      "weight_decay_treatment": "decay"
    },
    {
      "group": "eligible_matrix",
      "name": "transformer.h.9.attn.c_proj.weight",
      "optimizer": "static_per_matrix_sgdm",
      "parameter_count": 589824,
      "shape": [
        768,
        768
      ],
      "weight_decay": 0.1,
      "weight_decay_semantics": "decoupled",
      "weight_decay_treatment": "decay"
    },
    {
      "group": "auxiliary",
      "name": "transformer.h.9.ln_1.weight",
      "optimizer": "adamw",
      "parameter_count": 768,
      "shape": [
        768
      ],
      "weight_decay": 0.0,
      "weight_decay_semantics": "adamw_decoupled",
      "weight_decay_treatment": "no_decay"
    },
    {
      "group": "auxiliary",
      "name": "transformer.h.9.ln_2.weight",
      "optimizer": "adamw",
      "parameter_count": 768,
      "shape": [
        768
      ],
      "weight_decay": 0.0,
      "weight_decay_semantics": "adamw_decoupled",
      "weight_decay_treatment": "no_decay"
    },
    {
      "group": "eligible_matrix",
      "name": "transformer.h.9.mlp.c_fc.weight",
      "optimizer": "static_per_matrix_sgdm",
      "parameter_count": 2359296,
      "shape": [
        3072,
        768
      ],
      "weight_decay": 0.1,
      "weight_decay_semantics": "decoupled",
      "weight_decay_treatment": "decay"
    },
    {
      "group": "eligible_matrix",
      "name": "transformer.h.9.mlp.c_proj.weight",
      "optimizer": "static_per_matrix_sgdm",
      "parameter_count": 2359296,
      "shape": [
        768,
        3072
      ],
      "weight_decay": 0.1,
      "weight_decay_semantics": "decoupled",
      "weight_decay_treatment": "decay"
    },
    {
      "group": "auxiliary",
      "name": "transformer.ln_f.weight",
      "optimizer": "adamw",
      "parameter_count": 768,
      "shape": [
        768
      ],
      "weight_decay": 0.0,
      "weight_decay_semantics": "adamw_decoupled",
      "weight_decay_treatment": "no_decay"
    },
    {
      "group": "auxiliary",
      "name": "transformer.wpe.weight",
      "optimizer": "adamw",
      "parameter_count": 786432,
      "shape": [
        1024,
        768
      ],
      "weight_decay": 0.1,
      "weight_decay_semantics": "adamw_decoupled",
      "weight_decay_treatment": "decay"
    },
    {
      "group": "auxiliary",
      "name": "transformer.wte.weight",
      "optimizer": "adamw",
      "parameter_count": 38633472,
      "shape": [
        50304,
        768
      ],
      "weight_decay": 0.1,
      "weight_decay_semantics": "adamw_decoupled",
      "weight_decay_treatment": "decay"
    }
  ],
  "tied_parameters": {
    "aliases": [
      "transformer.wte.weight",
      "lm_head.weight"
    ],
    "assignment": "auxiliary",
    "canonical_name": "transformer.wte.weight",
    "counted_once": true,
    "optimizer": "adamw"
  },
  "totals": {
    "parameter_count": 124373760,
    "parameter_tensors": 75
  }
}
compiling the model... (takes a ~minute)
compiling the model... (takes a ~minute)
step 0: train loss 10.9886, val loss 10.9897
iter 0: loss 10.9734, time 16307.98ms, mfu -100.00%, matrix lr 0.0029703, auxiliary lr 5.94059e-06
iter 10: loss 10.6233, time 910.49ms, mfu 73.95%, matrix lr 0.0326733, auxiliary lr 6.53465e-05
iter 20: loss 9.5899, time 909.72ms, mfu 73.96%, matrix lr 0.0623762, auxiliary lr 0.000124752
iter 30: loss 8.3005, time 909.54ms, mfu 73.96%, matrix lr 0.0920792, auxiliary lr 0.000184158
iter 40: loss 7.9036, time 909.77ms, mfu 73.97%, matrix lr 0.121782, auxiliary lr 0.000243564
iter 50: loss 7.5637, time 910.22ms, mfu 73.97%, matrix lr 0.151485, auxiliary lr 0.00030297
iter 60: loss 7.4569, time 911.67ms, mfu 73.96%, matrix lr 0.181188, auxiliary lr 0.000362376
iter 70: loss 7.3721, time 911.44ms, mfu 73.95%, matrix lr 0.210891, auxiliary lr 0.000421782
iter 80: loss 7.1861, time 913.42ms, mfu 73.92%, matrix lr 0.240594, auxiliary lr 0.000481188
iter 90: loss 7.2445, time 911.95ms, mfu 73.91%, matrix lr 0.270297, auxiliary lr 0.000540594
iter 100: loss 6.9193, time 913.98ms, mfu 73.89%, matrix lr 0.3, auxiliary lr 0.0006
iter 110: loss 6.5129, time 912.70ms, mfu 73.88%, matrix lr 0.299918, auxiliary lr 0.000599835
iter 120: loss 6.5115, time 913.97ms, mfu 73.86%, matrix lr 0.29967, auxiliary lr 0.000599341
iter 130: loss 6.4013, time 914.13ms, mfu 73.84%, matrix lr 0.299259, auxiliary lr 0.000598518
iter 140: loss 6.4433, time 913.84ms, mfu 73.82%, matrix lr 0.298683, auxiliary lr 0.000597367
iter 150: loss 6.2565, time 913.95ms, mfu 73.81%, matrix lr 0.297944, auxiliary lr 0.000595889
iter 160: loss 6.3282, time 913.69ms, mfu 73.79%, matrix lr 0.297043, auxiliary lr 0.000594087
iter 170: loss 6.1247, time 913.95ms, mfu 73.78%, matrix lr 0.295981, auxiliary lr 0.000591962
iter 180: loss 6.0891, time 914.12ms, mfu 73.77%, matrix lr 0.294759, auxiliary lr 0.000589518
iter 190: loss 6.0454, time 914.03ms, mfu 73.76%, matrix lr 0.293378, auxiliary lr 0.000586756
iter 200: loss 6.0371, time 914.11ms, mfu 73.75%, matrix lr 0.291841, auxiliary lr 0.000583681
iter 210: loss 5.9493, time 914.16ms, mfu 73.74%, matrix lr 0.290148, auxiliary lr 0.000580296
iter 220: loss 6.0456, time 914.13ms, mfu 73.73%, matrix lr 0.288303, auxiliary lr 0.000576606
iter 230: loss 5.8991, time 913.33ms, mfu 73.73%, matrix lr 0.286307, auxiliary lr 0.000572615
iter 240: loss 6.0009, time 914.20ms, mfu 73.72%, matrix lr 0.284163, auxiliary lr 0.000568327
iter 250: loss 5.8732, time 914.17ms, mfu 73.71%, matrix lr 0.281874, auxiliary lr 0.000563748
iter 260: loss 5.9060, time 914.42ms, mfu 73.71%, matrix lr 0.279442, auxiliary lr 0.000558884
iter 270: loss 5.9135, time 913.20ms, mfu 73.71%, matrix lr 0.27687, auxiliary lr 0.00055374
iter 280: loss 6.1616, time 914.03ms, mfu 73.70%, matrix lr 0.274162, auxiliary lr 0.000548324
iter 290: loss 6.0490, time 914.00ms, mfu 73.70%, matrix lr 0.27132, auxiliary lr 0.00054264
iter 300: loss 5.8729, time 912.97ms, mfu 73.70%, matrix lr 0.268349, auxiliary lr 0.000536697
iter 310: loss 5.8996, time 914.15ms, mfu 73.70%, matrix lr 0.265251, auxiliary lr 0.000530502
iter 320: loss 5.9441, time 913.00ms, mfu 73.70%, matrix lr 0.262031, auxiliary lr 0.000524061
iter 330: loss 6.0160, time 914.14ms, mfu 73.70%, matrix lr 0.258692, auxiliary lr 0.000517384
step 333: train loss 5.8939, val loss 5.8975
saving checkpoint to /shared/home/bilal.ashfaq/nanogpt-study-runs/task-2.5/static_per_matrix_sgdm_gpt2-124m_lr0.3_mom0.99_wd0.1_seed1337_scalestatic-26f16b708d59
iter 340: loss 5.6614, time 913.98ms, mfu 73.70%, matrix lr 0.255239, auxiliary lr 0.000510478
iter 350: loss 5.7613, time 912.65ms, mfu 73.70%, matrix lr 0.251676, auxiliary lr 0.000503352
iter 360: loss 5.9131, time 912.67ms, mfu 73.71%, matrix lr 0.248007, auxiliary lr 0.000496014
iter 370: loss 5.7908, time 913.52ms, mfu 73.71%, matrix lr 0.244236, auxiliary lr 0.000488473
iter 380: loss 5.9654, time 913.82ms, mfu 73.71%, matrix lr 0.240369, auxiliary lr 0.000480739
iter 390: loss 5.8866, time 914.09ms, mfu 73.70%, matrix lr 0.23641, auxiliary lr 0.00047282
iter 400: loss 5.8694, time 914.19ms, mfu 73.70%, matrix lr 0.232364, auxiliary lr 0.000464728
iter 410: loss 5.7343, time 914.19ms, mfu 73.69%, matrix lr 0.228235, auxiliary lr 0.00045647
iter 420: loss 5.7190, time 914.24ms, mfu 73.69%, matrix lr 0.224029, auxiliary lr 0.000448059
iter 430: loss 5.8574, time 914.45ms, mfu 73.68%, matrix lr 0.219751, auxiliary lr 0.000439503
iter 440: loss 5.8568, time 913.00ms, mfu 73.69%, matrix lr 0.215407, auxiliary lr 0.000430813
iter 450: loss 5.9326, time 914.04ms, mfu 73.68%, matrix lr 0.211, auxiliary lr 0.000422001
iter 460: loss 5.8202, time 914.40ms, mfu 73.68%, matrix lr 0.206538, auxiliary lr 0.000413076
iter 470: loss 5.8501, time 913.54ms, mfu 73.68%, matrix lr 0.202025, auxiliary lr 0.000404049
iter 480: loss 5.6730, time 914.46ms, mfu 73.68%, matrix lr 0.197466, auxiliary lr 0.000394932
iter 490: loss 5.8433, time 914.56ms, mfu 73.67%, matrix lr 0.192868, auxiliary lr 0.000385736
iter 500: loss 5.8857, time 913.99ms, mfu 73.67%, matrix lr 0.188236, auxiliary lr 0.000376472
iter 510: loss 5.5892, time 914.01ms, mfu 73.67%, matrix lr 0.183576, auxiliary lr 0.000367151
iter 520: loss 5.9177, time 914.24ms, mfu 73.67%, matrix lr 0.178892, auxiliary lr 0.000357785
iter 530: loss 5.7440, time 914.51ms, mfu 73.66%, matrix lr 0.174192, auxiliary lr 0.000348385
iter 540: loss 5.8364, time 914.51ms, mfu 73.66%, matrix lr 0.169481, auxiliary lr 0.000338962
iter 550: loss 6.0161, time 914.33ms, mfu 73.66%, matrix lr 0.164764, auxiliary lr 0.000329528
iter 560: loss 5.8349, time 914.17ms, mfu 73.66%, matrix lr 0.160048, auxiliary lr 0.000320095
iter 570: loss 5.6936, time 913.21ms, mfu 73.66%, matrix lr 0.155337, auxiliary lr 0.000310674
iter 580: loss 5.7156, time 914.25ms, mfu 73.66%, matrix lr 0.150638, auxiliary lr 0.000301277
iter 590: loss 5.8579, time 914.67ms, mfu 73.66%, matrix lr 0.145957, auxiliary lr 0.000291915
iter 600: loss 5.8734, time 914.22ms, mfu 73.66%, matrix lr 0.141299, auxiliary lr 0.000282599
iter 610: loss 5.9892, time 914.44ms, mfu 73.65%, matrix lr 0.13667, auxiliary lr 0.000273341
iter 620: loss 5.9895, time 914.66ms, mfu 73.65%, matrix lr 0.132076, auxiliary lr 0.000264152
iter 630: loss 5.7226, time 914.27ms, mfu 73.65%, matrix lr 0.127522, auxiliary lr 0.000255044
iter 640: loss 5.6732, time 913.65ms, mfu 73.65%, matrix lr 0.123014, auxiliary lr 0.000246027
iter 650: loss 5.6972, time 914.34ms, mfu 73.65%, matrix lr 0.118556, auxiliary lr 0.000237113
iter 660: loss 5.7540, time 914.55ms, mfu 73.65%, matrix lr 0.114156, auxiliary lr 0.000228312
step 666: train loss 5.7748, val loss 5.7905
saving checkpoint to /shared/home/bilal.ashfaq/nanogpt-study-runs/task-2.5/static_per_matrix_sgdm_gpt2-124m_lr0.3_mom0.99_wd0.1_seed1337_scalestatic-26f16b708d59
iter 670: loss 5.7456, time 912.65ms, mfu 73.66%, matrix lr 0.109818, auxiliary lr 0.000219635
iter 680: loss 5.7784, time 914.33ms, mfu 73.66%, matrix lr 0.105547, auxiliary lr 0.000211094
iter 690: loss 5.5329, time 912.69ms, mfu 73.67%, matrix lr 0.101348, auxiliary lr 0.000202697
iter 700: loss 5.6181, time 913.25ms, mfu 73.68%, matrix lr 0.0972278, auxiliary lr 0.000194456
iter 710: loss 5.9135, time 914.02ms, mfu 73.67%, matrix lr 0.0931899, auxiliary lr 0.00018638
iter 720: loss 5.6712, time 913.91ms, mfu 73.67%, matrix lr 0.0892397, auxiliary lr 0.000178479
iter 730: loss 5.7143, time 914.14ms, mfu 73.67%, matrix lr 0.0853821, auxiliary lr 0.000170764
iter 740: loss 5.8943, time 913.02ms, mfu 73.68%, matrix lr 0.0816216, auxiliary lr 0.000163243
iter 750: loss 5.6862, time 912.87ms, mfu 73.69%, matrix lr 0.0779629, auxiliary lr 0.000155926
iter 760: loss 5.6982, time 914.21ms, mfu 73.68%, matrix lr 0.0744106, auxiliary lr 0.000148821
iter 770: loss 5.8305, time 914.21ms, mfu 73.68%, matrix lr 0.0709688, auxiliary lr 0.000141938
iter 780: loss 5.7811, time 914.32ms, mfu 73.68%, matrix lr 0.0676419, auxiliary lr 0.000135284
iter 790: loss 5.6383, time 912.87ms, mfu 73.68%, matrix lr 0.0644338, auxiliary lr 0.000128868
iter 800: loss 5.7321, time 914.33ms, mfu 73.68%, matrix lr 0.0613485, auxiliary lr 0.000122697
iter 810: loss 5.8085, time 914.61ms, mfu 73.67%, matrix lr 0.0583898, auxiliary lr 0.00011678
iter 820: loss 5.8621, time 913.24ms, mfu 73.68%, matrix lr 0.0555613, auxiliary lr 0.000111123
iter 830: loss 5.8172, time 914.29ms, mfu 73.67%, matrix lr 0.0528664, auxiliary lr 0.000105733
iter 840: loss 5.7653, time 914.47ms, mfu 73.67%, matrix lr 0.0503084, auxiliary lr 0.000100617
iter 850: loss 5.6478, time 914.41ms, mfu 73.67%, matrix lr 0.0478905, auxiliary lr 9.5781e-05
iter 860: loss 5.6678, time 913.24ms, mfu 73.67%, matrix lr 0.0456156, auxiliary lr 9.12311e-05
iter 870: loss 5.6074, time 913.03ms, mfu 73.68%, matrix lr 0.0434864, auxiliary lr 8.69728e-05
iter 880: loss 5.8436, time 914.32ms, mfu 73.67%, matrix lr 0.0415056, auxiliary lr 8.30113e-05
iter 890: loss 6.0215, time 914.12ms, mfu 73.67%, matrix lr 0.0396756, auxiliary lr 7.93513e-05
iter 900: loss 5.7307, time 913.44ms, mfu 73.68%, matrix lr 0.0379987, auxiliary lr 7.59974e-05
iter 910: loss 5.6244, time 913.82ms, mfu 73.68%, matrix lr 0.0364768, auxiliary lr 7.29536e-05
iter 920: loss 5.8184, time 914.41ms, mfu 73.67%, matrix lr 0.0351119, auxiliary lr 7.02237e-05
iter 930: loss 5.7097, time 914.18ms, mfu 73.67%, matrix lr 0.0339055, auxiliary lr 6.7811e-05
iter 940: loss 5.8591, time 914.33ms, mfu 73.67%, matrix lr 0.0328592, auxiliary lr 6.57185e-05
iter 950: loss 5.9141, time 914.43ms, mfu 73.66%, matrix lr 0.0319743, auxiliary lr 6.39486e-05
iter 960: loss 5.8476, time 914.74ms, mfu 73.66%, matrix lr 0.0312518, auxiliary lr 6.25036e-05
iter 970: loss 5.5742, time 914.02ms, mfu 73.66%, matrix lr 0.0306926, auxiliary lr 6.13853e-05
iter 980: loss 5.7884, time 914.41ms, mfu 73.66%, matrix lr 0.0302975, auxiliary lr 6.05949e-05
iter 990: loss 5.6148, time 914.80ms, mfu 73.65%, matrix lr 0.0300668, auxiliary lr 6.01335e-05
step 999: train loss 5.7171, val loss 5.7157
saving checkpoint to /shared/home/bilal.ashfaq/nanogpt-study-runs/task-2.5/static_per_matrix_sgdm_gpt2-124m_lr0.3_mom0.99_wd0.1_seed1337_scalestatic-26f16b708d59
Launching: torchrun --standalone --nproc_per_node=2 train.py config/task_2_4_static.py --out_dir=/shared/home/bilal.ashfaq/nanogpt-study-runs/task-2.5/static_per_matrix_sgdm_gpt2-124m_lr0.3_mom0.99_wd0.1_seed1337_scalestatic-658ea6e7df4d --optimizer_name=static_per_matrix_sgdm --seed=1337 --max_iters=999 --init_from=scratch --matrix_learning_rate=0.3 --matrix_momentum=0.99 --static_default_multiplier=1.0 --static_exact_parameter_multipliers={} --static_matrix_type_multipliers={'attention_output': 2.0, 'attention_qkv': 2.0, 'mlp_input': 0.5, 'mlp_output': 0.5}
Overriding config with config/task_2_4_static.py:
# Task 2.4 reuses every common Task 1.6 control. Candidate-specific static
# settings are supplied only by the materialized, reviewed manifest.
with open('config/task_1_6_baseline.py', encoding='utf-8') as base_config_file:
    exec(base_config_file.read())

optimizer_name = 'static_per_matrix_sgdm'
static_default_multiplier = 1.0
static_matrix_type_multipliers = {}
static_exact_parameter_multipliers = {}

Overriding: out_dir = /shared/home/bilal.ashfaq/nanogpt-study-runs/task-2.5/static_per_matrix_sgdm_gpt2-124m_lr0.3_mom0.99_wd0.1_seed1337_scalestatic-658ea6e7df4d
Overriding: optimizer_name = static_per_matrix_sgdm
Overriding: seed = 1337
Overriding: max_iters = 999
Overriding: init_from = scratch
Overriding: matrix_learning_rate = 0.3
Overriding: matrix_momentum = 0.99
Overriding: static_default_multiplier = 1.0
Overriding: static_exact_parameter_multipliers = {}
Overriding: static_matrix_type_multipliers = {'attention_output': 2.0, 'attention_qkv': 2.0, 'mlp_input': 0.5, 'mlp_output': 0.5}
Overriding config with config/task_2_4_static.py:
# Task 2.4 reuses every common Task 1.6 control. Candidate-specific static
# settings are supplied only by the materialized, reviewed manifest.
with open('config/task_1_6_baseline.py', encoding='utf-8') as base_config_file:
    exec(base_config_file.read())

optimizer_name = 'static_per_matrix_sgdm'
static_default_multiplier = 1.0
static_matrix_type_multipliers = {}
static_exact_parameter_multipliers = {}

Overriding: out_dir = /shared/home/bilal.ashfaq/nanogpt-study-runs/task-2.5/static_per_matrix_sgdm_gpt2-124m_lr0.3_mom0.99_wd0.1_seed1337_scalestatic-658ea6e7df4d
Overriding: optimizer_name = static_per_matrix_sgdm
Overriding: seed = 1337
Overriding: max_iters = 999
Overriding: init_from = scratch
Overriding: matrix_learning_rate = 0.3
Overriding: matrix_momentum = 0.99
Overriding: static_default_multiplier = 1.0
Overriding: static_exact_parameter_multipliers = {}
Overriding: static_matrix_type_multipliers = {'attention_output': 2.0, 'attention_qkv': 2.0, 'mlp_input': 0.5, 'mlp_output': 0.5}
tokens per iteration will be: 491,520
Initializing a new model from scratch
defaulting to vocab_size of GPT-2 to 50304 (50257 rounded up for efficiency)
tokens per iteration will be: 491,520
Initializing a new model from scratch
defaulting to vocab_size of GPT-2 to 50304 (50257 rounded up for efficiency)
number of parameters: 123.59M
number of parameters: 123.59M
using fused auxiliary AdamW: True
using fused auxiliary AdamW: True
optimizer parameter audit:
{
  "parameters": [
    {
      "group": "eligible_matrix",
      "name": "transformer.h.0.attn.c_attn.weight",
      "optimizer": "static_per_matrix_sgdm",
      "parameter_count": 1769472,
      "shape": [
        2304,
        768
      ],
      "weight_decay": 0.1,
      "weight_decay_semantics": "decoupled",
      "weight_decay_treatment": "decay"
    },
    {
      "group": "eligible_matrix",
      "name": "transformer.h.0.attn.c_proj.weight",
      "optimizer": "static_per_matrix_sgdm",
      "parameter_count": 589824,
      "shape": [
        768,
        768
      ],
      "weight_decay": 0.1,
      "weight_decay_semantics": "decoupled",
      "weight_decay_treatment": "decay"
    },
    {
      "group": "auxiliary",
      "name": "transformer.h.0.ln_1.weight",
      "optimizer": "adamw",
      "parameter_count": 768,
      "shape": [
        768
      ],
      "weight_decay": 0.0,
      "weight_decay_semantics": "adamw_decoupled",
      "weight_decay_treatment": "no_decay"
    },
    {
      "group": "auxiliary",
      "name": "transformer.h.0.ln_2.weight",
      "optimizer": "adamw",
      "parameter_count": 768,
      "shape": [
        768
      ],
      "weight_decay": 0.0,
      "weight_decay_semantics": "adamw_decoupled",
      "weight_decay_treatment": "no_decay"
    },
    {
      "group": "eligible_matrix",
      "name": "transformer.h.0.mlp.c_fc.weight",
      "optimizer": "static_per_matrix_sgdm",
      "parameter_count": 2359296,
      "shape": [
        3072,
        768
      ],
      "weight_decay": 0.1,
      "weight_decay_semantics": "decoupled",
      "weight_decay_treatment": "decay"
    },
    {
      "group": "eligible_matrix",
      "name": "transformer.h.0.mlp.c_proj.weight",
      "optimizer": "static_per_matrix_sgdm",
      "parameter_count": 2359296,
      "shape": [
        768,
        3072
      ],
      "weight_decay": 0.1,
      "weight_decay_semantics": "decoupled",
      "weight_decay_treatment": "decay"
    },
    {
      "group": "eligible_matrix",
      "name": "transformer.h.1.attn.c_attn.weight",
      "optimizer": "static_per_matrix_sgdm",
      "parameter_count": 1769472,
      "shape": [
        2304,
        768
      ],
      "weight_decay": 0.1,
      "weight_decay_semantics": "decoupled",
      "weight_decay_treatment": "decay"
    },
    {
      "group": "eligible_matrix",
      "name": "transformer.h.1.attn.c_proj.weight",
      "optimizer": "static_per_matrix_sgdm",
      "parameter_count": 589824,
      "shape": [
        768,
        768
      ],
      "weight_decay": 0.1,
      "weight_decay_semantics": "decoupled",
      "weight_decay_treatment": "decay"
    },
    {
      "group": "auxiliary",
      "name": "transformer.h.1.ln_1.weight",
      "optimizer": "adamw",
      "parameter_count": 768,
      "shape": [
        768
      ],
      "weight_decay": 0.0,
      "weight_decay_semantics": "adamw_decoupled",
      "weight_decay_treatment": "no_decay"
    },
    {
      "group": "auxiliary",
      "name": "transformer.h.1.ln_2.weight",
      "optimizer": "adamw",
      "parameter_count": 768,
      "shape": [
        768
      ],
      "weight_decay": 0.0,
      "weight_decay_semantics": "adamw_decoupled",
      "weight_decay_treatment": "no_decay"
    },
    {
      "group": "eligible_matrix",
      "name": "transformer.h.1.mlp.c_fc.weight",
      "optimizer": "static_per_matrix_sgdm",
      "parameter_count": 2359296,
      "shape": [
        3072,
        768
      ],
      "weight_decay": 0.1,
      "weight_decay_semantics": "decoupled",
      "weight_decay_treatment": "decay"
    },
    {
      "group": "eligible_matrix",
      "name": "transformer.h.1.mlp.c_proj.weight",
      "optimizer": "static_per_matrix_sgdm",
      "parameter_count": 2359296,
      "shape": [
        768,
        3072
      ],
      "weight_decay": 0.1,
      "weight_decay_semantics": "decoupled",
      "weight_decay_treatment": "decay"
    },
    {
      "group": "eligible_matrix",
      "name": "transformer.h.10.attn.c_attn.weight",
      "optimizer": "static_per_matrix_sgdm",
      "parameter_count": 1769472,
      "shape": [
        2304,
        768
      ],
      "weight_decay": 0.1,
      "weight_decay_semantics": "decoupled",
      "weight_decay_treatment": "decay"
    },
    {
      "group": "eligible_matrix",
      "name": "transformer.h.10.attn.c_proj.weight",
      "optimizer": "static_per_matrix_sgdm",
      "parameter_count": 589824,
      "shape": [
        768,
        768
      ],
      "weight_decay": 0.1,
      "weight_decay_semantics": "decoupled",
      "weight_decay_treatment": "decay"
    },
    {
      "group": "auxiliary",
      "name": "transformer.h.10.ln_1.weight",
      "optimizer": "adamw",
      "parameter_count": 768,
      "shape": [
        768
      ],
      "weight_decay": 0.0,
      "weight_decay_semantics": "adamw_decoupled",
      "weight_decay_treatment": "no_decay"
    },
    {
      "group": "auxiliary",
      "name": "transformer.h.10.ln_2.weight",
      "optimizer": "adamw",
      "parameter_count": 768,
      "shape": [
        768
      ],
      "weight_decay": 0.0,
      "weight_decay_semantics": "adamw_decoupled",
      "weight_decay_treatment": "no_decay"
    },
    {
      "group": "eligible_matrix",
      "name": "transformer.h.10.mlp.c_fc.weight",
      "optimizer": "static_per_matrix_sgdm",
      "parameter_count": 2359296,
      "shape": [
        3072,
        768
      ],
      "weight_decay": 0.1,
      "weight_decay_semantics": "decoupled",
      "weight_decay_treatment": "decay"
    },
    {
      "group": "eligible_matrix",
      "name": "transformer.h.10.mlp.c_proj.weight",
      "optimizer": "static_per_matrix_sgdm",
      "parameter_count": 2359296,
      "shape": [
        768,
        3072
      ],
      "weight_decay": 0.1,
      "weight_decay_semantics": "decoupled",
      "weight_decay_treatment": "decay"
    },
    {
      "group": "eligible_matrix",
      "name": "transformer.h.11.attn.c_attn.weight",
      "optimizer": "static_per_matrix_sgdm",
      "parameter_count": 1769472,
      "shape": [
        2304,
        768
      ],
      "weight_decay": 0.1,
      "weight_decay_semantics": "decoupled",
      "weight_decay_treatment": "decay"
    },
    {
      "group": "eligible_matrix",
      "name": "transformer.h.11.attn.c_proj.weight",
      "optimizer": "static_per_matrix_sgdm",
      "parameter_count": 589824,
      "shape": [
        768,
        768
      ],
      "weight_decay": 0.1,
      "weight_decay_semantics": "decoupled",
      "weight_decay_treatment": "decay"
    },
    {
      "group": "auxiliary",
      "name": "transformer.h.11.ln_1.weight",
      "optimizer": "adamw",
      "parameter_count": 768,
      "shape": [
        768
      ],
      "weight_decay": 0.0,
      "weight_decay_semantics": "adamw_decoupled",
      "weight_decay_treatment": "no_decay"
    },
    {
      "group": "auxiliary",
      "name": "transformer.h.11.ln_2.weight",
      "optimizer": "adamw",
      "parameter_count": 768,
      "shape": [
        768
      ],
      "weight_decay": 0.0,
      "weight_decay_semantics": "adamw_decoupled",
      "weight_decay_treatment": "no_decay"
    },
    {
      "group": "eligible_matrix",
      "name": "transformer.h.11.mlp.c_fc.weight",
      "optimizer": "static_per_matrix_sgdm",
      "parameter_count": 2359296,
      "shape": [
        3072,
        768
      ],
      "weight_decay": 0.1,
      "weight_decay_semantics": "decoupled",
      "weight_decay_treatment": "decay"
    },
    {
      "group": "eligible_matrix",
      "name": "transformer.h.11.mlp.c_proj.weight",
      "optimizer": "static_per_matrix_sgdm",
      "parameter_count": 2359296,
      "shape": [
        768,
        3072
      ],
      "weight_decay": 0.1,
      "weight_decay_semantics": "decoupled",
      "weight_decay_treatment": "decay"
    },
    {
      "group": "eligible_matrix",
      "name": "transformer.h.2.attn.c_attn.weight",
      "optimizer": "static_per_matrix_sgdm",
      "parameter_count": 1769472,
      "shape": [
        2304,
        768
      ],
      "weight_decay": 0.1,
      "weight_decay_semantics": "decoupled",
      "weight_decay_treatment": "decay"
    },
    {
      "group": "eligible_matrix",
      "name": "transformer.h.2.attn.c_proj.weight",
      "optimizer": "static_per_matrix_sgdm",
      "parameter_count": 589824,
      "shape": [
        768,
        768
      ],
      "weight_decay": 0.1,
      "weight_decay_semantics": "decoupled",
      "weight_decay_treatment": "decay"
    },
    {
      "group": "auxiliary",
      "name": "transformer.h.2.ln_1.weight",
      "optimizer": "adamw",
      "parameter_count": 768,
      "shape": [
        768
      ],
      "weight_decay": 0.0,
      "weight_decay_semantics": "adamw_decoupled",
      "weight_decay_treatment": "no_decay"
    },
    {
      "group": "auxiliary",
      "name": "transformer.h.2.ln_2.weight",
      "optimizer": "adamw",
      "parameter_count": 768,
      "shape": [
        768
      ],
      "weight_decay": 0.0,
      "weight_decay_semantics": "adamw_decoupled",
      "weight_decay_treatment": "no_decay"
    },
    {
      "group": "eligible_matrix",
      "name": "transformer.h.2.mlp.c_fc.weight",
      "optimizer": "static_per_matrix_sgdm",
      "parameter_count": 2359296,
      "shape": [
        3072,
        768
      ],
      "weight_decay": 0.1,
      "weight_decay_semantics": "decoupled",
      "weight_decay_treatment": "decay"
    },
    {
      "group": "eligible_matrix",
      "name": "transformer.h.2.mlp.c_proj.weight",
      "optimizer": "static_per_matrix_sgdm",
      "parameter_count": 2359296,
      "shape": [
        768,
        3072
      ],
      "weight_decay": 0.1,
      "weight_decay_semantics": "decoupled",
      "weight_decay_treatment": "decay"
    },
    {
      "group": "eligible_matrix",
      "name": "transformer.h.3.attn.c_attn.weight",
      "optimizer": "static_per_matrix_sgdm",
      "parameter_count": 1769472,
      "shape": [
        2304,
        768
      ],
      "weight_decay": 0.1,
      "weight_decay_semantics": "decoupled",
      "weight_decay_treatment": "decay"
    },
    {
      "group": "eligible_matrix",
      "name": "transformer.h.3.attn.c_proj.weight",
      "optimizer": "static_per_matrix_sgdm",
      "parameter_count": 589824,
      "shape": [
        768,
        768
      ],
      "weight_decay": 0.1,
      "weight_decay_semantics": "decoupled",
      "weight_decay_treatment": "decay"
    },
    {
      "group": "auxiliary",
      "name": "transformer.h.3.ln_1.weight",
      "optimizer": "adamw",
      "parameter_count": 768,
      "shape": [
        768
      ],
      "weight_decay": 0.0,
      "weight_decay_semantics": "adamw_decoupled",
      "weight_decay_treatment": "no_decay"
    },
    {
      "group": "auxiliary",
      "name": "transformer.h.3.ln_2.weight",
      "optimizer": "adamw",
      "parameter_count": 768,
      "shape": [
        768
      ],
      "weight_decay": 0.0,
      "weight_decay_semantics": "adamw_decoupled",
      "weight_decay_treatment": "no_decay"
    },
    {
      "group": "eligible_matrix",
      "name": "transformer.h.3.mlp.c_fc.weight",
      "optimizer": "static_per_matrix_sgdm",
      "parameter_count": 2359296,
      "shape": [
        3072,
        768
      ],
      "weight_decay": 0.1,
      "weight_decay_semantics": "decoupled",
      "weight_decay_treatment": "decay"
    },
    {
      "group": "eligible_matrix",
      "name": "transformer.h.3.mlp.c_proj.weight",
      "optimizer": "static_per_matrix_sgdm",
      "parameter_count": 2359296,
      "shape": [
        768,
        3072
      ],
      "weight_decay": 0.1,
      "weight_decay_semantics": "decoupled",
      "weight_decay_treatment": "decay"
    },
    {
      "group": "eligible_matrix",
      "name": "transformer.h.4.attn.c_attn.weight",
      "optimizer": "static_per_matrix_sgdm",
      "parameter_count": 1769472,
      "shape": [
        2304,
        768
      ],
      "weight_decay": 0.1,
      "weight_decay_semantics": "decoupled",
      "weight_decay_treatment": "decay"
    },
    {
      "group": "eligible_matrix",
      "name": "transformer.h.4.attn.c_proj.weight",
      "optimizer": "static_per_matrix_sgdm",
      "parameter_count": 589824,
      "shape": [
        768,
        768
      ],
      "weight_decay": 0.1,
      "weight_decay_semantics": "decoupled",
      "weight_decay_treatment": "decay"
    },
    {
      "group": "auxiliary",
      "name": "transformer.h.4.ln_1.weight",
      "optimizer": "adamw",
      "parameter_count": 768,
      "shape": [
        768
      ],
      "weight_decay": 0.0,
      "weight_decay_semantics": "adamw_decoupled",
      "weight_decay_treatment": "no_decay"
    },
    {
      "group": "auxiliary",
      "name": "transformer.h.4.ln_2.weight",
      "optimizer": "adamw",
      "parameter_count": 768,
      "shape": [
        768
      ],
      "weight_decay": 0.0,
      "weight_decay_semantics": "adamw_decoupled",
      "weight_decay_treatment": "no_decay"
    },
    {
      "group": "eligible_matrix",
      "name": "transformer.h.4.mlp.c_fc.weight",
      "optimizer": "static_per_matrix_sgdm",
      "parameter_count": 2359296,
      "shape": [
        3072,
        768
      ],
      "weight_decay": 0.1,
      "weight_decay_semantics": "decoupled",
      "weight_decay_treatment": "decay"
    },
    {
      "group": "eligible_matrix",
      "name": "transformer.h.4.mlp.c_proj.weight",
      "optimizer": "static_per_matrix_sgdm",
      "parameter_count": 2359296,
      "shape": [
        768,
        3072
      ],
      "weight_decay": 0.1,
      "weight_decay_semantics": "decoupled",
      "weight_decay_treatment": "decay"
    },
    {
      "group": "eligible_matrix",
      "name": "transformer.h.5.attn.c_attn.weight",
      "optimizer": "static_per_matrix_sgdm",
      "parameter_count": 1769472,
      "shape": [
        2304,
        768
      ],
      "weight_decay": 0.1,
      "weight_decay_semantics": "decoupled",
      "weight_decay_treatment": "decay"
    },
    {
      "group": "eligible_matrix",
      "name": "transformer.h.5.attn.c_proj.weight",
      "optimizer": "static_per_matrix_sgdm",
      "parameter_count": 589824,
      "shape": [
        768,
        768
      ],
      "weight_decay": 0.1,
      "weight_decay_semantics": "decoupled",
      "weight_decay_treatment": "decay"
    },
    {
      "group": "auxiliary",
      "name": "transformer.h.5.ln_1.weight",
      "optimizer": "adamw",
      "parameter_count": 768,
      "shape": [
        768
      ],
      "weight_decay": 0.0,
      "weight_decay_semantics": "adamw_decoupled",
      "weight_decay_treatment": "no_decay"
    },
    {
      "group": "auxiliary",
      "name": "transformer.h.5.ln_2.weight",
      "optimizer": "adamw",
      "parameter_count": 768,
      "shape": [
        768
      ],
      "weight_decay": 0.0,
      "weight_decay_semantics": "adamw_decoupled",
      "weight_decay_treatment": "no_decay"
    },
    {
      "group": "eligible_matrix",
      "name": "transformer.h.5.mlp.c_fc.weight",
      "optimizer": "static_per_matrix_sgdm",
      "parameter_count": 2359296,
      "shape": [
        3072,
        768
      ],
      "weight_decay": 0.1,
      "weight_decay_semantics": "decoupled",
      "weight_decay_treatment": "decay"
    },
    {
      "group": "eligible_matrix",
      "name": "transformer.h.5.mlp.c_proj.weight",
      "optimizer": "static_per_matrix_sgdm",
      "parameter_count": 2359296,
      "shape": [
        768,
        3072
      ],
      "weight_decay": 0.1,
      "weight_decay_semantics": "decoupled",
      "weight_decay_treatment": "decay"
    },
    {
      "group": "eligible_matrix",
      "name": "transformer.h.6.attn.c_attn.weight",
      "optimizer": "static_per_matrix_sgdm",
      "parameter_count": 1769472,
      "shape": [
        2304,
        768
      ],
      "weight_decay": 0.1,
      "weight_decay_semantics": "decoupled",
      "weight_decay_treatment": "decay"
    },
    {
      "group": "eligible_matrix",
      "name": "transformer.h.6.attn.c_proj.weight",
      "optimizer": "static_per_matrix_sgdm",
      "parameter_count": 589824,
      "shape": [
        768,
        768
      ],
      "weight_decay": 0.1,
      "weight_decay_semantics": "decoupled",
      "weight_decay_treatment": "decay"
    },
    {
      "group": "auxiliary",
      "name": "transformer.h.6.ln_1.weight",
      "optimizer": "adamw",
      "parameter_count": 768,
      "shape": [
        768
      ],
      "weight_decay": 0.0,
      "weight_decay_semantics": "adamw_decoupled",
      "weight_decay_treatment": "no_decay"
    },
    {
      "group": "auxiliary",
      "name": "transformer.h.6.ln_2.weight",
      "optimizer": "adamw",
      "parameter_count": 768,
      "shape": [
        768
      ],
      "weight_decay": 0.0,
      "weight_decay_semantics": "adamw_decoupled",
      "weight_decay_treatment": "no_decay"
    },
    {
      "group": "eligible_matrix",
      "name": "transformer.h.6.mlp.c_fc.weight",
      "optimizer": "static_per_matrix_sgdm",
      "parameter_count": 2359296,
      "shape": [
        3072,
        768
      ],
      "weight_decay": 0.1,
      "weight_decay_semantics": "decoupled",
      "weight_decay_treatment": "decay"
    },
    {
      "group": "eligible_matrix",
      "name": "transformer.h.6.mlp.c_proj.weight",
      "optimizer": "static_per_matrix_sgdm",
      "parameter_count": 2359296,
      "shape": [
        768,
        3072
      ],
      "weight_decay": 0.1,
      "weight_decay_semantics": "decoupled",
      "weight_decay_treatment": "decay"
    },
    {
      "group": "eligible_matrix",
      "name": "transformer.h.7.attn.c_attn.weight",
      "optimizer": "static_per_matrix_sgdm",
      "parameter_count": 1769472,
      "shape": [
        2304,
        768
      ],
      "weight_decay": 0.1,
      "weight_decay_semantics": "decoupled",
      "weight_decay_treatment": "decay"
    },
    {
      "group": "eligible_matrix",
      "name": "transformer.h.7.attn.c_proj.weight",
      "optimizer": "static_per_matrix_sgdm",
      "parameter_count": 589824,
      "shape": [
        768,
        768
      ],
      "weight_decay": 0.1,
      "weight_decay_semantics": "decoupled",
      "weight_decay_treatment": "decay"
    },
    {
      "group": "auxiliary",
      "name": "transformer.h.7.ln_1.weight",
      "optimizer": "adamw",
      "parameter_count": 768,
      "shape": [
        768
      ],
      "weight_decay": 0.0,
      "weight_decay_semantics": "adamw_decoupled",
      "weight_decay_treatment": "no_decay"
    },
    {
      "group": "auxiliary",
      "name": "transformer.h.7.ln_2.weight",
      "optimizer": "adamw",
      "parameter_count": 768,
      "shape": [
        768
      ],
      "weight_decay": 0.0,
      "weight_decay_semantics": "adamw_decoupled",
      "weight_decay_treatment": "no_decay"
    },
    {
      "group": "eligible_matrix",
      "name": "transformer.h.7.mlp.c_fc.weight",
      "optimizer": "static_per_matrix_sgdm",
      "parameter_count": 2359296,
      "shape": [
        3072,
        768
      ],
      "weight_decay": 0.1,
      "weight_decay_semantics": "decoupled",
      "weight_decay_treatment": "decay"
    },
    {
      "group": "eligible_matrix",
      "name": "transformer.h.7.mlp.c_proj.weight",
      "optimizer": "static_per_matrix_sgdm",
      "parameter_count": 2359296,
      "shape": [
        768,
        3072
      ],
      "weight_decay": 0.1,
      "weight_decay_semantics": "decoupled",
      "weight_decay_treatment": "decay"
    },
    {
      "group": "eligible_matrix",
      "name": "transformer.h.8.attn.c_attn.weight",
      "optimizer": "static_per_matrix_sgdm",
      "parameter_count": 1769472,
      "shape": [
        2304,
        768
      ],
      "weight_decay": 0.1,
      "weight_decay_semantics": "decoupled",
      "weight_decay_treatment": "decay"
    },
    {
      "group": "eligible_matrix",
      "name": "transformer.h.8.attn.c_proj.weight",
      "optimizer": "static_per_matrix_sgdm",
      "parameter_count": 589824,
      "shape": [
        768,
        768
      ],
      "weight_decay": 0.1,
      "weight_decay_semantics": "decoupled",
      "weight_decay_treatment": "decay"
    },
    {
      "group": "auxiliary",
      "name": "transformer.h.8.ln_1.weight",
      "optimizer": "adamw",
      "parameter_count": 768,
      "shape": [
        768
      ],
      "weight_decay": 0.0,
      "weight_decay_semantics": "adamw_decoupled",
      "weight_decay_treatment": "no_decay"
    },
    {
      "group": "auxiliary",
      "name": "transformer.h.8.ln_2.weight",
      "optimizer": "adamw",
      "parameter_count": 768,
      "shape": [
        768
      ],
      "weight_decay": 0.0,
      "weight_decay_semantics": "adamw_decoupled",
      "weight_decay_treatment": "no_decay"
    },
    {
      "group": "eligible_matrix",
      "name": "transformer.h.8.mlp.c_fc.weight",
      "optimizer": "static_per_matrix_sgdm",
      "parameter_count": 2359296,
      "shape": [
        3072,
        768
      ],
      "weight_decay": 0.1,
      "weight_decay_semantics": "decoupled",
      "weight_decay_treatment": "decay"
    },
    {
      "group": "eligible_matrix",
      "name": "transformer.h.8.mlp.c_proj.weight",
      "optimizer": "static_per_matrix_sgdm",
      "parameter_count": 2359296,
      "shape": [
        768,
        3072
      ],
      "weight_decay": 0.1,
      "weight_decay_semantics": "decoupled",
      "weight_decay_treatment": "decay"
    },
    {
      "group": "eligible_matrix",
      "name": "transformer.h.9.attn.c_attn.weight",
      "optimizer": "static_per_matrix_sgdm",
      "parameter_count": 1769472,
      "shape": [
        2304,
        768
      ],
      "weight_decay": 0.1,
      "weight_decay_semantics": "decoupled",
      "weight_decay_treatment": "decay"
    },
    {
      "group": "eligible_matrix",
      "name": "transformer.h.9.attn.c_proj.weight",
      "optimizer": "static_per_matrix_sgdm",
      "parameter_count": 589824,
      "shape": [
        768,
        768
      ],
      "weight_decay": 0.1,
      "weight_decay_semantics": "decoupled",
      "weight_decay_treatment": "decay"
    },
    {
      "group": "auxiliary",
      "name": "transformer.h.9.ln_1.weight",
      "optimizer": "adamw",
      "parameter_count": 768,
      "shape": [
        768
      ],
      "weight_decay": 0.0,
      "weight_decay_semantics": "adamw_decoupled",
      "weight_decay_treatment": "no_decay"
    },
    {
      "group": "auxiliary",
      "name": "transformer.h.9.ln_2.weight",
      "optimizer": "adamw",
      "parameter_count": 768,
      "shape": [
        768
      ],
      "weight_decay": 0.0,
      "weight_decay_semantics": "adamw_decoupled",
      "weight_decay_treatment": "no_decay"
    },
    {
      "group": "eligible_matrix",
      "name": "transformer.h.9.mlp.c_fc.weight",
      "optimizer": "static_per_matrix_sgdm",
      "parameter_count": 2359296,
      "shape": [
        3072,
        768
      ],
      "weight_decay": 0.1,
      "weight_decay_semantics": "decoupled",
      "weight_decay_treatment": "decay"
    },
    {
      "group": "eligible_matrix",
      "name": "transformer.h.9.mlp.c_proj.weight",
      "optimizer": "static_per_matrix_sgdm",
      "parameter_count": 2359296,
      "shape": [
        768,
        3072
      ],
      "weight_decay": 0.1,
      "weight_decay_semantics": "decoupled",
      "weight_decay_treatment": "decay"
    },
    {
      "group": "auxiliary",
      "name": "transformer.ln_f.weight",
      "optimizer": "adamw",
      "parameter_count": 768,
      "shape": [
        768
      ],
      "weight_decay": 0.0,
      "weight_decay_semantics": "adamw_decoupled",
      "weight_decay_treatment": "no_decay"
    },
    {
      "group": "auxiliary",
      "name": "transformer.wpe.weight",
      "optimizer": "adamw",
      "parameter_count": 786432,
      "shape": [
        1024,
        768
      ],
      "weight_decay": 0.1,
      "weight_decay_semantics": "adamw_decoupled",
      "weight_decay_treatment": "decay"
    },
    {
      "group": "auxiliary",
      "name": "transformer.wte.weight",
      "optimizer": "adamw",
      "parameter_count": 38633472,
      "shape": [
        50304,
        768
      ],
      "weight_decay": 0.1,
      "weight_decay_semantics": "adamw_decoupled",
      "weight_decay_treatment": "decay"
    }
  ],
  "tied_parameters": {
    "aliases": [
      "transformer.wte.weight",
      "lm_head.weight"
    ],
    "assignment": "auxiliary",
    "canonical_name": "transformer.wte.weight",
    "counted_once": true,
    "optimizer": "adamw"
  },
  "totals": {
    "parameter_count": 124373760,
    "parameter_tensors": 75
  }
}
compiling the model... (takes a ~minute)
compiling the model... (takes a ~minute)
step 0: train loss 10.9886, val loss 10.9897
iter 0: loss 10.9734, time 16340.09ms, mfu -100.00%, matrix lr 0.0029703, auxiliary lr 5.94059e-06
iter 10: loss 10.6136, time 909.39ms, mfu 74.04%, matrix lr 0.0326733, auxiliary lr 6.53465e-05
iter 20: loss 9.5665, time 909.51ms, mfu 74.04%, matrix lr 0.0623762, auxiliary lr 0.000124752
iter 30: loss 8.2876, time 909.53ms, mfu 74.04%, matrix lr 0.0920792, auxiliary lr 0.000184158
iter 40: loss 7.9042, time 909.36ms, mfu 74.04%, matrix lr 0.121782, auxiliary lr 0.000243564
iter 50: loss 7.5744, time 909.62ms, mfu 74.03%, matrix lr 0.151485, auxiliary lr 0.00030297
iter 60: loss 7.4918, time 910.88ms, mfu 74.02%, matrix lr 0.181188, auxiliary lr 0.000362376
iter 70: loss 7.4525, time 911.27ms, mfu 74.01%, matrix lr 0.210891, auxiliary lr 0.000421782
iter 80: loss 7.3176, time 912.86ms, mfu 73.98%, matrix lr 0.240594, auxiliary lr 0.000481188
iter 90: loss 7.3888, time 911.86ms, mfu 73.97%, matrix lr 0.270297, auxiliary lr 0.000540594
iter 100: loss 7.0811, time 912.78ms, mfu 73.95%, matrix lr 0.3, auxiliary lr 0.0006
iter 110: loss 6.6277, time 913.49ms, mfu 73.92%, matrix lr 0.299918, auxiliary lr 0.000599835
iter 120: loss 6.5871, time 913.02ms, mfu 73.91%, matrix lr 0.29967, auxiliary lr 0.000599341
iter 130: loss 6.4535, time 913.74ms, mfu 73.88%, matrix lr 0.299259, auxiliary lr 0.000598518
iter 140: loss 6.4830, time 914.18ms, mfu 73.86%, matrix lr 0.298683, auxiliary lr 0.000597367
iter 150: loss 6.2940, time 913.91ms, mfu 73.84%, matrix lr 0.297944, auxiliary lr 0.000595889
iter 160: loss 6.3612, time 914.05ms, mfu 73.82%, matrix lr 0.297043, auxiliary lr 0.000594087
iter 170: loss 6.1629, time 913.72ms, mfu 73.81%, matrix lr 0.295981, auxiliary lr 0.000591962
iter 180: loss 6.1195, time 914.18ms, mfu 73.79%, matrix lr 0.294759, auxiliary lr 0.000589518
iter 190: loss 6.0902, time 913.03ms, mfu 73.79%, matrix lr 0.293378, auxiliary lr 0.000586756
iter 200: loss 6.0630, time 913.27ms, mfu 73.78%, matrix lr 0.291841, auxiliary lr 0.000583681
iter 210: loss 5.9699, time 912.52ms, mfu 73.78%, matrix lr 0.290148, auxiliary lr 0.000580296
iter 220: loss 6.0716, time 913.68ms, mfu 73.77%, matrix lr 0.288303, auxiliary lr 0.000576606
iter 230: loss 5.9636, time 913.49ms, mfu 73.77%, matrix lr 0.286307, auxiliary lr 0.000572615
iter 240: loss 6.0414, time 913.86ms, mfu 73.76%, matrix lr 0.284163, auxiliary lr 0.000568327
iter 250: loss 5.9182, time 913.88ms, mfu 73.75%, matrix lr 0.281874, auxiliary lr 0.000563748
iter 260: loss 5.9419, time 912.76ms, mfu 73.75%, matrix lr 0.279442, auxiliary lr 0.000558884
iter 270: loss 5.9523, time 913.91ms, mfu 73.74%, matrix lr 0.27687, auxiliary lr 0.00055374
iter 280: loss 6.1877, time 913.76ms, mfu 73.74%, matrix lr 0.274162, auxiliary lr 0.000548324
iter 290: loss 6.0715, time 913.99ms, mfu 73.73%, matrix lr 0.27132, auxiliary lr 0.00054264
iter 300: loss 5.8944, time 913.72ms, mfu 73.73%, matrix lr 0.268349, auxiliary lr 0.000536697
iter 310: loss 5.9230, time 913.66ms, mfu 73.72%, matrix lr 0.265251, auxiliary lr 0.000530502
iter 320: loss 5.9492, time 913.55ms, mfu 73.72%, matrix lr 0.262031, auxiliary lr 0.000524061
iter 330: loss 6.0235, time 912.52ms, mfu 73.73%, matrix lr 0.258692, auxiliary lr 0.000517384
step 333: train loss 5.9013, val loss 5.9043
saving checkpoint to /shared/home/bilal.ashfaq/nanogpt-study-runs/task-2.5/static_per_matrix_sgdm_gpt2-124m_lr0.3_mom0.99_wd0.1_seed1337_scalestatic-658ea6e7df4d
iter 340: loss 5.6713, time 912.84ms, mfu 73.73%, matrix lr 0.255239, auxiliary lr 0.000510478
iter 350: loss 5.7941, time 913.46ms, mfu 73.73%, matrix lr 0.251676, auxiliary lr 0.000503352
iter 360: loss 5.9306, time 914.23ms, mfu 73.72%, matrix lr 0.248007, auxiliary lr 0.000496014
iter 370: loss 5.8243, time 912.88ms, mfu 73.72%, matrix lr 0.244236, auxiliary lr 0.000488473
iter 380: loss 5.9741, time 912.64ms, mfu 73.73%, matrix lr 0.240369, auxiliary lr 0.000480739
iter 390: loss 5.9014, time 914.21ms, mfu 73.72%, matrix lr 0.23641, auxiliary lr 0.00047282
iter 400: loss 5.8862, time 914.15ms, mfu 73.71%, matrix lr 0.232364, auxiliary lr 0.000464728
iter 410: loss 5.7374, time 914.45ms, mfu 73.70%, matrix lr 0.228235, auxiliary lr 0.00045647
iter 420: loss 5.7427, time 914.46ms, mfu 73.70%, matrix lr 0.224029, auxiliary lr 0.000448059
iter 430: loss 5.8882, time 914.22ms, mfu 73.69%, matrix lr 0.219751, auxiliary lr 0.000439503
iter 440: loss 5.8915, time 914.61ms, mfu 73.68%, matrix lr 0.215407, auxiliary lr 0.000430813
iter 450: loss 5.9569, time 914.49ms, mfu 73.68%, matrix lr 0.211, auxiliary lr 0.000422001
iter 460: loss 5.8413, time 914.58ms, mfu 73.67%, matrix lr 0.206538, auxiliary lr 0.000413076
iter 470: loss 5.8691, time 913.48ms, mfu 73.68%, matrix lr 0.202025, auxiliary lr 0.000404049
iter 480: loss 5.7035, time 913.04ms, mfu 73.68%, matrix lr 0.197466, auxiliary lr 0.000394932
iter 490: loss 5.8716, time 912.77ms, mfu 73.69%, matrix lr 0.192868, auxiliary lr 0.000385736
iter 500: loss 5.9159, time 914.36ms, mfu 73.69%, matrix lr 0.188236, auxiliary lr 0.000376472
iter 510: loss 5.6063, time 914.02ms, mfu 73.68%, matrix lr 0.183576, auxiliary lr 0.000367151
iter 520: loss 5.9520, time 913.98ms, mfu 73.68%, matrix lr 0.178892, auxiliary lr 0.000357785
iter 530: loss 5.7690, time 914.43ms, mfu 73.68%, matrix lr 0.174192, auxiliary lr 0.000348385
iter 540: loss 5.8605, time 914.59ms, mfu 73.67%, matrix lr 0.169481, auxiliary lr 0.000338962
iter 550: loss 6.0412, time 913.74ms, mfu 73.67%, matrix lr 0.164764, auxiliary lr 0.000329528
iter 560: loss 5.8536, time 914.27ms, mfu 73.67%, matrix lr 0.160048, auxiliary lr 0.000320095
iter 570: loss 5.7162, time 914.37ms, mfu 73.67%, matrix lr 0.155337, auxiliary lr 0.000310674
iter 580: loss 5.7414, time 914.57ms, mfu 73.66%, matrix lr 0.150638, auxiliary lr 0.000301277
iter 590: loss 5.9034, time 913.56ms, mfu 73.66%, matrix lr 0.145957, auxiliary lr 0.000291915
iter 600: loss 5.9002, time 914.42ms, mfu 73.66%, matrix lr 0.141299, auxiliary lr 0.000282599
iter 610: loss 6.0092, time 914.10ms, mfu 73.66%, matrix lr 0.13667, auxiliary lr 0.000273341
iter 620: loss 6.0099, time 914.46ms, mfu 73.66%, matrix lr 0.132076, auxiliary lr 0.000264152
iter 630: loss 5.7415, time 914.29ms, mfu 73.66%, matrix lr 0.127522, auxiliary lr 0.000255044
iter 640: loss 5.7038, time 914.66ms, mfu 73.65%, matrix lr 0.123014, auxiliary lr 0.000246027
iter 650: loss 5.7217, time 914.12ms, mfu 73.65%, matrix lr 0.118556, auxiliary lr 0.000237113
iter 660: loss 5.7728, time 914.28ms, mfu 73.65%, matrix lr 0.114156, auxiliary lr 0.000228312
step 666: train loss 5.7951, val loss 5.8111
saving checkpoint to /shared/home/bilal.ashfaq/nanogpt-study-runs/task-2.5/static_per_matrix_sgdm_gpt2-124m_lr0.3_mom0.99_wd0.1_seed1337_scalestatic-658ea6e7df4d
iter 670: loss 5.7665, time 912.78ms, mfu 73.66%, matrix lr 0.109818, auxiliary lr 0.000219635
iter 680: loss 5.7925, time 913.73ms, mfu 73.66%, matrix lr 0.105547, auxiliary lr 0.000211094
iter 690: loss 5.5443, time 913.62ms, mfu 73.67%, matrix lr 0.101348, auxiliary lr 0.000202697
iter 700: loss 5.6317, time 912.74ms, mfu 73.68%, matrix lr 0.0972278, auxiliary lr 0.000194456
iter 710: loss 5.9312, time 914.07ms, mfu 73.68%, matrix lr 0.0931899, auxiliary lr 0.00018638
iter 720: loss 5.6819, time 913.96ms, mfu 73.67%, matrix lr 0.0892397, auxiliary lr 0.000178479
iter 730: loss 5.7290, time 913.99ms, mfu 73.67%, matrix lr 0.0853821, auxiliary lr 0.000170764
iter 740: loss 5.9009, time 914.10ms, mfu 73.67%, matrix lr 0.0816216, auxiliary lr 0.000163243
iter 750: loss 5.6994, time 914.10ms, mfu 73.67%, matrix lr 0.0779629, auxiliary lr 0.000155926
iter 760: loss 5.7139, time 914.26ms, mfu 73.67%, matrix lr 0.0744106, auxiliary lr 0.000148821
iter 770: loss 5.8415, time 914.21ms, mfu 73.67%, matrix lr 0.0709688, auxiliary lr 0.000141938
iter 780: loss 5.8040, time 914.29ms, mfu 73.66%, matrix lr 0.0676419, auxiliary lr 0.000135284
iter 790: loss 5.6532, time 914.49ms, mfu 73.66%, matrix lr 0.0644338, auxiliary lr 0.000128868
iter 800: loss 5.7540, time 914.23ms, mfu 73.66%, matrix lr 0.0613485, auxiliary lr 0.000122697
iter 810: loss 5.8288, time 914.35ms, mfu 73.66%, matrix lr 0.0583898, auxiliary lr 0.00011678
iter 820: loss 5.8834, time 914.21ms, mfu 73.66%, matrix lr 0.0555613, auxiliary lr 0.000111123
iter 830: loss 5.8374, time 914.37ms, mfu 73.65%, matrix lr 0.0528664, auxiliary lr 0.000105733
iter 840: loss 5.7804, time 914.45ms, mfu 73.65%, matrix lr 0.0503084, auxiliary lr 0.000100617
iter 850: loss 5.6695, time 914.47ms, mfu 73.65%, matrix lr 0.0478905, auxiliary lr 9.5781e-05
iter 860: loss 5.6928, time 914.17ms, mfu 73.65%, matrix lr 0.0456156, auxiliary lr 9.12311e-05
iter 870: loss 5.6260, time 912.98ms, mfu 73.66%, matrix lr 0.0434864, auxiliary lr 8.69728e-05
iter 880: loss 5.8620, time 914.17ms, mfu 73.66%, matrix lr 0.0415056, auxiliary lr 8.30113e-05
iter 890: loss 6.0385, time 914.10ms, mfu 73.66%, matrix lr 0.0396756, auxiliary lr 7.93513e-05
iter 900: loss 5.7495, time 914.21ms, mfu 73.66%, matrix lr 0.0379987, auxiliary lr 7.59974e-05
iter 910: loss 5.6445, time 914.53ms, mfu 73.65%, matrix lr 0.0364768, auxiliary lr 7.29536e-05
iter 920: loss 5.8364, time 914.28ms, mfu 73.65%, matrix lr 0.0351119, auxiliary lr 7.02237e-05
iter 930: loss 5.7265, time 914.18ms, mfu 73.65%, matrix lr 0.0339055, auxiliary lr 6.7811e-05
iter 940: loss 5.8766, time 914.42ms, mfu 73.65%, matrix lr 0.0328592, auxiliary lr 6.57185e-05
iter 950: loss 5.9399, time 914.46ms, mfu 73.65%, matrix lr 0.0319743, auxiliary lr 6.39486e-05
iter 960: loss 5.8694, time 914.52ms, mfu 73.65%, matrix lr 0.0312518, auxiliary lr 6.25036e-05
iter 970: loss 5.5934, time 914.40ms, mfu 73.64%, matrix lr 0.0306926, auxiliary lr 6.13853e-05
iter 980: loss 5.8037, time 913.69ms, mfu 73.65%, matrix lr 0.0302975, auxiliary lr 6.05949e-05
iter 990: loss 5.6356, time 914.36ms, mfu 73.65%, matrix lr 0.0300668, auxiliary lr 6.01335e-05
step 999: train loss 5.7368, val loss 5.7357
saving checkpoint to /shared/home/bilal.ashfaq/nanogpt-study-runs/task-2.5/static_per_matrix_sgdm_gpt2-124m_lr0.3_mom0.99_wd0.1_seed1337_scalestatic-658ea6e7df4d
Launching: torchrun --standalone --nproc_per_node=2 train.py config/task_2_4_static.py --out_dir=/shared/home/bilal.ashfaq/nanogpt-study-runs/task-2.5/static_per_matrix_sgdm_gpt2-124m_lr0.3_mom0.99_wd0.1_seed1337_scalestatic-2633929b6baf --optimizer_name=static_per_matrix_sgdm --seed=1337 --max_iters=999 --init_from=scratch --matrix_learning_rate=0.3 --matrix_momentum=0.99 --static_default_multiplier=1.0 --static_exact_parameter_multipliers={} --static_matrix_type_multipliers={'attention_output': 0.5, 'attention_qkv': 0.5, 'mlp_input': 2.0, 'mlp_output': 2.0}
Overriding config with config/task_2_4_static.py:
# Task 2.4 reuses every common Task 1.6 control. Candidate-specific static
# settings are supplied only by the materialized, reviewed manifest.
with open('config/task_1_6_baseline.py', encoding='utf-8') as base_config_file:
    exec(base_config_file.read())

optimizer_name = 'static_per_matrix_sgdm'
static_default_multiplier = 1.0
static_matrix_type_multipliers = {}
static_exact_parameter_multipliers = {}

Overriding: out_dir = /shared/home/bilal.ashfaq/nanogpt-study-runs/task-2.5/static_per_matrix_sgdm_gpt2-124m_lr0.3_mom0.99_wd0.1_seed1337_scalestatic-2633929b6baf
Overriding: optimizer_name = static_per_matrix_sgdm
Overriding: seed = 1337
Overriding: max_iters = 999
Overriding: init_from = scratch
Overriding: matrix_learning_rate = 0.3
Overriding: matrix_momentum = 0.99
Overriding: static_default_multiplier = 1.0
Overriding: static_exact_parameter_multipliers = {}
Overriding: static_matrix_type_multipliers = {'attention_output': 0.5, 'attention_qkv': 0.5, 'mlp_input': 2.0, 'mlp_output': 2.0}
Overriding config with config/task_2_4_static.py:
# Task 2.4 reuses every common Task 1.6 control. Candidate-specific static
# settings are supplied only by the materialized, reviewed manifest.
with open('config/task_1_6_baseline.py', encoding='utf-8') as base_config_file:
    exec(base_config_file.read())

optimizer_name = 'static_per_matrix_sgdm'
static_default_multiplier = 1.0
static_matrix_type_multipliers = {}
static_exact_parameter_multipliers = {}

Overriding: out_dir = /shared/home/bilal.ashfaq/nanogpt-study-runs/task-2.5/static_per_matrix_sgdm_gpt2-124m_lr0.3_mom0.99_wd0.1_seed1337_scalestatic-2633929b6baf
Overriding: optimizer_name = static_per_matrix_sgdm
Overriding: seed = 1337
Overriding: max_iters = 999
Overriding: init_from = scratch
Overriding: matrix_learning_rate = 0.3
Overriding: matrix_momentum = 0.99
Overriding: static_default_multiplier = 1.0
Overriding: static_exact_parameter_multipliers = {}
Overriding: static_matrix_type_multipliers = {'attention_output': 0.5, 'attention_qkv': 0.5, 'mlp_input': 2.0, 'mlp_output': 2.0}
tokens per iteration will be: 491,520
Initializing a new model from scratch
defaulting to vocab_size of GPT-2 to 50304 (50257 rounded up for efficiency)
tokens per iteration will be: 491,520
Initializing a new model from scratch
defaulting to vocab_size of GPT-2 to 50304 (50257 rounded up for efficiency)
number of parameters: 123.59M
number of parameters: 123.59M
using fused auxiliary AdamW: True
using fused auxiliary AdamW: True
optimizer parameter audit:
{
  "parameters": [
    {
      "group": "eligible_matrix",
      "name": "transformer.h.0.attn.c_attn.weight",
      "optimizer": "static_per_matrix_sgdm",
      "parameter_count": 1769472,
      "shape": [
        2304,
        768
      ],
      "weight_decay": 0.1,
      "weight_decay_semantics": "decoupled",
      "weight_decay_treatment": "decay"
    },
    {
      "group": "eligible_matrix",
      "name": "transformer.h.0.attn.c_proj.weight",
      "optimizer": "static_per_matrix_sgdm",
      "parameter_count": 589824,
      "shape": [
        768,
        768
      ],
      "weight_decay": 0.1,
      "weight_decay_semantics": "decoupled",
      "weight_decay_treatment": "decay"
    },
    {
      "group": "auxiliary",
      "name": "transformer.h.0.ln_1.weight",
      "optimizer": "adamw",
      "parameter_count": 768,
      "shape": [
        768
      ],
      "weight_decay": 0.0,
      "weight_decay_semantics": "adamw_decoupled",
      "weight_decay_treatment": "no_decay"
    },
    {
      "group": "auxiliary",
      "name": "transformer.h.0.ln_2.weight",
      "optimizer": "adamw",
      "parameter_count": 768,
      "shape": [
        768
      ],
      "weight_decay": 0.0,
      "weight_decay_semantics": "adamw_decoupled",
      "weight_decay_treatment": "no_decay"
    },
    {
      "group": "eligible_matrix",
      "name": "transformer.h.0.mlp.c_fc.weight",
      "optimizer": "static_per_matrix_sgdm",
      "parameter_count": 2359296,
      "shape": [
        3072,
        768
      ],
      "weight_decay": 0.1,
      "weight_decay_semantics": "decoupled",
      "weight_decay_treatment": "decay"
    },
    {
      "group": "eligible_matrix",
      "name": "transformer.h.0.mlp.c_proj.weight",
      "optimizer": "static_per_matrix_sgdm",
      "parameter_count": 2359296,
      "shape": [
        768,
        3072
      ],
      "weight_decay": 0.1,
      "weight_decay_semantics": "decoupled",
      "weight_decay_treatment": "decay"
    },
    {
      "group": "eligible_matrix",
      "name": "transformer.h.1.attn.c_attn.weight",
      "optimizer": "static_per_matrix_sgdm",
      "parameter_count": 1769472,
      "shape": [
        2304,
        768
      ],
      "weight_decay": 0.1,
      "weight_decay_semantics": "decoupled",
      "weight_decay_treatment": "decay"
    },
    {
      "group": "eligible_matrix",
      "name": "transformer.h.1.attn.c_proj.weight",
      "optimizer": "static_per_matrix_sgdm",
      "parameter_count": 589824,
      "shape": [
        768,
        768
      ],
      "weight_decay": 0.1,
      "weight_decay_semantics": "decoupled",
      "weight_decay_treatment": "decay"
    },
    {
      "group": "auxiliary",
      "name": "transformer.h.1.ln_1.weight",
      "optimizer": "adamw",
      "parameter_count": 768,
      "shape": [
        768
      ],
      "weight_decay": 0.0,
      "weight_decay_semantics": "adamw_decoupled",
      "weight_decay_treatment": "no_decay"
    },
    {
      "group": "auxiliary",
      "name": "transformer.h.1.ln_2.weight",
      "optimizer": "adamw",
      "parameter_count": 768,
      "shape": [
        768
      ],
      "weight_decay": 0.0,
      "weight_decay_semantics": "adamw_decoupled",
      "weight_decay_treatment": "no_decay"
    },
    {
      "group": "eligible_matrix",
      "name": "transformer.h.1.mlp.c_fc.weight",
      "optimizer": "static_per_matrix_sgdm",
      "parameter_count": 2359296,
      "shape": [
        3072,
        768
      ],
      "weight_decay": 0.1,
      "weight_decay_semantics": "decoupled",
      "weight_decay_treatment": "decay"
    },
    {
      "group": "eligible_matrix",
      "name": "transformer.h.1.mlp.c_proj.weight",
      "optimizer": "static_per_matrix_sgdm",
      "parameter_count": 2359296,
      "shape": [
        768,
        3072
      ],
      "weight_decay": 0.1,
      "weight_decay_semantics": "decoupled",
      "weight_decay_treatment": "decay"
    },
    {
      "group": "eligible_matrix",
      "name": "transformer.h.10.attn.c_attn.weight",
      "optimizer": "static_per_matrix_sgdm",
      "parameter_count": 1769472,
      "shape": [
        2304,
        768
      ],
      "weight_decay": 0.1,
      "weight_decay_semantics": "decoupled",
      "weight_decay_treatment": "decay"
    },
    {
      "group": "eligible_matrix",
      "name": "transformer.h.10.attn.c_proj.weight",
      "optimizer": "static_per_matrix_sgdm",
      "parameter_count": 589824,
      "shape": [
        768,
        768
      ],
      "weight_decay": 0.1,
      "weight_decay_semantics": "decoupled",
      "weight_decay_treatment": "decay"
    },
    {
      "group": "auxiliary",
      "name": "transformer.h.10.ln_1.weight",
      "optimizer": "adamw",
      "parameter_count": 768,
      "shape": [
        768
      ],
      "weight_decay": 0.0,
      "weight_decay_semantics": "adamw_decoupled",
      "weight_decay_treatment": "no_decay"
    },
    {
      "group": "auxiliary",
      "name": "transformer.h.10.ln_2.weight",
      "optimizer": "adamw",
      "parameter_count": 768,
      "shape": [
        768
      ],
      "weight_decay": 0.0,
      "weight_decay_semantics": "adamw_decoupled",
      "weight_decay_treatment": "no_decay"
    },
    {
      "group": "eligible_matrix",
      "name": "transformer.h.10.mlp.c_fc.weight",
      "optimizer": "static_per_matrix_sgdm",
      "parameter_count": 2359296,
      "shape": [
        3072,
        768
      ],
      "weight_decay": 0.1,
      "weight_decay_semantics": "decoupled",
      "weight_decay_treatment": "decay"
    },
    {
      "group": "eligible_matrix",
      "name": "transformer.h.10.mlp.c_proj.weight",
      "optimizer": "static_per_matrix_sgdm",
      "parameter_count": 2359296,
      "shape": [
        768,
        3072
      ],
      "weight_decay": 0.1,
      "weight_decay_semantics": "decoupled",
      "weight_decay_treatment": "decay"
    },
    {
      "group": "eligible_matrix",
      "name": "transformer.h.11.attn.c_attn.weight",
      "optimizer": "static_per_matrix_sgdm",
      "parameter_count": 1769472,
      "shape": [
        2304,
        768
      ],
      "weight_decay": 0.1,
      "weight_decay_semantics": "decoupled",
      "weight_decay_treatment": "decay"
    },
    {
      "group": "eligible_matrix",
      "name": "transformer.h.11.attn.c_proj.weight",
      "optimizer": "static_per_matrix_sgdm",
      "parameter_count": 589824,
      "shape": [
        768,
        768
      ],
      "weight_decay": 0.1,
      "weight_decay_semantics": "decoupled",
      "weight_decay_treatment": "decay"
    },
    {
      "group": "auxiliary",
      "name": "transformer.h.11.ln_1.weight",
      "optimizer": "adamw",
      "parameter_count": 768,
      "shape": [
        768
      ],
      "weight_decay": 0.0,
      "weight_decay_semantics": "adamw_decoupled",
      "weight_decay_treatment": "no_decay"
    },
    {
      "group": "auxiliary",
      "name": "transformer.h.11.ln_2.weight",
      "optimizer": "adamw",
      "parameter_count": 768,
      "shape": [
        768
      ],
      "weight_decay": 0.0,
      "weight_decay_semantics": "adamw_decoupled",
      "weight_decay_treatment": "no_decay"
    },
    {
      "group": "eligible_matrix",
      "name": "transformer.h.11.mlp.c_fc.weight",
      "optimizer": "static_per_matrix_sgdm",
      "parameter_count": 2359296,
      "shape": [
        3072,
        768
      ],
      "weight_decay": 0.1,
      "weight_decay_semantics": "decoupled",
      "weight_decay_treatment": "decay"
    },
    {
      "group": "eligible_matrix",
      "name": "transformer.h.11.mlp.c_proj.weight",
      "optimizer": "static_per_matrix_sgdm",
      "parameter_count": 2359296,
      "shape": [
        768,
        3072
      ],
      "weight_decay": 0.1,
      "weight_decay_semantics": "decoupled",
      "weight_decay_treatment": "decay"
    },
    {
      "group": "eligible_matrix",
      "name": "transformer.h.2.attn.c_attn.weight",
      "optimizer": "static_per_matrix_sgdm",
      "parameter_count": 1769472,
      "shape": [
        2304,
        768
      ],
      "weight_decay": 0.1,
      "weight_decay_semantics": "decoupled",
      "weight_decay_treatment": "decay"
    },
    {
      "group": "eligible_matrix",
      "name": "transformer.h.2.attn.c_proj.weight",
      "optimizer": "static_per_matrix_sgdm",
      "parameter_count": 589824,
      "shape": [
        768,
        768
      ],
      "weight_decay": 0.1,
      "weight_decay_semantics": "decoupled",
      "weight_decay_treatment": "decay"
    },
    {
      "group": "auxiliary",
      "name": "transformer.h.2.ln_1.weight",
      "optimizer": "adamw",
      "parameter_count": 768,
      "shape": [
        768
      ],
      "weight_decay": 0.0,
      "weight_decay_semantics": "adamw_decoupled",
      "weight_decay_treatment": "no_decay"
    },
    {
      "group": "auxiliary",
      "name": "transformer.h.2.ln_2.weight",
      "optimizer": "adamw",
      "parameter_count": 768,
      "shape": [
        768
      ],
      "weight_decay": 0.0,
      "weight_decay_semantics": "adamw_decoupled",
      "weight_decay_treatment": "no_decay"
    },
    {
      "group": "eligible_matrix",
      "name": "transformer.h.2.mlp.c_fc.weight",
      "optimizer": "static_per_matrix_sgdm",
      "parameter_count": 2359296,
      "shape": [
        3072,
        768
      ],
      "weight_decay": 0.1,
      "weight_decay_semantics": "decoupled",
      "weight_decay_treatment": "decay"
    },
    {
      "group": "eligible_matrix",
      "name": "transformer.h.2.mlp.c_proj.weight",
      "optimizer": "static_per_matrix_sgdm",
      "parameter_count": 2359296,
      "shape": [
        768,
        3072
      ],
      "weight_decay": 0.1,
      "weight_decay_semantics": "decoupled",
      "weight_decay_treatment": "decay"
    },
    {
      "group": "eligible_matrix",
      "name": "transformer.h.3.attn.c_attn.weight",
      "optimizer": "static_per_matrix_sgdm",
      "parameter_count": 1769472,
      "shape": [
        2304,
        768
      ],
      "weight_decay": 0.1,
      "weight_decay_semantics": "decoupled",
      "weight_decay_treatment": "decay"
    },
    {
      "group": "eligible_matrix",
      "name": "transformer.h.3.attn.c_proj.weight",
      "optimizer": "static_per_matrix_sgdm",
      "parameter_count": 589824,
      "shape": [
        768,
        768
      ],
      "weight_decay": 0.1,
      "weight_decay_semantics": "decoupled",
      "weight_decay_treatment": "decay"
    },
    {
      "group": "auxiliary",
      "name": "transformer.h.3.ln_1.weight",
      "optimizer": "adamw",
      "parameter_count": 768,
      "shape": [
        768
      ],
      "weight_decay": 0.0,
      "weight_decay_semantics": "adamw_decoupled",
      "weight_decay_treatment": "no_decay"
    },
    {
      "group": "auxiliary",
      "name": "transformer.h.3.ln_2.weight",
      "optimizer": "adamw",
      "parameter_count": 768,
      "shape": [
        768
      ],
      "weight_decay": 0.0,
      "weight_decay_semantics": "adamw_decoupled",
      "weight_decay_treatment": "no_decay"
    },
    {
      "group": "eligible_matrix",
      "name": "transformer.h.3.mlp.c_fc.weight",
      "optimizer": "static_per_matrix_sgdm",
      "parameter_count": 2359296,
      "shape": [
        3072,
        768
      ],
      "weight_decay": 0.1,
      "weight_decay_semantics": "decoupled",
      "weight_decay_treatment": "decay"
    },
    {
      "group": "eligible_matrix",
      "name": "transformer.h.3.mlp.c_proj.weight",
      "optimizer": "static_per_matrix_sgdm",
      "parameter_count": 2359296,
      "shape": [
        768,
        3072
      ],
      "weight_decay": 0.1,
      "weight_decay_semantics": "decoupled",
      "weight_decay_treatment": "decay"
    },
    {
      "group": "eligible_matrix",
      "name": "transformer.h.4.attn.c_attn.weight",
      "optimizer": "static_per_matrix_sgdm",
      "parameter_count": 1769472,
      "shape": [
        2304,
        768
      ],
      "weight_decay": 0.1,
      "weight_decay_semantics": "decoupled",
      "weight_decay_treatment": "decay"
    },
    {
      "group": "eligible_matrix",
      "name": "transformer.h.4.attn.c_proj.weight",
      "optimizer": "static_per_matrix_sgdm",
      "parameter_count": 589824,
      "shape": [
        768,
        768
      ],
      "weight_decay": 0.1,
      "weight_decay_semantics": "decoupled",
      "weight_decay_treatment": "decay"
    },
    {
      "group": "auxiliary",
      "name": "transformer.h.4.ln_1.weight",
      "optimizer": "adamw",
      "parameter_count": 768,
      "shape": [
        768
      ],
      "weight_decay": 0.0,
      "weight_decay_semantics": "adamw_decoupled",
      "weight_decay_treatment": "no_decay"
    },
    {
      "group": "auxiliary",
      "name": "transformer.h.4.ln_2.weight",
      "optimizer": "adamw",
      "parameter_count": 768,
      "shape": [
        768
      ],
      "weight_decay": 0.0,
      "weight_decay_semantics": "adamw_decoupled",
      "weight_decay_treatment": "no_decay"
    },
    {
      "group": "eligible_matrix",
      "name": "transformer.h.4.mlp.c_fc.weight",
      "optimizer": "static_per_matrix_sgdm",
      "parameter_count": 2359296,
      "shape": [
        3072,
        768
      ],
      "weight_decay": 0.1,
      "weight_decay_semantics": "decoupled",
      "weight_decay_treatment": "decay"
    },
    {
      "group": "eligible_matrix",
      "name": "transformer.h.4.mlp.c_proj.weight",
      "optimizer": "static_per_matrix_sgdm",
      "parameter_count": 2359296,
      "shape": [
        768,
        3072
      ],
      "weight_decay": 0.1,
      "weight_decay_semantics": "decoupled",
      "weight_decay_treatment": "decay"
    },
    {
      "group": "eligible_matrix",
      "name": "transformer.h.5.attn.c_attn.weight",
      "optimizer": "static_per_matrix_sgdm",
      "parameter_count": 1769472,
      "shape": [
        2304,
        768
      ],
      "weight_decay": 0.1,
      "weight_decay_semantics": "decoupled",
      "weight_decay_treatment": "decay"
    },
    {
      "group": "eligible_matrix",
      "name": "transformer.h.5.attn.c_proj.weight",
      "optimizer": "static_per_matrix_sgdm",
      "parameter_count": 589824,
      "shape": [
        768,
        768
      ],
      "weight_decay": 0.1,
      "weight_decay_semantics": "decoupled",
      "weight_decay_treatment": "decay"
    },
    {
      "group": "auxiliary",
      "name": "transformer.h.5.ln_1.weight",
      "optimizer": "adamw",
      "parameter_count": 768,
      "shape": [
        768
      ],
      "weight_decay": 0.0,
      "weight_decay_semantics": "adamw_decoupled",
      "weight_decay_treatment": "no_decay"
    },
    {
      "group": "auxiliary",
      "name": "transformer.h.5.ln_2.weight",
      "optimizer": "adamw",
      "parameter_count": 768,
      "shape": [
        768
      ],
      "weight_decay": 0.0,
      "weight_decay_semantics": "adamw_decoupled",
      "weight_decay_treatment": "no_decay"
    },
    {
      "group": "eligible_matrix",
      "name": "transformer.h.5.mlp.c_fc.weight",
      "optimizer": "static_per_matrix_sgdm",
      "parameter_count": 2359296,
      "shape": [
        3072,
        768
      ],
      "weight_decay": 0.1,
      "weight_decay_semantics": "decoupled",
      "weight_decay_treatment": "decay"
    },
    {
      "group": "eligible_matrix",
      "name": "transformer.h.5.mlp.c_proj.weight",
      "optimizer": "static_per_matrix_sgdm",
      "parameter_count": 2359296,
      "shape": [
        768,
        3072
      ],
      "weight_decay": 0.1,
      "weight_decay_semantics": "decoupled",
      "weight_decay_treatment": "decay"
    },
    {
      "group": "eligible_matrix",
      "name": "transformer.h.6.attn.c_attn.weight",
      "optimizer": "static_per_matrix_sgdm",
      "parameter_count": 1769472,
      "shape": [
        2304,
        768
      ],
      "weight_decay": 0.1,
      "weight_decay_semantics": "decoupled",
      "weight_decay_treatment": "decay"
    },
    {
      "group": "eligible_matrix",
      "name": "transformer.h.6.attn.c_proj.weight",
      "optimizer": "static_per_matrix_sgdm",
      "parameter_count": 589824,
      "shape": [
        768,
        768
      ],
      "weight_decay": 0.1,
      "weight_decay_semantics": "decoupled",
      "weight_decay_treatment": "decay"
    },
    {
      "group": "auxiliary",
      "name": "transformer.h.6.ln_1.weight",
      "optimizer": "adamw",
      "parameter_count": 768,
      "shape": [
        768
      ],
      "weight_decay": 0.0,
      "weight_decay_semantics": "adamw_decoupled",
      "weight_decay_treatment": "no_decay"
    },
    {
      "group": "auxiliary",
      "name": "transformer.h.6.ln_2.weight",
      "optimizer": "adamw",
      "parameter_count": 768,
      "shape": [
        768
      ],
      "weight_decay": 0.0,
      "weight_decay_semantics": "adamw_decoupled",
      "weight_decay_treatment": "no_decay"
    },
    {
      "group": "eligible_matrix",
      "name": "transformer.h.6.mlp.c_fc.weight",
      "optimizer": "static_per_matrix_sgdm",
      "parameter_count": 2359296,
      "shape": [
        3072,
        768
      ],
      "weight_decay": 0.1,
      "weight_decay_semantics": "decoupled",
      "weight_decay_treatment": "decay"
    },
    {
      "group": "eligible_matrix",
      "name": "transformer.h.6.mlp.c_proj.weight",
      "optimizer": "static_per_matrix_sgdm",
      "parameter_count": 2359296,
      "shape": [
        768,
        3072
      ],
      "weight_decay": 0.1,
      "weight_decay_semantics": "decoupled",
      "weight_decay_treatment": "decay"
    },
    {
      "group": "eligible_matrix",
      "name": "transformer.h.7.attn.c_attn.weight",
      "optimizer": "static_per_matrix_sgdm",
      "parameter_count": 1769472,
      "shape": [
        2304,
        768
      ],
      "weight_decay": 0.1,
      "weight_decay_semantics": "decoupled",
      "weight_decay_treatment": "decay"
    },
    {
      "group": "eligible_matrix",
      "name": "transformer.h.7.attn.c_proj.weight",
      "optimizer": "static_per_matrix_sgdm",
      "parameter_count": 589824,
      "shape": [
        768,
        768
      ],
      "weight_decay": 0.1,
      "weight_decay_semantics": "decoupled",
      "weight_decay_treatment": "decay"
    },
    {
      "group": "auxiliary",
      "name": "transformer.h.7.ln_1.weight",
      "optimizer": "adamw",
      "parameter_count": 768,
      "shape": [
        768
      ],
      "weight_decay": 0.0,
      "weight_decay_semantics": "adamw_decoupled",
      "weight_decay_treatment": "no_decay"
    },
    {
      "group": "auxiliary",
      "name": "transformer.h.7.ln_2.weight",
      "optimizer": "adamw",
      "parameter_count": 768,
      "shape": [
        768
      ],
      "weight_decay": 0.0,
      "weight_decay_semantics": "adamw_decoupled",
      "weight_decay_treatment": "no_decay"
    },
    {
      "group": "eligible_matrix",
      "name": "transformer.h.7.mlp.c_fc.weight",
      "optimizer": "static_per_matrix_sgdm",
      "parameter_count": 2359296,
      "shape": [
        3072,
        768
      ],
      "weight_decay": 0.1,
      "weight_decay_semantics": "decoupled",
      "weight_decay_treatment": "decay"
    },
    {
      "group": "eligible_matrix",
      "name": "transformer.h.7.mlp.c_proj.weight",
      "optimizer": "static_per_matrix_sgdm",
      "parameter_count": 2359296,
      "shape": [
        768,
        3072
      ],
      "weight_decay": 0.1,
      "weight_decay_semantics": "decoupled",
      "weight_decay_treatment": "decay"
    },
    {
      "group": "eligible_matrix",
      "name": "transformer.h.8.attn.c_attn.weight",
      "optimizer": "static_per_matrix_sgdm",
      "parameter_count": 1769472,
      "shape": [
        2304,
        768
      ],
      "weight_decay": 0.1,
      "weight_decay_semantics": "decoupled",
      "weight_decay_treatment": "decay"
    },
    {
      "group": "eligible_matrix",
      "name": "transformer.h.8.attn.c_proj.weight",
      "optimizer": "static_per_matrix_sgdm",
      "parameter_count": 589824,
      "shape": [
        768,
        768
      ],
      "weight_decay": 0.1,
      "weight_decay_semantics": "decoupled",
      "weight_decay_treatment": "decay"
    },
    {
      "group": "auxiliary",
      "name": "transformer.h.8.ln_1.weight",
      "optimizer": "adamw",
      "parameter_count": 768,
      "shape": [
        768
      ],
      "weight_decay": 0.0,
      "weight_decay_semantics": "adamw_decoupled",
      "weight_decay_treatment": "no_decay"
    },
    {
      "group": "auxiliary",
      "name": "transformer.h.8.ln_2.weight",
      "optimizer": "adamw",
      "parameter_count": 768,
      "shape": [
        768
      ],
      "weight_decay": 0.0,
      "weight_decay_semantics": "adamw_decoupled",
      "weight_decay_treatment": "no_decay"
    },
    {
      "group": "eligible_matrix",
      "name": "transformer.h.8.mlp.c_fc.weight",
      "optimizer": "static_per_matrix_sgdm",
      "parameter_count": 2359296,
      "shape": [
        3072,
        768
      ],
      "weight_decay": 0.1,
      "weight_decay_semantics": "decoupled",
      "weight_decay_treatment": "decay"
    },
    {
      "group": "eligible_matrix",
      "name": "transformer.h.8.mlp.c_proj.weight",
      "optimizer": "static_per_matrix_sgdm",
      "parameter_count": 2359296,
      "shape": [
        768,
        3072
      ],
      "weight_decay": 0.1,
      "weight_decay_semantics": "decoupled",
      "weight_decay_treatment": "decay"
    },
    {
      "group": "eligible_matrix",
      "name": "transformer.h.9.attn.c_attn.weight",
      "optimizer": "static_per_matrix_sgdm",
      "parameter_count": 1769472,
      "shape": [
        2304,
        768
      ],
      "weight_decay": 0.1,
      "weight_decay_semantics": "decoupled",
      "weight_decay_treatment": "decay"
    },
    {
      "group": "eligible_matrix",
      "name": "transformer.h.9.attn.c_proj.weight",
      "optimizer": "static_per_matrix_sgdm",
      "parameter_count": 589824,
      "shape": [
        768,
        768
      ],
      "weight_decay": 0.1,
      "weight_decay_semantics": "decoupled",
      "weight_decay_treatment": "decay"
    },
    {
      "group": "auxiliary",
      "name": "transformer.h.9.ln_1.weight",
      "optimizer": "adamw",
      "parameter_count": 768,
      "shape": [
        768
      ],
      "weight_decay": 0.0,
      "weight_decay_semantics": "adamw_decoupled",
      "weight_decay_treatment": "no_decay"
    },
    {
      "group": "auxiliary",
      "name": "transformer.h.9.ln_2.weight",
      "optimizer": "adamw",
      "parameter_count": 768,
      "shape": [
        768
      ],
      "weight_decay": 0.0,
      "weight_decay_semantics": "adamw_decoupled",
      "weight_decay_treatment": "no_decay"
    },
    {
      "group": "eligible_matrix",
      "name": "transformer.h.9.mlp.c_fc.weight",
      "optimizer": "static_per_matrix_sgdm",
      "parameter_count": 2359296,
      "shape": [
        3072,
        768
      ],
      "weight_decay": 0.1,
      "weight_decay_semantics": "decoupled",
      "weight_decay_treatment": "decay"
    },
    {
      "group": "eligible_matrix",
      "name": "transformer.h.9.mlp.c_proj.weight",
      "optimizer": "static_per_matrix_sgdm",
      "parameter_count": 2359296,
      "shape": [
        768,
        3072
      ],
      "weight_decay": 0.1,
      "weight_decay_semantics": "decoupled",
      "weight_decay_treatment": "decay"
    },
    {
      "group": "auxiliary",
      "name": "transformer.ln_f.weight",
      "optimizer": "adamw",
      "parameter_count": 768,
      "shape": [
        768
      ],
      "weight_decay": 0.0,
      "weight_decay_semantics": "adamw_decoupled",
      "weight_decay_treatment": "no_decay"
    },
    {
      "group": "auxiliary",
      "name": "transformer.wpe.weight",
      "optimizer": "adamw",
      "parameter_count": 786432,
      "shape": [
        1024,
        768
      ],
      "weight_decay": 0.1,
      "weight_decay_semantics": "adamw_decoupled",
      "weight_decay_treatment": "decay"
    },
    {
      "group": "auxiliary",
      "name": "transformer.wte.weight",
      "optimizer": "adamw",
      "parameter_count": 38633472,
      "shape": [
        50304,
        768
      ],
      "weight_decay": 0.1,
      "weight_decay_semantics": "adamw_decoupled",
      "weight_decay_treatment": "decay"
    }
  ],
  "tied_parameters": {
    "aliases": [
      "transformer.wte.weight",
      "lm_head.weight"
    ],
    "assignment": "auxiliary",
    "canonical_name": "transformer.wte.weight",
    "counted_once": true,
    "optimizer": "adamw"
  },
  "totals": {
    "parameter_count": 124373760,
    "parameter_tensors": 75
  }
}
compiling the model... (takes a ~minute)
compiling the model... (takes a ~minute)
step 0: train loss 10.9886, val loss 10.9897
iter 0: loss 10.9734, time 16483.12ms, mfu -100.00%, matrix lr 0.0029703, auxiliary lr 5.94059e-06
iter 10: loss 10.5584, time 909.62ms, mfu 74.02%, matrix lr 0.0326733, auxiliary lr 6.53465e-05
iter 20: loss 9.4735, time 910.11ms, mfu 74.02%, matrix lr 0.0623762, auxiliary lr 0.000124752
iter 30: loss 8.2216, time 909.59ms, mfu 74.02%, matrix lr 0.0920792, auxiliary lr 0.000184158
iter 40: loss 7.8718, time 910.00ms, mfu 74.01%, matrix lr 0.121782, auxiliary lr 0.000243564
iter 50: loss 7.5078, time 911.26ms, mfu 74.00%, matrix lr 0.151485, auxiliary lr 0.00030297
iter 60: loss 7.3780, time 911.21ms, mfu 73.99%, matrix lr 0.181188, auxiliary lr 0.000362376
iter 70: loss 7.2538, time 913.24ms, mfu 73.96%, matrix lr 0.210891, auxiliary lr 0.000421782
iter 80: loss 7.0273, time 912.07ms, mfu 73.95%, matrix lr 0.240594, auxiliary lr 0.000481188
iter 90: loss 6.9996, time 913.07ms, mfu 73.93%, matrix lr 0.270297, auxiliary lr 0.000540594
iter 100: loss 6.7066, time 913.63ms, mfu 73.90%, matrix lr 0.3, auxiliary lr 0.0006
iter 110: loss 6.3735, time 913.95ms, mfu 73.88%, matrix lr 0.299918, auxiliary lr 0.000599835
iter 120: loss 6.4417, time 912.76ms, mfu 73.87%, matrix lr 0.29967, auxiliary lr 0.000599341
iter 130: loss 6.3577, time 913.53ms, mfu 73.85%, matrix lr 0.299259, auxiliary lr 0.000598518
iter 140: loss 6.3980, time 913.82ms, mfu 73.84%, matrix lr 0.298683, auxiliary lr 0.000597367
iter 150: loss 6.2100, time 914.01ms, mfu 73.82%, matrix lr 0.297944, auxiliary lr 0.000595889
iter 160: loss 6.3047, time 914.28ms, mfu 73.80%, matrix lr 0.297043, auxiliary lr 0.000594087
iter 170: loss 6.1025, time 912.93ms, mfu 73.80%, matrix lr 0.295981, auxiliary lr 0.000591962
iter 180: loss 6.0579, time 913.14ms, mfu 73.79%, matrix lr 0.294759, auxiliary lr 0.000589518
iter 190: loss 5.9803, time 913.83ms, mfu 73.78%, matrix lr 0.293378, auxiliary lr 0.000586756
iter 200: loss 6.0124, time 914.20ms, mfu 73.77%, matrix lr 0.291841, auxiliary lr 0.000583681
iter 210: loss 5.9237, time 912.91ms, mfu 73.76%, matrix lr 0.290148, auxiliary lr 0.000580296
iter 220: loss 6.0331, time 913.89ms, mfu 73.76%, matrix lr 0.288303, auxiliary lr 0.000576606
iter 230: loss 5.8734, time 913.86ms, mfu 73.75%, matrix lr 0.286307, auxiliary lr 0.000572615
iter 240: loss 5.9719, time 914.37ms, mfu 73.74%, matrix lr 0.284163, auxiliary lr 0.000568327
iter 250: loss 5.8461, time 914.13ms, mfu 73.73%, matrix lr 0.281874, auxiliary lr 0.000563748
iter 260: loss 5.8893, time 913.01ms, mfu 73.73%, matrix lr 0.279442, auxiliary lr 0.000558884
iter 270: loss 5.8935, time 912.90ms, mfu 73.73%, matrix lr 0.27687, auxiliary lr 0.00055374
iter 280: loss 6.1364, time 914.53ms, mfu 73.72%, matrix lr 0.274162, auxiliary lr 0.000548324
iter 290: loss 6.0216, time 914.23ms, mfu 73.71%, matrix lr 0.27132, auxiliary lr 0.00054264
iter 300: loss 5.8350, time 913.89ms, mfu 73.71%, matrix lr 0.268349, auxiliary lr 0.000536697
iter 310: loss 5.8717, time 914.00ms, mfu 73.70%, matrix lr 0.265251, auxiliary lr 0.000530502
iter 320: loss 5.9124, time 914.48ms, mfu 73.70%, matrix lr 0.262031, auxiliary lr 0.000524061
iter 330: loss 5.9709, time 914.36ms, mfu 73.69%, matrix lr 0.258692, auxiliary lr 0.000517384
step 333: train loss 5.8531, val loss 5.8584
saving checkpoint to /shared/home/bilal.ashfaq/nanogpt-study-runs/task-2.5/static_per_matrix_sgdm_gpt2-124m_lr0.3_mom0.99_wd0.1_seed1337_scalestatic-2633929b6baf
iter 340: loss 5.6173, time 912.54ms, mfu 73.70%, matrix lr 0.255239, auxiliary lr 0.000510478
iter 350: loss 5.7310, time 913.63ms, mfu 73.70%, matrix lr 0.251676, auxiliary lr 0.000503352
iter 360: loss 5.8881, time 914.14ms, mfu 73.69%, matrix lr 0.248007, auxiliary lr 0.000496014
iter 370: loss 5.7338, time 914.35ms, mfu 73.69%, matrix lr 0.244236, auxiliary lr 0.000488473
iter 380: loss 5.9093, time 914.77ms, mfu 73.68%, matrix lr 0.240369, auxiliary lr 0.000480739
iter 390: loss 5.8427, time 913.51ms, mfu 73.68%, matrix lr 0.23641, auxiliary lr 0.00047282
iter 400: loss 5.8228, time 914.40ms, mfu 73.68%, matrix lr 0.232364, auxiliary lr 0.000464728
iter 410: loss 5.7121, time 914.23ms, mfu 73.67%, matrix lr 0.228235, auxiliary lr 0.00045647
iter 420: loss 5.6674, time 914.32ms, mfu 73.67%, matrix lr 0.224029, auxiliary lr 0.000448059
iter 430: loss 5.8137, time 914.73ms, mfu 73.66%, matrix lr 0.219751, auxiliary lr 0.000439503
iter 440: loss 5.8271, time 914.51ms, mfu 73.66%, matrix lr 0.215407, auxiliary lr 0.000430813
iter 450: loss 5.9020, time 914.17ms, mfu 73.66%, matrix lr 0.211, auxiliary lr 0.000422001
iter 460: loss 5.7678, time 914.33ms, mfu 73.66%, matrix lr 0.206538, auxiliary lr 0.000413076
iter 470: loss 5.8128, time 913.15ms, mfu 73.66%, matrix lr 0.202025, auxiliary lr 0.000404049
iter 480: loss 5.6181, time 914.51ms, mfu 73.66%, matrix lr 0.197466, auxiliary lr 0.000394932
iter 490: loss 5.7653, time 914.39ms, mfu 73.66%, matrix lr 0.192868, auxiliary lr 0.000385736
iter 500: loss 5.8445, time 914.55ms, mfu 73.65%, matrix lr 0.188236, auxiliary lr 0.000376472
iter 510: loss 5.5291, time 914.63ms, mfu 73.65%, matrix lr 0.183576, auxiliary lr 0.000367151
iter 520: loss 5.8506, time 914.52ms, mfu 73.65%, matrix lr 0.178892, auxiliary lr 0.000357785
iter 530: loss 5.6757, time 914.62ms, mfu 73.64%, matrix lr 0.174192, auxiliary lr 0.000348385
iter 540: loss 5.7933, time 914.65ms, mfu 73.64%, matrix lr 0.169481, auxiliary lr 0.000338962
iter 550: loss 5.9502, time 914.15ms, mfu 73.64%, matrix lr 0.164764, auxiliary lr 0.000329528
iter 560: loss 5.7750, time 914.37ms, mfu 73.64%, matrix lr 0.160048, auxiliary lr 0.000320095
iter 570: loss 5.6354, time 914.16ms, mfu 73.64%, matrix lr 0.155337, auxiliary lr 0.000310674
iter 580: loss 5.6523, time 914.66ms, mfu 73.64%, matrix lr 0.150638, auxiliary lr 0.000301277
iter 590: loss 5.8039, time 914.42ms, mfu 73.64%, matrix lr 0.145957, auxiliary lr 0.000291915
iter 600: loss 5.7973, time 914.49ms, mfu 73.64%, matrix lr 0.141299, auxiliary lr 0.000282599
iter 610: loss 5.9277, time 914.50ms, mfu 73.64%, matrix lr 0.13667, auxiliary lr 0.000273341
iter 620: loss 5.9463, time 914.24ms, mfu 73.64%, matrix lr 0.132076, auxiliary lr 0.000264152
iter 630: loss 5.6368, time 914.68ms, mfu 73.63%, matrix lr 0.127522, auxiliary lr 0.000255044
iter 640: loss 5.6026, time 914.56ms, mfu 73.63%, matrix lr 0.123014, auxiliary lr 0.000246027
iter 650: loss 5.6212, time 914.18ms, mfu 73.63%, matrix lr 0.118556, auxiliary lr 0.000237113
iter 660: loss 5.6758, time 914.52ms, mfu 73.63%, matrix lr 0.114156, auxiliary lr 0.000228312
step 666: train loss 5.7059, val loss 5.7244
saving checkpoint to /shared/home/bilal.ashfaq/nanogpt-study-runs/task-2.5/static_per_matrix_sgdm_gpt2-124m_lr0.3_mom0.99_wd0.1_seed1337_scalestatic-2633929b6baf
iter 670: loss 5.6627, time 912.35ms, mfu 73.65%, matrix lr 0.109818, auxiliary lr 0.000219635
iter 680: loss 5.6946, time 912.94ms, mfu 73.66%, matrix lr 0.105547, auxiliary lr 0.000211094
iter 690: loss 5.4643, time 914.16ms, mfu 73.66%, matrix lr 0.101348, auxiliary lr 0.000202697
iter 700: loss 5.5436, time 913.87ms, mfu 73.66%, matrix lr 0.0972278, auxiliary lr 0.000194456
iter 710: loss 5.8374, time 914.08ms, mfu 73.66%, matrix lr 0.0931899, auxiliary lr 0.00018638
iter 720: loss 5.5931, time 914.33ms, mfu 73.66%, matrix lr 0.0892397, auxiliary lr 0.000178479
iter 730: loss 5.6394, time 914.29ms, mfu 73.66%, matrix lr 0.0853821, auxiliary lr 0.000170764
iter 740: loss 5.8231, time 914.31ms, mfu 73.65%, matrix lr 0.0816216, auxiliary lr 0.000163243
iter 750: loss 5.6106, time 914.52ms, mfu 73.65%, matrix lr 0.0779629, auxiliary lr 0.000155926
iter 760: loss 5.6219, time 913.42ms, mfu 73.66%, matrix lr 0.0744106, auxiliary lr 0.000148821
iter 770: loss 5.7439, time 914.34ms, mfu 73.66%, matrix lr 0.0709688, auxiliary lr 0.000141938
iter 780: loss 5.7020, time 914.76ms, mfu 73.65%, matrix lr 0.0676419, auxiliary lr 0.000135284
iter 790: loss 5.5650, time 914.49ms, mfu 73.65%, matrix lr 0.0644338, auxiliary lr 0.000128868
iter 800: loss 5.6546, time 914.88ms, mfu 73.64%, matrix lr 0.0613485, auxiliary lr 0.000122697
iter 810: loss 5.7373, time 914.21ms, mfu 73.64%, matrix lr 0.0583898, auxiliary lr 0.00011678
iter 820: loss 5.7849, time 913.99ms, mfu 73.65%, matrix lr 0.0555613, auxiliary lr 0.000111123
iter 830: loss 5.7296, time 914.32ms, mfu 73.64%, matrix lr 0.0528664, auxiliary lr 0.000105733
iter 840: loss 5.7013, time 914.90ms, mfu 73.64%, matrix lr 0.0503084, auxiliary lr 0.000100617
iter 850: loss 5.5725, time 914.69ms, mfu 73.64%, matrix lr 0.0478905, auxiliary lr 9.5781e-05
iter 860: loss 5.5944, time 915.10ms, mfu 73.63%, matrix lr 0.0456156, auxiliary lr 9.12311e-05
iter 870: loss 5.5380, time 915.08ms, mfu 73.63%, matrix lr 0.0434864, auxiliary lr 8.69728e-05
iter 880: loss 5.7837, time 914.73ms, mfu 73.62%, matrix lr 0.0415056, auxiliary lr 8.30113e-05
iter 890: loss 5.9735, time 914.58ms, mfu 73.62%, matrix lr 0.0396756, auxiliary lr 7.93513e-05
iter 900: loss 5.6670, time 914.65ms, mfu 73.62%, matrix lr 0.0379987, auxiliary lr 7.59974e-05
iter 910: loss 5.5566, time 914.82ms, mfu 73.62%, matrix lr 0.0364768, auxiliary lr 7.29536e-05
iter 920: loss 5.7470, time 914.69ms, mfu 73.62%, matrix lr 0.0351119, auxiliary lr 7.02237e-05
iter 930: loss 5.6391, time 915.04ms, mfu 73.61%, matrix lr 0.0339055, auxiliary lr 6.7811e-05
iter 940: loss 5.8109, time 914.88ms, mfu 73.61%, matrix lr 0.0328592, auxiliary lr 6.57185e-05
iter 950: loss 5.8503, time 913.32ms, mfu 73.62%, matrix lr 0.0319743, auxiliary lr 6.39486e-05
iter 960: loss 5.7738, time 914.58ms, mfu 73.62%, matrix lr 0.0312518, auxiliary lr 6.25036e-05
iter 970: loss 5.5100, time 914.71ms, mfu 73.62%, matrix lr 0.0306926, auxiliary lr 6.13853e-05
iter 980: loss 5.7133, time 914.87ms, mfu 73.62%, matrix lr 0.0302975, auxiliary lr 6.05949e-05
iter 990: loss 5.5566, time 914.23ms, mfu 73.62%, matrix lr 0.0300668, auxiliary lr 6.01335e-05
step 999: train loss 5.6522, val loss 5.6544
saving checkpoint to /shared/home/bilal.ashfaq/nanogpt-study-runs/task-2.5/static_per_matrix_sgdm_gpt2-124m_lr0.3_mom0.99_wd0.1_seed1337_scalestatic-2633929b6baf
Launching: torchrun --standalone --nproc_per_node=2 train.py config/task_2_4_static.py --out_dir=/shared/home/bilal.ashfaq/nanogpt-study-runs/task-2.5/static_per_matrix_sgdm_gpt2-124m_lr1_mom0.99_wd0.1_seed1337_scalestatic-26f16b708d59 --optimizer_name=static_per_matrix_sgdm --seed=1337 --max_iters=999 --init_from=scratch --matrix_learning_rate=1.0 --matrix_momentum=0.99 --static_default_multiplier=1.0 --static_exact_parameter_multipliers={} --static_matrix_type_multipliers={'attention_output': 1.4142135623730951, 'attention_qkv': 1.4142135623730951, 'mlp_input': 0.7071067811865476, 'mlp_output': 0.7071067811865476}
Overriding config with config/task_2_4_static.py:
# Task 2.4 reuses every common Task 1.6 control. Candidate-specific static
# settings are supplied only by the materialized, reviewed manifest.
with open('config/task_1_6_baseline.py', encoding='utf-8') as base_config_file:
    exec(base_config_file.read())

optimizer_name = 'static_per_matrix_sgdm'
static_default_multiplier = 1.0
static_matrix_type_multipliers = {}
static_exact_parameter_multipliers = {}

Overriding: out_dir = /shared/home/bilal.ashfaq/nanogpt-study-runs/task-2.5/static_per_matrix_sgdm_gpt2-124m_lr1_mom0.99_wd0.1_seed1337_scalestatic-26f16b708d59
Overriding: optimizer_name = static_per_matrix_sgdm
Overriding: seed = 1337
Overriding: max_iters = 999
Overriding: init_from = scratch
Overriding: matrix_learning_rate = 1.0
Overriding: matrix_momentum = 0.99
Overriding: static_default_multiplier = 1.0
Overriding: static_exact_parameter_multipliers = {}
Overriding: static_matrix_type_multipliers = {'attention_output': 1.4142135623730951, 'attention_qkv': 1.4142135623730951, 'mlp_input': 0.7071067811865476, 'mlp_output': 0.7071067811865476}
Overriding config with config/task_2_4_static.py:
# Task 2.4 reuses every common Task 1.6 control. Candidate-specific static
# settings are supplied only by the materialized, reviewed manifest.
with open('config/task_1_6_baseline.py', encoding='utf-8') as base_config_file:
    exec(base_config_file.read())

optimizer_name = 'static_per_matrix_sgdm'
static_default_multiplier = 1.0
static_matrix_type_multipliers = {}
static_exact_parameter_multipliers = {}

Overriding: out_dir = /shared/home/bilal.ashfaq/nanogpt-study-runs/task-2.5/static_per_matrix_sgdm_gpt2-124m_lr1_mom0.99_wd0.1_seed1337_scalestatic-26f16b708d59
Overriding: optimizer_name = static_per_matrix_sgdm
Overriding: seed = 1337
Overriding: max_iters = 999
Overriding: init_from = scratch
Overriding: matrix_learning_rate = 1.0
Overriding: matrix_momentum = 0.99
Overriding: static_default_multiplier = 1.0
Overriding: static_exact_parameter_multipliers = {}
Overriding: static_matrix_type_multipliers = {'attention_output': 1.4142135623730951, 'attention_qkv': 1.4142135623730951, 'mlp_input': 0.7071067811865476, 'mlp_output': 0.7071067811865476}
tokens per iteration will be: 491,520
Initializing a new model from scratch
defaulting to vocab_size of GPT-2 to 50304 (50257 rounded up for efficiency)
tokens per iteration will be: 491,520
Initializing a new model from scratch
defaulting to vocab_size of GPT-2 to 50304 (50257 rounded up for efficiency)
number of parameters: 123.59M
number of parameters: 123.59M
using fused auxiliary AdamW: True
using fused auxiliary AdamW: True
optimizer parameter audit:
{
  "parameters": [
    {
      "group": "eligible_matrix",
      "name": "transformer.h.0.attn.c_attn.weight",
      "optimizer": "static_per_matrix_sgdm",
      "parameter_count": 1769472,
      "shape": [
        2304,
        768
      ],
      "weight_decay": 0.1,
      "weight_decay_semantics": "decoupled",
      "weight_decay_treatment": "decay"
    },
    {
      "group": "eligible_matrix",
      "name": "transformer.h.0.attn.c_proj.weight",
      "optimizer": "static_per_matrix_sgdm",
      "parameter_count": 589824,
      "shape": [
        768,
        768
      ],
      "weight_decay": 0.1,
      "weight_decay_semantics": "decoupled",
      "weight_decay_treatment": "decay"
    },
    {
      "group": "auxiliary",
      "name": "transformer.h.0.ln_1.weight",
      "optimizer": "adamw",
      "parameter_count": 768,
      "shape": [
        768
      ],
      "weight_decay": 0.0,
      "weight_decay_semantics": "adamw_decoupled",
      "weight_decay_treatment": "no_decay"
    },
    {
      "group": "auxiliary",
      "name": "transformer.h.0.ln_2.weight",
      "optimizer": "adamw",
      "parameter_count": 768,
      "shape": [
        768
      ],
      "weight_decay": 0.0,
      "weight_decay_semantics": "adamw_decoupled",
      "weight_decay_treatment": "no_decay"
    },
    {
      "group": "eligible_matrix",
      "name": "transformer.h.0.mlp.c_fc.weight",
      "optimizer": "static_per_matrix_sgdm",
      "parameter_count": 2359296,
      "shape": [
        3072,
        768
      ],
      "weight_decay": 0.1,
      "weight_decay_semantics": "decoupled",
      "weight_decay_treatment": "decay"
    },
    {
      "group": "eligible_matrix",
      "name": "transformer.h.0.mlp.c_proj.weight",
      "optimizer": "static_per_matrix_sgdm",
      "parameter_count": 2359296,
      "shape": [
        768,
        3072
      ],
      "weight_decay": 0.1,
      "weight_decay_semantics": "decoupled",
      "weight_decay_treatment": "decay"
    },
    {
      "group": "eligible_matrix",
      "name": "transformer.h.1.attn.c_attn.weight",
      "optimizer": "static_per_matrix_sgdm",
      "parameter_count": 1769472,
      "shape": [
        2304,
        768
      ],
      "weight_decay": 0.1,
      "weight_decay_semantics": "decoupled",
      "weight_decay_treatment": "decay"
    },
    {
      "group": "eligible_matrix",
      "name": "transformer.h.1.attn.c_proj.weight",
      "optimizer": "static_per_matrix_sgdm",
      "parameter_count": 589824,
      "shape": [
        768,
        768
      ],
      "weight_decay": 0.1,
      "weight_decay_semantics": "decoupled",
      "weight_decay_treatment": "decay"
    },
    {
      "group": "auxiliary",
      "name": "transformer.h.1.ln_1.weight",
      "optimizer": "adamw",
      "parameter_count": 768,
      "shape": [
        768
      ],
      "weight_decay": 0.0,
      "weight_decay_semantics": "adamw_decoupled",
      "weight_decay_treatment": "no_decay"
    },
    {
      "group": "auxiliary",
      "name": "transformer.h.1.ln_2.weight",
      "optimizer": "adamw",
      "parameter_count": 768,
      "shape": [
        768
      ],
      "weight_decay": 0.0,
      "weight_decay_semantics": "adamw_decoupled",
      "weight_decay_treatment": "no_decay"
    },
    {
      "group": "eligible_matrix",
      "name": "transformer.h.1.mlp.c_fc.weight",
      "optimizer": "static_per_matrix_sgdm",
      "parameter_count": 2359296,
      "shape": [
        3072,
        768
      ],
      "weight_decay": 0.1,
      "weight_decay_semantics": "decoupled",
      "weight_decay_treatment": "decay"
    },
    {
      "group": "eligible_matrix",
      "name": "transformer.h.1.mlp.c_proj.weight",
      "optimizer": "static_per_matrix_sgdm",
      "parameter_count": 2359296,
      "shape": [
        768,
        3072
      ],
      "weight_decay": 0.1,
      "weight_decay_semantics": "decoupled",
      "weight_decay_treatment": "decay"
    },
    {
      "group": "eligible_matrix",
      "name": "transformer.h.10.attn.c_attn.weight",
      "optimizer": "static_per_matrix_sgdm",
      "parameter_count": 1769472,
      "shape": [
        2304,
        768
      ],
      "weight_decay": 0.1,
      "weight_decay_semantics": "decoupled",
      "weight_decay_treatment": "decay"
    },
    {
      "group": "eligible_matrix",
      "name": "transformer.h.10.attn.c_proj.weight",
      "optimizer": "static_per_matrix_sgdm",
      "parameter_count": 589824,
      "shape": [
        768,
        768
      ],
      "weight_decay": 0.1,
      "weight_decay_semantics": "decoupled",
      "weight_decay_treatment": "decay"
    },
    {
      "group": "auxiliary",
      "name": "transformer.h.10.ln_1.weight",
      "optimizer": "adamw",
      "parameter_count": 768,
      "shape": [
        768
      ],
      "weight_decay": 0.0,
      "weight_decay_semantics": "adamw_decoupled",
      "weight_decay_treatment": "no_decay"
    },
    {
      "group": "auxiliary",
      "name": "transformer.h.10.ln_2.weight",
      "optimizer": "adamw",
      "parameter_count": 768,
      "shape": [
        768
      ],
      "weight_decay": 0.0,
      "weight_decay_semantics": "adamw_decoupled",
      "weight_decay_treatment": "no_decay"
    },
    {
      "group": "eligible_matrix",
      "name": "transformer.h.10.mlp.c_fc.weight",
      "optimizer": "static_per_matrix_sgdm",
      "parameter_count": 2359296,
      "shape": [
        3072,
        768
      ],
      "weight_decay": 0.1,
      "weight_decay_semantics": "decoupled",
      "weight_decay_treatment": "decay"
    },
    {
      "group": "eligible_matrix",
      "name": "transformer.h.10.mlp.c_proj.weight",
      "optimizer": "static_per_matrix_sgdm",
      "parameter_count": 2359296,
      "shape": [
        768,
        3072
      ],
      "weight_decay": 0.1,
      "weight_decay_semantics": "decoupled",
      "weight_decay_treatment": "decay"
    },
    {
      "group": "eligible_matrix",
      "name": "transformer.h.11.attn.c_attn.weight",
      "optimizer": "static_per_matrix_sgdm",
      "parameter_count": 1769472,
      "shape": [
        2304,
        768
      ],
      "weight_decay": 0.1,
      "weight_decay_semantics": "decoupled",
      "weight_decay_treatment": "decay"
    },
    {
      "group": "eligible_matrix",
      "name": "transformer.h.11.attn.c_proj.weight",
      "optimizer": "static_per_matrix_sgdm",
      "parameter_count": 589824,
      "shape": [
        768,
        768
      ],
      "weight_decay": 0.1,
      "weight_decay_semantics": "decoupled",
      "weight_decay_treatment": "decay"
    },
    {
      "group": "auxiliary",
      "name": "transformer.h.11.ln_1.weight",
      "optimizer": "adamw",
      "parameter_count": 768,
      "shape": [
        768
      ],
      "weight_decay": 0.0,
      "weight_decay_semantics": "adamw_decoupled",
      "weight_decay_treatment": "no_decay"
    },
    {
      "group": "auxiliary",
      "name": "transformer.h.11.ln_2.weight",
      "optimizer": "adamw",
      "parameter_count": 768,
      "shape": [
        768
      ],
      "weight_decay": 0.0,
      "weight_decay_semantics": "adamw_decoupled",
      "weight_decay_treatment": "no_decay"
    },
    {
      "group": "eligible_matrix",
      "name": "transformer.h.11.mlp.c_fc.weight",
      "optimizer": "static_per_matrix_sgdm",
      "parameter_count": 2359296,
      "shape": [
        3072,
        768
      ],
      "weight_decay": 0.1,
      "weight_decay_semantics": "decoupled",
      "weight_decay_treatment": "decay"
    },
    {
      "group": "eligible_matrix",
      "name": "transformer.h.11.mlp.c_proj.weight",
      "optimizer": "static_per_matrix_sgdm",
      "parameter_count": 2359296,
      "shape": [
        768,
        3072
      ],
      "weight_decay": 0.1,
      "weight_decay_semantics": "decoupled",
      "weight_decay_treatment": "decay"
    },
    {
      "group": "eligible_matrix",
      "name": "transformer.h.2.attn.c_attn.weight",
      "optimizer": "static_per_matrix_sgdm",
      "parameter_count": 1769472,
      "shape": [
        2304,
        768
      ],
      "weight_decay": 0.1,
      "weight_decay_semantics": "decoupled",
      "weight_decay_treatment": "decay"
    },
    {
      "group": "eligible_matrix",
      "name": "transformer.h.2.attn.c_proj.weight",
      "optimizer": "static_per_matrix_sgdm",
      "parameter_count": 589824,
      "shape": [
        768,
        768
      ],
      "weight_decay": 0.1,
      "weight_decay_semantics": "decoupled",
      "weight_decay_treatment": "decay"
    },
    {
      "group": "auxiliary",
      "name": "transformer.h.2.ln_1.weight",
      "optimizer": "adamw",
      "parameter_count": 768,
      "shape": [
        768
      ],
      "weight_decay": 0.0,
      "weight_decay_semantics": "adamw_decoupled",
      "weight_decay_treatment": "no_decay"
    },
    {
      "group": "auxiliary",
      "name": "transformer.h.2.ln_2.weight",
      "optimizer": "adamw",
      "parameter_count": 768,
      "shape": [
        768
      ],
      "weight_decay": 0.0,
      "weight_decay_semantics": "adamw_decoupled",
      "weight_decay_treatment": "no_decay"
    },
    {
      "group": "eligible_matrix",
      "name": "transformer.h.2.mlp.c_fc.weight",
      "optimizer": "static_per_matrix_sgdm",
      "parameter_count": 2359296,
      "shape": [
        3072,
        768
      ],
      "weight_decay": 0.1,
      "weight_decay_semantics": "decoupled",
      "weight_decay_treatment": "decay"
    },
    {
      "group": "eligible_matrix",
      "name": "transformer.h.2.mlp.c_proj.weight",
      "optimizer": "static_per_matrix_sgdm",
      "parameter_count": 2359296,
      "shape": [
        768,
        3072
      ],
      "weight_decay": 0.1,
      "weight_decay_semantics": "decoupled",
      "weight_decay_treatment": "decay"
    },
    {
      "group": "eligible_matrix",
      "name": "transformer.h.3.attn.c_attn.weight",
      "optimizer": "static_per_matrix_sgdm",
      "parameter_count": 1769472,
      "shape": [
        2304,
        768
      ],
      "weight_decay": 0.1,
      "weight_decay_semantics": "decoupled",
      "weight_decay_treatment": "decay"
    },
    {
      "group": "eligible_matrix",
      "name": "transformer.h.3.attn.c_proj.weight",
      "optimizer": "static_per_matrix_sgdm",
      "parameter_count": 589824,
      "shape": [
        768,
        768
      ],
      "weight_decay": 0.1,
      "weight_decay_semantics": "decoupled",
      "weight_decay_treatment": "decay"
    },
    {
      "group": "auxiliary",
      "name": "transformer.h.3.ln_1.weight",
      "optimizer": "adamw",
      "parameter_count": 768,
      "shape": [
        768
      ],
      "weight_decay": 0.0,
      "weight_decay_semantics": "adamw_decoupled",
      "weight_decay_treatment": "no_decay"
    },
    {
      "group": "auxiliary",
      "name": "transformer.h.3.ln_2.weight",
      "optimizer": "adamw",
      "parameter_count": 768,
      "shape": [
        768
      ],
      "weight_decay": 0.0,
      "weight_decay_semantics": "adamw_decoupled",
      "weight_decay_treatment": "no_decay"
    },
    {
      "group": "eligible_matrix",
      "name": "transformer.h.3.mlp.c_fc.weight",
      "optimizer": "static_per_matrix_sgdm",
      "parameter_count": 2359296,
      "shape": [
        3072,
        768
      ],
      "weight_decay": 0.1,
      "weight_decay_semantics": "decoupled",
      "weight_decay_treatment": "decay"
    },
    {
      "group": "eligible_matrix",
      "name": "transformer.h.3.mlp.c_proj.weight",
      "optimizer": "static_per_matrix_sgdm",
      "parameter_count": 2359296,
      "shape": [
        768,
        3072
      ],
      "weight_decay": 0.1,
      "weight_decay_semantics": "decoupled",
      "weight_decay_treatment": "decay"
    },
    {
      "group": "eligible_matrix",
      "name": "transformer.h.4.attn.c_attn.weight",
      "optimizer": "static_per_matrix_sgdm",
      "parameter_count": 1769472,
      "shape": [
        2304,
        768
      ],
      "weight_decay": 0.1,
      "weight_decay_semantics": "decoupled",
      "weight_decay_treatment": "decay"
    },
    {
      "group": "eligible_matrix",
      "name": "transformer.h.4.attn.c_proj.weight",
      "optimizer": "static_per_matrix_sgdm",
      "parameter_count": 589824,
      "shape": [
        768,
        768
      ],
      "weight_decay": 0.1,
      "weight_decay_semantics": "decoupled",
      "weight_decay_treatment": "decay"
    },
    {
      "group": "auxiliary",
      "name": "transformer.h.4.ln_1.weight",
      "optimizer": "adamw",
      "parameter_count": 768,
      "shape": [
        768
      ],
      "weight_decay": 0.0,
      "weight_decay_semantics": "adamw_decoupled",
      "weight_decay_treatment": "no_decay"
    },
    {
      "group": "auxiliary",
      "name": "transformer.h.4.ln_2.weight",
      "optimizer": "adamw",
      "parameter_count": 768,
      "shape": [
        768
      ],
      "weight_decay": 0.0,
      "weight_decay_semantics": "adamw_decoupled",
      "weight_decay_treatment": "no_decay"
    },
    {
      "group": "eligible_matrix",
      "name": "transformer.h.4.mlp.c_fc.weight",
      "optimizer": "static_per_matrix_sgdm",
      "parameter_count": 2359296,
      "shape": [
        3072,
        768
      ],
      "weight_decay": 0.1,
      "weight_decay_semantics": "decoupled",
      "weight_decay_treatment": "decay"
    },
    {
      "group": "eligible_matrix",
      "name": "transformer.h.4.mlp.c_proj.weight",
      "optimizer": "static_per_matrix_sgdm",
      "parameter_count": 2359296,
      "shape": [
        768,
        3072
      ],
      "weight_decay": 0.1,
      "weight_decay_semantics": "decoupled",
      "weight_decay_treatment": "decay"
    },
    {
      "group": "eligible_matrix",
      "name": "transformer.h.5.attn.c_attn.weight",
      "optimizer": "static_per_matrix_sgdm",
      "parameter_count": 1769472,
      "shape": [
        2304,
        768
      ],
      "weight_decay": 0.1,
      "weight_decay_semantics": "decoupled",
      "weight_decay_treatment": "decay"
    },
    {
      "group": "eligible_matrix",
      "name": "transformer.h.5.attn.c_proj.weight",
      "optimizer": "static_per_matrix_sgdm",
      "parameter_count": 589824,
      "shape": [
        768,
        768
      ],
      "weight_decay": 0.1,
      "weight_decay_semantics": "decoupled",
      "weight_decay_treatment": "decay"
    },
    {
      "group": "auxiliary",
      "name": "transformer.h.5.ln_1.weight",
      "optimizer": "adamw",
      "parameter_count": 768,
      "shape": [
        768
      ],
      "weight_decay": 0.0,
      "weight_decay_semantics": "adamw_decoupled",
      "weight_decay_treatment": "no_decay"
    },
    {
      "group": "auxiliary",
      "name": "transformer.h.5.ln_2.weight",
      "optimizer": "adamw",
      "parameter_count": 768,
      "shape": [
        768
      ],
      "weight_decay": 0.0,
      "weight_decay_semantics": "adamw_decoupled",
      "weight_decay_treatment": "no_decay"
    },
    {
      "group": "eligible_matrix",
      "name": "transformer.h.5.mlp.c_fc.weight",
      "optimizer": "static_per_matrix_sgdm",
      "parameter_count": 2359296,
      "shape": [
        3072,
        768
      ],
      "weight_decay": 0.1,
      "weight_decay_semantics": "decoupled",
      "weight_decay_treatment": "decay"
    },
    {
      "group": "eligible_matrix",
      "name": "transformer.h.5.mlp.c_proj.weight",
      "optimizer": "static_per_matrix_sgdm",
      "parameter_count": 2359296,
      "shape": [
        768,
        3072
      ],
      "weight_decay": 0.1,
      "weight_decay_semantics": "decoupled",
      "weight_decay_treatment": "decay"
    },
    {
      "group": "eligible_matrix",
      "name": "transformer.h.6.attn.c_attn.weight",
      "optimizer": "static_per_matrix_sgdm",
      "parameter_count": 1769472,
      "shape": [
        2304,
        768
      ],
      "weight_decay": 0.1,
      "weight_decay_semantics": "decoupled",
      "weight_decay_treatment": "decay"
    },
    {
      "group": "eligible_matrix",
      "name": "transformer.h.6.attn.c_proj.weight",
      "optimizer": "static_per_matrix_sgdm",
      "parameter_count": 589824,
      "shape": [
        768,
        768
      ],
      "weight_decay": 0.1,
      "weight_decay_semantics": "decoupled",
      "weight_decay_treatment": "decay"
    },
    {
      "group": "auxiliary",
      "name": "transformer.h.6.ln_1.weight",
      "optimizer": "adamw",
      "parameter_count": 768,
      "shape": [
        768
      ],
      "weight_decay": 0.0,
      "weight_decay_semantics": "adamw_decoupled",
      "weight_decay_treatment": "no_decay"
    },
    {
      "group": "auxiliary",
      "name": "transformer.h.6.ln_2.weight",
      "optimizer": "adamw",
      "parameter_count": 768,
      "shape": [
        768
      ],
      "weight_decay": 0.0,
      "weight_decay_semantics": "adamw_decoupled",
      "weight_decay_treatment": "no_decay"
    },
    {
      "group": "eligible_matrix",
      "name": "transformer.h.6.mlp.c_fc.weight",
      "optimizer": "static_per_matrix_sgdm",
      "parameter_count": 2359296,
      "shape": [
        3072,
        768
      ],
      "weight_decay": 0.1,
      "weight_decay_semantics": "decoupled",
      "weight_decay_treatment": "decay"
    },
    {
      "group": "eligible_matrix",
      "name": "transformer.h.6.mlp.c_proj.weight",
      "optimizer": "static_per_matrix_sgdm",
      "parameter_count": 2359296,
      "shape": [
        768,
        3072
      ],
      "weight_decay": 0.1,
      "weight_decay_semantics": "decoupled",
      "weight_decay_treatment": "decay"
    },
    {
      "group": "eligible_matrix",
      "name": "transformer.h.7.attn.c_attn.weight",
      "optimizer": "static_per_matrix_sgdm",
      "parameter_count": 1769472,
      "shape": [
        2304,
        768
      ],
      "weight_decay": 0.1,
      "weight_decay_semantics": "decoupled",
      "weight_decay_treatment": "decay"
    },
    {
      "group": "eligible_matrix",
      "name": "transformer.h.7.attn.c_proj.weight",
      "optimizer": "static_per_matrix_sgdm",
      "parameter_count": 589824,
      "shape": [
        768,
        768
      ],
      "weight_decay": 0.1,
      "weight_decay_semantics": "decoupled",
      "weight_decay_treatment": "decay"
    },
    {
      "group": "auxiliary",
      "name": "transformer.h.7.ln_1.weight",
      "optimizer": "adamw",
      "parameter_count": 768,
      "shape": [
        768
      ],
      "weight_decay": 0.0,
      "weight_decay_semantics": "adamw_decoupled",
      "weight_decay_treatment": "no_decay"
    },
    {
      "group": "auxiliary",
      "name": "transformer.h.7.ln_2.weight",
      "optimizer": "adamw",
      "parameter_count": 768,
      "shape": [
        768
      ],
      "weight_decay": 0.0,
      "weight_decay_semantics": "adamw_decoupled",
      "weight_decay_treatment": "no_decay"
    },
    {
      "group": "eligible_matrix",
      "name": "transformer.h.7.mlp.c_fc.weight",
      "optimizer": "static_per_matrix_sgdm",
      "parameter_count": 2359296,
      "shape": [
        3072,
        768
      ],
      "weight_decay": 0.1,
      "weight_decay_semantics": "decoupled",
      "weight_decay_treatment": "decay"
    },
    {
      "group": "eligible_matrix",
      "name": "transformer.h.7.mlp.c_proj.weight",
      "optimizer": "static_per_matrix_sgdm",
      "parameter_count": 2359296,
      "shape": [
        768,
        3072
      ],
      "weight_decay": 0.1,
      "weight_decay_semantics": "decoupled",
      "weight_decay_treatment": "decay"
    },
    {
      "group": "eligible_matrix",
      "name": "transformer.h.8.attn.c_attn.weight",
      "optimizer": "static_per_matrix_sgdm",
      "parameter_count": 1769472,
      "shape": [
        2304,
        768
      ],
      "weight_decay": 0.1,
      "weight_decay_semantics": "decoupled",
      "weight_decay_treatment": "decay"
    },
    {
      "group": "eligible_matrix",
      "name": "transformer.h.8.attn.c_proj.weight",
      "optimizer": "static_per_matrix_sgdm",
      "parameter_count": 589824,
      "shape": [
        768,
        768
      ],
      "weight_decay": 0.1,
      "weight_decay_semantics": "decoupled",
      "weight_decay_treatment": "decay"
    },
    {
      "group": "auxiliary",
      "name": "transformer.h.8.ln_1.weight",
      "optimizer": "adamw",
      "parameter_count": 768,
      "shape": [
        768
      ],
      "weight_decay": 0.0,
      "weight_decay_semantics": "adamw_decoupled",
      "weight_decay_treatment": "no_decay"
    },
    {
      "group": "auxiliary",
      "name": "transformer.h.8.ln_2.weight",
      "optimizer": "adamw",
      "parameter_count": 768,
      "shape": [
        768
      ],
      "weight_decay": 0.0,
      "weight_decay_semantics": "adamw_decoupled",
      "weight_decay_treatment": "no_decay"
    },
    {
      "group": "eligible_matrix",
      "name": "transformer.h.8.mlp.c_fc.weight",
      "optimizer": "static_per_matrix_sgdm",
      "parameter_count": 2359296,
      "shape": [
        3072,
        768
      ],
      "weight_decay": 0.1,
      "weight_decay_semantics": "decoupled",
      "weight_decay_treatment": "decay"
    },
    {
      "group": "eligible_matrix",
      "name": "transformer.h.8.mlp.c_proj.weight",
      "optimizer": "static_per_matrix_sgdm",
      "parameter_count": 2359296,
      "shape": [
        768,
        3072
      ],
      "weight_decay": 0.1,
      "weight_decay_semantics": "decoupled",
      "weight_decay_treatment": "decay"
    },
    {
      "group": "eligible_matrix",
      "name": "transformer.h.9.attn.c_attn.weight",
      "optimizer": "static_per_matrix_sgdm",
      "parameter_count": 1769472,
      "shape": [
        2304,
        768
      ],
      "weight_decay": 0.1,
      "weight_decay_semantics": "decoupled",
      "weight_decay_treatment": "decay"
    },
    {
      "group": "eligible_matrix",
      "name": "transformer.h.9.attn.c_proj.weight",
      "optimizer": "static_per_matrix_sgdm",
      "parameter_count": 589824,
      "shape": [
        768,
        768
      ],
      "weight_decay": 0.1,
      "weight_decay_semantics": "decoupled",
      "weight_decay_treatment": "decay"
    },
    {
      "group": "auxiliary",
      "name": "transformer.h.9.ln_1.weight",
      "optimizer": "adamw",
      "parameter_count": 768,
      "shape": [
        768
      ],
      "weight_decay": 0.0,
      "weight_decay_semantics": "adamw_decoupled",
      "weight_decay_treatment": "no_decay"
    },
    {
      "group": "auxiliary",
      "name": "transformer.h.9.ln_2.weight",
      "optimizer": "adamw",
      "parameter_count": 768,
      "shape": [
        768
      ],
      "weight_decay": 0.0,
      "weight_decay_semantics": "adamw_decoupled",
      "weight_decay_treatment": "no_decay"
    },
    {
      "group": "eligible_matrix",
      "name": "transformer.h.9.mlp.c_fc.weight",
      "optimizer": "static_per_matrix_sgdm",
      "parameter_count": 2359296,
      "shape": [
        3072,
        768
      ],
      "weight_decay": 0.1,
      "weight_decay_semantics": "decoupled",
      "weight_decay_treatment": "decay"
    },
    {
      "group": "eligible_matrix",
      "name": "transformer.h.9.mlp.c_proj.weight",
      "optimizer": "static_per_matrix_sgdm",
      "parameter_count": 2359296,
      "shape": [
        768,
        3072
      ],
      "weight_decay": 0.1,
      "weight_decay_semantics": "decoupled",
      "weight_decay_treatment": "decay"
    },
    {
      "group": "auxiliary",
      "name": "transformer.ln_f.weight",
      "optimizer": "adamw",
      "parameter_count": 768,
      "shape": [
        768
      ],
      "weight_decay": 0.0,
      "weight_decay_semantics": "adamw_decoupled",
      "weight_decay_treatment": "no_decay"
    },
    {
      "group": "auxiliary",
      "name": "transformer.wpe.weight",
      "optimizer": "adamw",
      "parameter_count": 786432,
      "shape": [
        1024,
        768
      ],
      "weight_decay": 0.1,
      "weight_decay_semantics": "adamw_decoupled",
      "weight_decay_treatment": "decay"
    },
    {
      "group": "auxiliary",
      "name": "transformer.wte.weight",
      "optimizer": "adamw",
      "parameter_count": 38633472,
      "shape": [
        50304,
        768
      ],
      "weight_decay": 0.1,
      "weight_decay_semantics": "adamw_decoupled",
      "weight_decay_treatment": "decay"
    }
  ],
  "tied_parameters": {
    "aliases": [
      "transformer.wte.weight",
      "lm_head.weight"
    ],
    "assignment": "auxiliary",
    "canonical_name": "transformer.wte.weight",
    "counted_once": true,
    "optimizer": "adamw"
  },
  "totals": {
    "parameter_count": 124373760,
    "parameter_tensors": 75
  }
}
compiling the model... (takes a ~minute)
compiling the model... (takes a ~minute)
step 0: train loss 10.9886, val loss 10.9897
iter 0: loss 10.9734, time 16560.75ms, mfu -100.00%, matrix lr 0.00990099, auxiliary lr 5.94059e-06
iter 10: loss 10.3821, time 910.16ms, mfu 73.98%, matrix lr 0.108911, auxiliary lr 6.53465e-05
iter 20: loss 9.2493, time 909.36ms, mfu 73.98%, matrix lr 0.207921, auxiliary lr 0.000124752
iter 30: loss 8.1138, time 909.48ms, mfu 73.99%, matrix lr 0.306931, auxiliary lr 0.000184158
iter 40: loss 7.8607, time 910.27ms, mfu 73.98%, matrix lr 0.405941, auxiliary lr 0.000243564
iter 50: loss 7.5234, time 910.31ms, mfu 73.98%, matrix lr 0.50495, auxiliary lr 0.00030297
iter 60: loss 7.4006, time 911.05ms, mfu 73.97%, matrix lr 0.60396, auxiliary lr 0.000362376
iter 70: loss 7.3331, time 911.97ms, mfu 73.96%, matrix lr 0.70297, auxiliary lr 0.000421782
iter 80: loss 7.1910, time 912.96ms, mfu 73.94%, matrix lr 0.80198, auxiliary lr 0.000481188
iter 90: loss 7.2223, time 912.14ms, mfu 73.93%, matrix lr 0.90099, auxiliary lr 0.000540594
iter 100: loss 6.9027, time 913.47ms, mfu 73.90%, matrix lr 1, auxiliary lr 0.0006
iter 110: loss 6.5446, time 912.63ms, mfu 73.89%, matrix lr 0.999725, auxiliary lr 0.000599835
iter 120: loss 6.5452, time 913.87ms, mfu 73.87%, matrix lr 0.998901, auxiliary lr 0.000599341
iter 130: loss 6.4486, time 913.11ms, mfu 73.86%, matrix lr 0.997529, auxiliary lr 0.000598518
iter 140: loss 6.4874, time 914.45ms, mfu 73.83%, matrix lr 0.995611, auxiliary lr 0.000597367
iter 150: loss 6.3056, time 914.11ms, mfu 73.82%, matrix lr 0.993148, auxiliary lr 0.000595889
iter 160: loss 6.3678, time 913.71ms, mfu 73.80%, matrix lr 0.990145, auxiliary lr 0.000594087
iter 170: loss 6.1647, time 912.94ms, mfu 73.80%, matrix lr 0.986603, auxiliary lr 0.000591962
iter 180: loss 6.1225, time 914.19ms, mfu 73.78%, matrix lr 0.982529, auxiliary lr 0.000589518
iter 190: loss 6.0819, time 912.96ms, mfu 73.78%, matrix lr 0.977927, auxiliary lr 0.000586756
iter 200: loss 6.0685, time 913.87ms, mfu 73.77%, matrix lr 0.972802, auxiliary lr 0.000583681
iter 210: loss 5.9805, time 912.69ms, mfu 73.77%, matrix lr 0.967161, auxiliary lr 0.000580296
iter 220: loss 6.0789, time 914.19ms, mfu 73.76%, matrix lr 0.96101, auxiliary lr 0.000576606
iter 230: loss 5.9308, time 913.68ms, mfu 73.75%, matrix lr 0.954358, auxiliary lr 0.000572615
iter 240: loss 6.0750, time 913.76ms, mfu 73.74%, matrix lr 0.947212, auxiliary lr 0.000568327
iter 250: loss 5.9158, time 913.66ms, mfu 73.74%, matrix lr 0.93958, auxiliary lr 0.000563748
iter 260: loss 5.9580, time 913.51ms, mfu 73.74%, matrix lr 0.931473, auxiliary lr 0.000558884
iter 270: loss 5.9586, time 914.48ms, mfu 73.72%, matrix lr 0.922901, auxiliary lr 0.00055374
iter 280: loss 6.2083, time 914.47ms, mfu 73.71%, matrix lr 0.913873, auxiliary lr 0.000548324
iter 290: loss 6.0883, time 914.35ms, mfu 73.71%, matrix lr 0.9044, auxiliary lr 0.00054264
iter 300: loss 5.9263, time 913.95ms, mfu 73.70%, matrix lr 0.894495, auxiliary lr 0.000536697
iter 310: loss 5.9276, time 913.81ms, mfu 73.70%, matrix lr 0.88417, auxiliary lr 0.000530502
iter 320: loss 5.9778, time 914.02ms, mfu 73.70%, matrix lr 0.873436, auxiliary lr 0.000524061
iter 330: loss 6.0452, time 914.26ms, mfu 73.69%, matrix lr 0.862307, auxiliary lr 0.000517384
step 333: train loss 5.9244, val loss 5.9293
saving checkpoint to /shared/home/bilal.ashfaq/nanogpt-study-runs/task-2.5/static_per_matrix_sgdm_gpt2-124m_lr1_mom0.99_wd0.1_seed1337_scalestatic-26f16b708d59
iter 340: loss 5.6867, time 912.65ms, mfu 73.70%, matrix lr 0.850797, auxiliary lr 0.000510478
iter 350: loss 5.7953, time 913.59ms, mfu 73.70%, matrix lr 0.83892, auxiliary lr 0.000503352
iter 360: loss 5.9564, time 912.79ms, mfu 73.71%, matrix lr 0.82669, auxiliary lr 0.000496014
iter 370: loss 5.8176, time 914.02ms, mfu 73.70%, matrix lr 0.814122, auxiliary lr 0.000488473
iter 380: loss 5.9982, time 912.68ms, mfu 73.71%, matrix lr 0.801231, auxiliary lr 0.000480739
iter 390: loss 5.9120, time 914.31ms, mfu 73.70%, matrix lr 0.788034, auxiliary lr 0.00047282
iter 400: loss 5.9192, time 913.80ms, mfu 73.70%, matrix lr 0.774546, auxiliary lr 0.000464728
iter 410: loss 5.7773, time 913.79ms, mfu 73.70%, matrix lr 0.760784, auxiliary lr 0.00045647
iter 420: loss 5.7637, time 914.02ms, mfu 73.69%, matrix lr 0.746764, auxiliary lr 0.000448059
iter 430: loss 5.8833, time 913.87ms, mfu 73.69%, matrix lr 0.732505, auxiliary lr 0.000439503
iter 440: loss 5.8900, time 914.20ms, mfu 73.69%, matrix lr 0.718022, auxiliary lr 0.000430813
iter 450: loss 5.9896, time 914.00ms, mfu 73.69%, matrix lr 0.703334, auxiliary lr 0.000422001
iter 460: loss 5.8666, time 914.52ms, mfu 73.68%, matrix lr 0.688459, auxiliary lr 0.000413076
iter 470: loss 5.8942, time 914.30ms, mfu 73.68%, matrix lr 0.673415, auxiliary lr 0.000404049
iter 480: loss 5.7279, time 914.22ms, mfu 73.67%, matrix lr 0.65822, auxiliary lr 0.000394932
iter 490: loss 5.8793, time 914.20ms, mfu 73.67%, matrix lr 0.642894, auxiliary lr 0.000385736
iter 500: loss 5.9287, time 913.05ms, mfu 73.68%, matrix lr 0.627453, auxiliary lr 0.000376472
iter 510: loss 5.6245, time 914.25ms, mfu 73.67%, matrix lr 0.611918, auxiliary lr 0.000367151
iter 520: loss 5.9660, time 913.01ms, mfu 73.68%, matrix lr 0.596308, auxiliary lr 0.000357785
iter 530: loss 5.7728, time 913.82ms, mfu 73.68%, matrix lr 0.580641, auxiliary lr 0.000348385
iter 540: loss 5.8735, time 914.15ms, mfu 73.68%, matrix lr 0.564936, auxiliary lr 0.000338962
iter 550: loss 6.0505, time 914.51ms, mfu 73.67%, matrix lr 0.549214, auxiliary lr 0.000329528
iter 560: loss 5.8768, time 914.66ms, mfu 73.67%, matrix lr 0.533492, auxiliary lr 0.000320095
iter 570: loss 5.7331, time 914.53ms, mfu 73.66%, matrix lr 0.51779, auxiliary lr 0.000310674
iter 580: loss 5.7464, time 914.76ms, mfu 73.66%, matrix lr 0.502128, auxiliary lr 0.000301277
iter 590: loss 5.8988, time 914.80ms, mfu 73.65%, matrix lr 0.486524, auxiliary lr 0.000291915
iter 600: loss 5.9093, time 914.79ms, mfu 73.65%, matrix lr 0.470998, auxiliary lr 0.000282599
iter 610: loss 6.0234, time 914.57ms, mfu 73.64%, matrix lr 0.455568, auxiliary lr 0.000273341
iter 620: loss 6.0241, time 914.55ms, mfu 73.64%, matrix lr 0.440254, auxiliary lr 0.000264152
iter 630: loss 5.7465, time 914.62ms, mfu 73.64%, matrix lr 0.425073, auxiliary lr 0.000255044
iter 640: loss 5.7050, time 914.65ms, mfu 73.64%, matrix lr 0.410045, auxiliary lr 0.000246027
iter 650: loss 5.7267, time 914.44ms, mfu 73.64%, matrix lr 0.395188, auxiliary lr 0.000237113
iter 660: loss 5.7751, time 914.47ms, mfu 73.63%, matrix lr 0.38052, auxiliary lr 0.000228312
step 666: train loss 5.8037, val loss 5.8200
saving checkpoint to /shared/home/bilal.ashfaq/nanogpt-study-runs/task-2.5/static_per_matrix_sgdm_gpt2-124m_lr1_mom0.99_wd0.1_seed1337_scalestatic-26f16b708d59
iter 670: loss 5.7699, time 913.85ms, mfu 73.64%, matrix lr 0.366059, auxiliary lr 0.000219635
iter 680: loss 5.7879, time 913.99ms, mfu 73.64%, matrix lr 0.351823, auxiliary lr 0.000211094
iter 690: loss 5.5628, time 912.92ms, mfu 73.65%, matrix lr 0.337828, auxiliary lr 0.000202697
iter 700: loss 5.6359, time 914.31ms, mfu 73.65%, matrix lr 0.324093, auxiliary lr 0.000194456
iter 710: loss 5.9338, time 913.04ms, mfu 73.66%, matrix lr 0.310633, auxiliary lr 0.00018638
iter 720: loss 5.6864, time 912.75ms, mfu 73.67%, matrix lr 0.297466, auxiliary lr 0.000178479
iter 730: loss 5.7311, time 914.40ms, mfu 73.67%, matrix lr 0.284607, auxiliary lr 0.000170764
iter 740: loss 5.9153, time 914.75ms, mfu 73.66%, matrix lr 0.272072, auxiliary lr 0.000163243
iter 750: loss 5.7079, time 914.41ms, mfu 73.66%, matrix lr 0.259876, auxiliary lr 0.000155926
iter 760: loss 5.7151, time 914.48ms, mfu 73.65%, matrix lr 0.248035, auxiliary lr 0.000148821
iter 770: loss 5.8372, time 914.54ms, mfu 73.65%, matrix lr 0.236563, auxiliary lr 0.000141938
iter 780: loss 5.8018, time 914.61ms, mfu 73.65%, matrix lr 0.225473, auxiliary lr 0.000135284
iter 790: loss 5.6497, time 914.44ms, mfu 73.65%, matrix lr 0.214779, auxiliary lr 0.000128868
iter 800: loss 5.7455, time 914.82ms, mfu 73.64%, matrix lr 0.204495, auxiliary lr 0.000122697
iter 810: loss 5.8283, time 914.53ms, mfu 73.64%, matrix lr 0.194633, auxiliary lr 0.00011678
iter 820: loss 5.8775, time 914.77ms, mfu 73.64%, matrix lr 0.185204, auxiliary lr 0.000111123
iter 830: loss 5.8329, time 913.11ms, mfu 73.65%, matrix lr 0.176221, auxiliary lr 0.000105733
iter 840: loss 5.7846, time 914.86ms, mfu 73.64%, matrix lr 0.167695, auxiliary lr 0.000100617
iter 850: loss 5.6666, time 914.34ms, mfu 73.64%, matrix lr 0.159635, auxiliary lr 9.5781e-05
iter 860: loss 5.6850, time 914.56ms, mfu 73.64%, matrix lr 0.152052, auxiliary lr 9.12311e-05
iter 870: loss 5.6217, time 914.74ms, mfu 73.63%, matrix lr 0.144955, auxiliary lr 8.69728e-05
iter 880: loss 5.8616, time 914.49ms, mfu 73.63%, matrix lr 0.138352, auxiliary lr 8.30113e-05
iter 890: loss 6.0377, time 914.82ms, mfu 73.63%, matrix lr 0.132252, auxiliary lr 7.93513e-05
iter 900: loss 5.7420, time 914.70ms, mfu 73.63%, matrix lr 0.126662, auxiliary lr 7.59974e-05
iter 910: loss 5.6416, time 914.41ms, mfu 73.63%, matrix lr 0.121589, auxiliary lr 7.29536e-05
iter 920: loss 5.8368, time 914.86ms, mfu 73.63%, matrix lr 0.11704, auxiliary lr 7.02237e-05
iter 930: loss 5.7267, time 914.68ms, mfu 73.62%, matrix lr 0.113018, auxiliary lr 6.7811e-05
iter 940: loss 5.8760, time 914.68ms, mfu 73.62%, matrix lr 0.109531, auxiliary lr 6.57185e-05
iter 950: loss 5.9377, time 914.54ms, mfu 73.62%, matrix lr 0.106581, auxiliary lr 6.39486e-05
iter 960: loss 5.8661, time 914.53ms, mfu 73.62%, matrix lr 0.104173, auxiliary lr 6.25036e-05
iter 970: loss 5.5904, time 914.81ms, mfu 73.62%, matrix lr 0.102309, auxiliary lr 6.13853e-05
iter 980: loss 5.8013, time 914.62ms, mfu 73.62%, matrix lr 0.100992, auxiliary lr 6.05949e-05
iter 990: loss 5.6313, time 914.81ms, mfu 73.62%, matrix lr 0.100223, auxiliary lr 6.01335e-05
step 999: train loss 5.7324, val loss 5.7322
saving checkpoint to /shared/home/bilal.ashfaq/nanogpt-study-runs/task-2.5/static_per_matrix_sgdm_gpt2-124m_lr1_mom0.99_wd0.1_seed1337_scalestatic-26f16b708d59
Launching: torchrun --standalone --nproc_per_node=2 train.py config/task_2_4_static.py --out_dir=/shared/home/bilal.ashfaq/nanogpt-study-runs/task-2.5/static_per_matrix_sgdm_gpt2-124m_lr1_mom0.99_wd0.1_seed1337_scalestatic-658ea6e7df4d --optimizer_name=static_per_matrix_sgdm --seed=1337 --max_iters=999 --init_from=scratch --matrix_learning_rate=1.0 --matrix_momentum=0.99 --static_default_multiplier=1.0 --static_exact_parameter_multipliers={} --static_matrix_type_multipliers={'attention_output': 2.0, 'attention_qkv': 2.0, 'mlp_input': 0.5, 'mlp_output': 0.5}
Overriding config with config/task_2_4_static.py:
# Task 2.4 reuses every common Task 1.6 control. Candidate-specific static
# settings are supplied only by the materialized, reviewed manifest.
with open('config/task_1_6_baseline.py', encoding='utf-8') as base_config_file:
    exec(base_config_file.read())

optimizer_name = 'static_per_matrix_sgdm'
static_default_multiplier = 1.0
static_matrix_type_multipliers = {}
static_exact_parameter_multipliers = {}

Overriding: out_dir = /shared/home/bilal.ashfaq/nanogpt-study-runs/task-2.5/static_per_matrix_sgdm_gpt2-124m_lr1_mom0.99_wd0.1_seed1337_scalestatic-658ea6e7df4d
Overriding: optimizer_name = static_per_matrix_sgdm
Overriding: seed = 1337
Overriding: max_iters = 999
Overriding: init_from = scratch
Overriding: matrix_learning_rate = 1.0
Overriding: matrix_momentum = 0.99
Overriding: static_default_multiplier = 1.0
Overriding: static_exact_parameter_multipliers = {}
Overriding: static_matrix_type_multipliers = {'attention_output': 2.0, 'attention_qkv': 2.0, 'mlp_input': 0.5, 'mlp_output': 0.5}
Overriding config with config/task_2_4_static.py:
# Task 2.4 reuses every common Task 1.6 control. Candidate-specific static
# settings are supplied only by the materialized, reviewed manifest.
with open('config/task_1_6_baseline.py', encoding='utf-8') as base_config_file:
    exec(base_config_file.read())

optimizer_name = 'static_per_matrix_sgdm'
static_default_multiplier = 1.0
static_matrix_type_multipliers = {}
static_exact_parameter_multipliers = {}

Overriding: out_dir = /shared/home/bilal.ashfaq/nanogpt-study-runs/task-2.5/static_per_matrix_sgdm_gpt2-124m_lr1_mom0.99_wd0.1_seed1337_scalestatic-658ea6e7df4d
Overriding: optimizer_name = static_per_matrix_sgdm
Overriding: seed = 1337
Overriding: max_iters = 999
Overriding: init_from = scratch
Overriding: matrix_learning_rate = 1.0
Overriding: matrix_momentum = 0.99
Overriding: static_default_multiplier = 1.0
Overriding: static_exact_parameter_multipliers = {}
Overriding: static_matrix_type_multipliers = {'attention_output': 2.0, 'attention_qkv': 2.0, 'mlp_input': 0.5, 'mlp_output': 0.5}
tokens per iteration will be: 491,520
Initializing a new model from scratch
defaulting to vocab_size of GPT-2 to 50304 (50257 rounded up for efficiency)
tokens per iteration will be: 491,520
Initializing a new model from scratch
defaulting to vocab_size of GPT-2 to 50304 (50257 rounded up for efficiency)
number of parameters: 123.59M
number of parameters: 123.59M
using fused auxiliary AdamW: True
using fused auxiliary AdamW: True
optimizer parameter audit:
{
  "parameters": [
    {
      "group": "eligible_matrix",
      "name": "transformer.h.0.attn.c_attn.weight",
      "optimizer": "static_per_matrix_sgdm",
      "parameter_count": 1769472,
      "shape": [
        2304,
        768
      ],
      "weight_decay": 0.1,
      "weight_decay_semantics": "decoupled",
      "weight_decay_treatment": "decay"
    },
    {
      "group": "eligible_matrix",
      "name": "transformer.h.0.attn.c_proj.weight",
      "optimizer": "static_per_matrix_sgdm",
      "parameter_count": 589824,
      "shape": [
        768,
        768
      ],
      "weight_decay": 0.1,
      "weight_decay_semantics": "decoupled",
      "weight_decay_treatment": "decay"
    },
    {
      "group": "auxiliary",
      "name": "transformer.h.0.ln_1.weight",
      "optimizer": "adamw",
      "parameter_count": 768,
      "shape": [
        768
      ],
      "weight_decay": 0.0,
      "weight_decay_semantics": "adamw_decoupled",
      "weight_decay_treatment": "no_decay"
    },
    {
      "group": "auxiliary",
      "name": "transformer.h.0.ln_2.weight",
      "optimizer": "adamw",
      "parameter_count": 768,
      "shape": [
        768
      ],
      "weight_decay": 0.0,
      "weight_decay_semantics": "adamw_decoupled",
      "weight_decay_treatment": "no_decay"
    },
    {
      "group": "eligible_matrix",
      "name": "transformer.h.0.mlp.c_fc.weight",
      "optimizer": "static_per_matrix_sgdm",
      "parameter_count": 2359296,
      "shape": [
        3072,
        768
      ],
      "weight_decay": 0.1,
      "weight_decay_semantics": "decoupled",
      "weight_decay_treatment": "decay"
    },
    {
      "group": "eligible_matrix",
      "name": "transformer.h.0.mlp.c_proj.weight",
      "optimizer": "static_per_matrix_sgdm",
      "parameter_count": 2359296,
      "shape": [
        768,
        3072
      ],
      "weight_decay": 0.1,
      "weight_decay_semantics": "decoupled",
      "weight_decay_treatment": "decay"
    },
    {
      "group": "eligible_matrix",
      "name": "transformer.h.1.attn.c_attn.weight",
      "optimizer": "static_per_matrix_sgdm",
      "parameter_count": 1769472,
      "shape": [
        2304,
        768
      ],
      "weight_decay": 0.1,
      "weight_decay_semantics": "decoupled",
      "weight_decay_treatment": "decay"
    },
    {
      "group": "eligible_matrix",
      "name": "transformer.h.1.attn.c_proj.weight",
      "optimizer": "static_per_matrix_sgdm",
      "parameter_count": 589824,
      "shape": [
        768,
        768
      ],
      "weight_decay": 0.1,
      "weight_decay_semantics": "decoupled",
      "weight_decay_treatment": "decay"
    },
    {
      "group": "auxiliary",
      "name": "transformer.h.1.ln_1.weight",
      "optimizer": "adamw",
      "parameter_count": 768,
      "shape": [
        768
      ],
      "weight_decay": 0.0,
      "weight_decay_semantics": "adamw_decoupled",
      "weight_decay_treatment": "no_decay"
    },
    {
      "group": "auxiliary",
      "name": "transformer.h.1.ln_2.weight",
      "optimizer": "adamw",
      "parameter_count": 768,
      "shape": [
        768
      ],
      "weight_decay": 0.0,
      "weight_decay_semantics": "adamw_decoupled",
      "weight_decay_treatment": "no_decay"
    },
    {
      "group": "eligible_matrix",
      "name": "transformer.h.1.mlp.c_fc.weight",
      "optimizer": "static_per_matrix_sgdm",
      "parameter_count": 2359296,
      "shape": [
        3072,
        768
      ],
      "weight_decay": 0.1,
      "weight_decay_semantics": "decoupled",
      "weight_decay_treatment": "decay"
    },
    {
      "group": "eligible_matrix",
      "name": "transformer.h.1.mlp.c_proj.weight",
      "optimizer": "static_per_matrix_sgdm",
      "parameter_count": 2359296,
      "shape": [
        768,
        3072
      ],
      "weight_decay": 0.1,
      "weight_decay_semantics": "decoupled",
      "weight_decay_treatment": "decay"
    },
    {
      "group": "eligible_matrix",
      "name": "transformer.h.10.attn.c_attn.weight",
      "optimizer": "static_per_matrix_sgdm",
      "parameter_count": 1769472,
      "shape": [
        2304,
        768
      ],
      "weight_decay": 0.1,
      "weight_decay_semantics": "decoupled",
      "weight_decay_treatment": "decay"
    },
    {
      "group": "eligible_matrix",
      "name": "transformer.h.10.attn.c_proj.weight",
      "optimizer": "static_per_matrix_sgdm",
      "parameter_count": 589824,
      "shape": [
        768,
        768
      ],
      "weight_decay": 0.1,
      "weight_decay_semantics": "decoupled",
      "weight_decay_treatment": "decay"
    },
    {
      "group": "auxiliary",
      "name": "transformer.h.10.ln_1.weight",
      "optimizer": "adamw",
      "parameter_count": 768,
      "shape": [
        768
      ],
      "weight_decay": 0.0,
      "weight_decay_semantics": "adamw_decoupled",
      "weight_decay_treatment": "no_decay"
    },
    {
      "group": "auxiliary",
      "name": "transformer.h.10.ln_2.weight",
      "optimizer": "adamw",
      "parameter_count": 768,
      "shape": [
        768
      ],
      "weight_decay": 0.0,
      "weight_decay_semantics": "adamw_decoupled",
      "weight_decay_treatment": "no_decay"
    },
    {
      "group": "eligible_matrix",
      "name": "transformer.h.10.mlp.c_fc.weight",
      "optimizer": "static_per_matrix_sgdm",
      "parameter_count": 2359296,
      "shape": [
        3072,
        768
      ],
      "weight_decay": 0.1,
      "weight_decay_semantics": "decoupled",
      "weight_decay_treatment": "decay"
    },
    {
      "group": "eligible_matrix",
      "name": "transformer.h.10.mlp.c_proj.weight",
      "optimizer": "static_per_matrix_sgdm",
      "parameter_count": 2359296,
      "shape": [
        768,
        3072
      ],
      "weight_decay": 0.1,
      "weight_decay_semantics": "decoupled",
      "weight_decay_treatment": "decay"
    },
    {
      "group": "eligible_matrix",
      "name": "transformer.h.11.attn.c_attn.weight",
      "optimizer": "static_per_matrix_sgdm",
      "parameter_count": 1769472,
      "shape": [
        2304,
        768
      ],
      "weight_decay": 0.1,
      "weight_decay_semantics": "decoupled",
      "weight_decay_treatment": "decay"
    },
    {
      "group": "eligible_matrix",
      "name": "transformer.h.11.attn.c_proj.weight",
      "optimizer": "static_per_matrix_sgdm",
      "parameter_count": 589824,
      "shape": [
        768,
        768
      ],
      "weight_decay": 0.1,
      "weight_decay_semantics": "decoupled",
      "weight_decay_treatment": "decay"
    },
    {
      "group": "auxiliary",
      "name": "transformer.h.11.ln_1.weight",
      "optimizer": "adamw",
      "parameter_count": 768,
      "shape": [
        768
      ],
      "weight_decay": 0.0,
      "weight_decay_semantics": "adamw_decoupled",
      "weight_decay_treatment": "no_decay"
    },
    {
      "group": "auxiliary",
      "name": "transformer.h.11.ln_2.weight",
      "optimizer": "adamw",
      "parameter_count": 768,
      "shape": [
        768
      ],
      "weight_decay": 0.0,
      "weight_decay_semantics": "adamw_decoupled",
      "weight_decay_treatment": "no_decay"
    },
    {
      "group": "eligible_matrix",
      "name": "transformer.h.11.mlp.c_fc.weight",
      "optimizer": "static_per_matrix_sgdm",
      "parameter_count": 2359296,
      "shape": [
        3072,
        768
      ],
      "weight_decay": 0.1,
      "weight_decay_semantics": "decoupled",
      "weight_decay_treatment": "decay"
    },
    {
      "group": "eligible_matrix",
      "name": "transformer.h.11.mlp.c_proj.weight",
      "optimizer": "static_per_matrix_sgdm",
      "parameter_count": 2359296,
      "shape": [
        768,
        3072
      ],
      "weight_decay": 0.1,
      "weight_decay_semantics": "decoupled",
      "weight_decay_treatment": "decay"
    },
    {
      "group": "eligible_matrix",
      "name": "transformer.h.2.attn.c_attn.weight",
      "optimizer": "static_per_matrix_sgdm",
      "parameter_count": 1769472,
      "shape": [
        2304,
        768
      ],
      "weight_decay": 0.1,
      "weight_decay_semantics": "decoupled",
      "weight_decay_treatment": "decay"
    },
    {
      "group": "eligible_matrix",
      "name": "transformer.h.2.attn.c_proj.weight",
      "optimizer": "static_per_matrix_sgdm",
      "parameter_count": 589824,
      "shape": [
        768,
        768
      ],
      "weight_decay": 0.1,
      "weight_decay_semantics": "decoupled",
      "weight_decay_treatment": "decay"
    },
    {
      "group": "auxiliary",
      "name": "transformer.h.2.ln_1.weight",
      "optimizer": "adamw",
      "parameter_count": 768,
      "shape": [
        768
      ],
      "weight_decay": 0.0,
      "weight_decay_semantics": "adamw_decoupled",
      "weight_decay_treatment": "no_decay"
    },
    {
      "group": "auxiliary",
      "name": "transformer.h.2.ln_2.weight",
      "optimizer": "adamw",
      "parameter_count": 768,
      "shape": [
        768
      ],
      "weight_decay": 0.0,
      "weight_decay_semantics": "adamw_decoupled",
      "weight_decay_treatment": "no_decay"
    },
    {
      "group": "eligible_matrix",
      "name": "transformer.h.2.mlp.c_fc.weight",
      "optimizer": "static_per_matrix_sgdm",
      "parameter_count": 2359296,
      "shape": [
        3072,
        768
      ],
      "weight_decay": 0.1,
      "weight_decay_semantics": "decoupled",
      "weight_decay_treatment": "decay"
    },
    {
      "group": "eligible_matrix",
      "name": "transformer.h.2.mlp.c_proj.weight",
      "optimizer": "static_per_matrix_sgdm",
      "parameter_count": 2359296,
      "shape": [
        768,
        3072
      ],
      "weight_decay": 0.1,
      "weight_decay_semantics": "decoupled",
      "weight_decay_treatment": "decay"
    },
    {
      "group": "eligible_matrix",
      "name": "transformer.h.3.attn.c_attn.weight",
      "optimizer": "static_per_matrix_sgdm",
      "parameter_count": 1769472,
      "shape": [
        2304,
        768
      ],
      "weight_decay": 0.1,
      "weight_decay_semantics": "decoupled",
      "weight_decay_treatment": "decay"
    },
    {
      "group": "eligible_matrix",
      "name": "transformer.h.3.attn.c_proj.weight",
      "optimizer": "static_per_matrix_sgdm",
      "parameter_count": 589824,
      "shape": [
        768,
        768
      ],
      "weight_decay": 0.1,
      "weight_decay_semantics": "decoupled",
      "weight_decay_treatment": "decay"
    },
    {
      "group": "auxiliary",
      "name": "transformer.h.3.ln_1.weight",
      "optimizer": "adamw",
      "parameter_count": 768,
      "shape": [
        768
      ],
      "weight_decay": 0.0,
      "weight_decay_semantics": "adamw_decoupled",
      "weight_decay_treatment": "no_decay"
    },
    {
      "group": "auxiliary",
      "name": "transformer.h.3.ln_2.weight",
      "optimizer": "adamw",
      "parameter_count": 768,
      "shape": [
        768
      ],
      "weight_decay": 0.0,
      "weight_decay_semantics": "adamw_decoupled",
      "weight_decay_treatment": "no_decay"
    },
    {
      "group": "eligible_matrix",
      "name": "transformer.h.3.mlp.c_fc.weight",
      "optimizer": "static_per_matrix_sgdm",
      "parameter_count": 2359296,
      "shape": [
        3072,
        768
      ],
      "weight_decay": 0.1,
      "weight_decay_semantics": "decoupled",
      "weight_decay_treatment": "decay"
    },
    {
      "group": "eligible_matrix",
      "name": "transformer.h.3.mlp.c_proj.weight",
      "optimizer": "static_per_matrix_sgdm",
      "parameter_count": 2359296,
      "shape": [
        768,
        3072
      ],
      "weight_decay": 0.1,
      "weight_decay_semantics": "decoupled",
      "weight_decay_treatment": "decay"
    },
    {
      "group": "eligible_matrix",
      "name": "transformer.h.4.attn.c_attn.weight",
      "optimizer": "static_per_matrix_sgdm",
      "parameter_count": 1769472,
      "shape": [
        2304,
        768
      ],
      "weight_decay": 0.1,
      "weight_decay_semantics": "decoupled",
      "weight_decay_treatment": "decay"
    },
    {
      "group": "eligible_matrix",
      "name": "transformer.h.4.attn.c_proj.weight",
      "optimizer": "static_per_matrix_sgdm",
      "parameter_count": 589824,
      "shape": [
        768,
        768
      ],
      "weight_decay": 0.1,
      "weight_decay_semantics": "decoupled",
      "weight_decay_treatment": "decay"
    },
    {
      "group": "auxiliary",
      "name": "transformer.h.4.ln_1.weight",
      "optimizer": "adamw",
      "parameter_count": 768,
      "shape": [
        768
      ],
      "weight_decay": 0.0,
      "weight_decay_semantics": "adamw_decoupled",
      "weight_decay_treatment": "no_decay"
    },
    {
      "group": "auxiliary",
      "name": "transformer.h.4.ln_2.weight",
      "optimizer": "adamw",
      "parameter_count": 768,
      "shape": [
        768
      ],
      "weight_decay": 0.0,
      "weight_decay_semantics": "adamw_decoupled",
      "weight_decay_treatment": "no_decay"
    },
    {
      "group": "eligible_matrix",
      "name": "transformer.h.4.mlp.c_fc.weight",
      "optimizer": "static_per_matrix_sgdm",
      "parameter_count": 2359296,
      "shape": [
        3072,
        768
      ],
      "weight_decay": 0.1,
      "weight_decay_semantics": "decoupled",
      "weight_decay_treatment": "decay"
    },
    {
      "group": "eligible_matrix",
      "name": "transformer.h.4.mlp.c_proj.weight",
      "optimizer": "static_per_matrix_sgdm",
      "parameter_count": 2359296,
      "shape": [
        768,
        3072
      ],
      "weight_decay": 0.1,
      "weight_decay_semantics": "decoupled",
      "weight_decay_treatment": "decay"
    },
    {
      "group": "eligible_matrix",
      "name": "transformer.h.5.attn.c_attn.weight",
      "optimizer": "static_per_matrix_sgdm",
      "parameter_count": 1769472,
      "shape": [
        2304,
        768
      ],
      "weight_decay": 0.1,
      "weight_decay_semantics": "decoupled",
      "weight_decay_treatment": "decay"
    },
    {
      "group": "eligible_matrix",
      "name": "transformer.h.5.attn.c_proj.weight",
      "optimizer": "static_per_matrix_sgdm",
      "parameter_count": 589824,
      "shape": [
        768,
        768
      ],
      "weight_decay": 0.1,
      "weight_decay_semantics": "decoupled",
      "weight_decay_treatment": "decay"
    },
    {
      "group": "auxiliary",
      "name": "transformer.h.5.ln_1.weight",
      "optimizer": "adamw",
      "parameter_count": 768,
      "shape": [
        768
      ],
      "weight_decay": 0.0,
      "weight_decay_semantics": "adamw_decoupled",
      "weight_decay_treatment": "no_decay"
    },
    {
      "group": "auxiliary",
      "name": "transformer.h.5.ln_2.weight",
      "optimizer": "adamw",
      "parameter_count": 768,
      "shape": [
        768
      ],
      "weight_decay": 0.0,
      "weight_decay_semantics": "adamw_decoupled",
      "weight_decay_treatment": "no_decay"
    },
    {
      "group": "eligible_matrix",
      "name": "transformer.h.5.mlp.c_fc.weight",
      "optimizer": "static_per_matrix_sgdm",
      "parameter_count": 2359296,
      "shape": [
        3072,
        768
      ],
      "weight_decay": 0.1,
      "weight_decay_semantics": "decoupled",
      "weight_decay_treatment": "decay"
    },
    {
      "group": "eligible_matrix",
      "name": "transformer.h.5.mlp.c_proj.weight",
      "optimizer": "static_per_matrix_sgdm",
      "parameter_count": 2359296,
      "shape": [
        768,
        3072
      ],
      "weight_decay": 0.1,
      "weight_decay_semantics": "decoupled",
      "weight_decay_treatment": "decay"
    },
    {
      "group": "eligible_matrix",
      "name": "transformer.h.6.attn.c_attn.weight",
      "optimizer": "static_per_matrix_sgdm",
      "parameter_count": 1769472,
      "shape": [
        2304,
        768
      ],
      "weight_decay": 0.1,
      "weight_decay_semantics": "decoupled",
      "weight_decay_treatment": "decay"
    },
    {
      "group": "eligible_matrix",
      "name": "transformer.h.6.attn.c_proj.weight",
      "optimizer": "static_per_matrix_sgdm",
      "parameter_count": 589824,
      "shape": [
        768,
        768
      ],
      "weight_decay": 0.1,
      "weight_decay_semantics": "decoupled",
      "weight_decay_treatment": "decay"
    },
    {
      "group": "auxiliary",
      "name": "transformer.h.6.ln_1.weight",
      "optimizer": "adamw",
      "parameter_count": 768,
      "shape": [
        768
      ],
      "weight_decay": 0.0,
      "weight_decay_semantics": "adamw_decoupled",
      "weight_decay_treatment": "no_decay"
    },
    {
      "group": "auxiliary",
      "name": "transformer.h.6.ln_2.weight",
      "optimizer": "adamw",
      "parameter_count": 768,
      "shape": [
        768
      ],
      "weight_decay": 0.0,
      "weight_decay_semantics": "adamw_decoupled",
      "weight_decay_treatment": "no_decay"
    },
    {
      "group": "eligible_matrix",
      "name": "transformer.h.6.mlp.c_fc.weight",
      "optimizer": "static_per_matrix_sgdm",
      "parameter_count": 2359296,
      "shape": [
        3072,
        768
      ],
      "weight_decay": 0.1,
      "weight_decay_semantics": "decoupled",
      "weight_decay_treatment": "decay"
    },
    {
      "group": "eligible_matrix",
      "name": "transformer.h.6.mlp.c_proj.weight",
      "optimizer": "static_per_matrix_sgdm",
      "parameter_count": 2359296,
      "shape": [
        768,
        3072
      ],
      "weight_decay": 0.1,
      "weight_decay_semantics": "decoupled",
      "weight_decay_treatment": "decay"
    },
    {
      "group": "eligible_matrix",
      "name": "transformer.h.7.attn.c_attn.weight",
      "optimizer": "static_per_matrix_sgdm",
      "parameter_count": 1769472,
      "shape": [
        2304,
        768
      ],
      "weight_decay": 0.1,
      "weight_decay_semantics": "decoupled",
      "weight_decay_treatment": "decay"
    },
    {
      "group": "eligible_matrix",
      "name": "transformer.h.7.attn.c_proj.weight",
      "optimizer": "static_per_matrix_sgdm",
      "parameter_count": 589824,
      "shape": [
        768,
        768
      ],
      "weight_decay": 0.1,
      "weight_decay_semantics": "decoupled",
      "weight_decay_treatment": "decay"
    },
    {
      "group": "auxiliary",
      "name": "transformer.h.7.ln_1.weight",
      "optimizer": "adamw",
      "parameter_count": 768,
      "shape": [
        768
      ],
      "weight_decay": 0.0,
      "weight_decay_semantics": "adamw_decoupled",
      "weight_decay_treatment": "no_decay"
    },
    {
      "group": "auxiliary",
      "name": "transformer.h.7.ln_2.weight",
      "optimizer": "adamw",
      "parameter_count": 768,
      "shape": [
        768
      ],
      "weight_decay": 0.0,
      "weight_decay_semantics": "adamw_decoupled",
      "weight_decay_treatment": "no_decay"
    },
    {
      "group": "eligible_matrix",
      "name": "transformer.h.7.mlp.c_fc.weight",
      "optimizer": "static_per_matrix_sgdm",
      "parameter_count": 2359296,
      "shape": [
        3072,
        768
      ],
      "weight_decay": 0.1,
      "weight_decay_semantics": "decoupled",
      "weight_decay_treatment": "decay"
    },
    {
      "group": "eligible_matrix",
      "name": "transformer.h.7.mlp.c_proj.weight",
      "optimizer": "static_per_matrix_sgdm",
      "parameter_count": 2359296,
      "shape": [
        768,
        3072
      ],
      "weight_decay": 0.1,
      "weight_decay_semantics": "decoupled",
      "weight_decay_treatment": "decay"
    },
    {
      "group": "eligible_matrix",
      "name": "transformer.h.8.attn.c_attn.weight",
      "optimizer": "static_per_matrix_sgdm",
      "parameter_count": 1769472,
      "shape": [
        2304,
        768
      ],
      "weight_decay": 0.1,
      "weight_decay_semantics": "decoupled",
      "weight_decay_treatment": "decay"
    },
    {
      "group": "eligible_matrix",
      "name": "transformer.h.8.attn.c_proj.weight",
      "optimizer": "static_per_matrix_sgdm",
      "parameter_count": 589824,
      "shape": [
        768,
        768
      ],
      "weight_decay": 0.1,
      "weight_decay_semantics": "decoupled",
      "weight_decay_treatment": "decay"
    },
    {
      "group": "auxiliary",
      "name": "transformer.h.8.ln_1.weight",
      "optimizer": "adamw",
      "parameter_count": 768,
      "shape": [
        768
      ],
      "weight_decay": 0.0,
      "weight_decay_semantics": "adamw_decoupled",
      "weight_decay_treatment": "no_decay"
    },
    {
      "group": "auxiliary",
      "name": "transformer.h.8.ln_2.weight",
      "optimizer": "adamw",
      "parameter_count": 768,
      "shape": [
        768
      ],
      "weight_decay": 0.0,
      "weight_decay_semantics": "adamw_decoupled",
      "weight_decay_treatment": "no_decay"
    },
    {
      "group": "eligible_matrix",
      "name": "transformer.h.8.mlp.c_fc.weight",
      "optimizer": "static_per_matrix_sgdm",
      "parameter_count": 2359296,
      "shape": [
        3072,
        768
      ],
      "weight_decay": 0.1,
      "weight_decay_semantics": "decoupled",
      "weight_decay_treatment": "decay"
    },
    {
      "group": "eligible_matrix",
      "name": "transformer.h.8.mlp.c_proj.weight",
      "optimizer": "static_per_matrix_sgdm",
      "parameter_count": 2359296,
      "shape": [
        768,
        3072
      ],
      "weight_decay": 0.1,
      "weight_decay_semantics": "decoupled",
      "weight_decay_treatment": "decay"
    },
    {
      "group": "eligible_matrix",
      "name": "transformer.h.9.attn.c_attn.weight",
      "optimizer": "static_per_matrix_sgdm",
      "parameter_count": 1769472,
      "shape": [
        2304,
        768
      ],
      "weight_decay": 0.1,
      "weight_decay_semantics": "decoupled",
      "weight_decay_treatment": "decay"
    },
    {
      "group": "eligible_matrix",
      "name": "transformer.h.9.attn.c_proj.weight",
      "optimizer": "static_per_matrix_sgdm",
      "parameter_count": 589824,
      "shape": [
        768,
        768
      ],
      "weight_decay": 0.1,
      "weight_decay_semantics": "decoupled",
      "weight_decay_treatment": "decay"
    },
    {
      "group": "auxiliary",
      "name": "transformer.h.9.ln_1.weight",
      "optimizer": "adamw",
      "parameter_count": 768,
      "shape": [
        768
      ],
      "weight_decay": 0.0,
      "weight_decay_semantics": "adamw_decoupled",
      "weight_decay_treatment": "no_decay"
    },
    {
      "group": "auxiliary",
      "name": "transformer.h.9.ln_2.weight",
      "optimizer": "adamw",
      "parameter_count": 768,
      "shape": [
        768
      ],
      "weight_decay": 0.0,
      "weight_decay_semantics": "adamw_decoupled",
      "weight_decay_treatment": "no_decay"
    },
    {
      "group": "eligible_matrix",
      "name": "transformer.h.9.mlp.c_fc.weight",
      "optimizer": "static_per_matrix_sgdm",
      "parameter_count": 2359296,
      "shape": [
        3072,
        768
      ],
      "weight_decay": 0.1,
      "weight_decay_semantics": "decoupled",
      "weight_decay_treatment": "decay"
    },
    {
      "group": "eligible_matrix",
      "name": "transformer.h.9.mlp.c_proj.weight",
      "optimizer": "static_per_matrix_sgdm",
      "parameter_count": 2359296,
      "shape": [
        768,
        3072
      ],
      "weight_decay": 0.1,
      "weight_decay_semantics": "decoupled",
      "weight_decay_treatment": "decay"
    },
    {
      "group": "auxiliary",
      "name": "transformer.ln_f.weight",
      "optimizer": "adamw",
      "parameter_count": 768,
      "shape": [
        768
      ],
      "weight_decay": 0.0,
      "weight_decay_semantics": "adamw_decoupled",
      "weight_decay_treatment": "no_decay"
    },
    {
      "group": "auxiliary",
      "name": "transformer.wpe.weight",
      "optimizer": "adamw",
      "parameter_count": 786432,
      "shape": [
        1024,
        768
      ],
      "weight_decay": 0.1,
      "weight_decay_semantics": "adamw_decoupled",
      "weight_decay_treatment": "decay"
    },
    {
      "group": "auxiliary",
      "name": "transformer.wte.weight",
      "optimizer": "adamw",
      "parameter_count": 38633472,
      "shape": [
        50304,
        768
      ],
      "weight_decay": 0.1,
      "weight_decay_semantics": "adamw_decoupled",
      "weight_decay_treatment": "decay"
    }
  ],
  "tied_parameters": {
    "aliases": [
      "transformer.wte.weight",
      "lm_head.weight"
    ],
    "assignment": "auxiliary",
    "canonical_name": "transformer.wte.weight",
    "counted_once": true,
    "optimizer": "adamw"
  },
  "totals": {
    "parameter_count": 124373760,
    "parameter_tensors": 75
  }
}
compiling the model... (takes a ~minute)
compiling the model... (takes a ~minute)
step 0: train loss 10.9886, val loss 10.9897
iter 0: loss 10.9734, time 16256.98ms, mfu -100.00%, matrix lr 0.00990099, auxiliary lr 5.94059e-06
iter 10: loss 10.3617, time 909.74ms, mfu 74.01%, matrix lr 0.108911, auxiliary lr 6.53465e-05
iter 20: loss 9.2338, time 909.96ms, mfu 74.01%, matrix lr 0.207921, auxiliary lr 0.000124752
iter 30: loss 8.1108, time 909.69ms, mfu 74.01%, matrix lr 0.306931, auxiliary lr 0.000184158
iter 40: loss 7.8727, time 909.83ms, mfu 74.01%, matrix lr 0.405941, auxiliary lr 0.000243564
iter 50: loss 7.5633, time 910.44ms, mfu 74.00%, matrix lr 0.50495, auxiliary lr 0.00030297
iter 60: loss 7.4695, time 911.03ms, mfu 73.99%, matrix lr 0.60396, auxiliary lr 0.000362376
iter 70: loss 7.4192, time 911.50ms, mfu 73.98%, matrix lr 0.70297, auxiliary lr 0.000421782
iter 80: loss 7.3523, time 912.31ms, mfu 73.96%, matrix lr 0.80198, auxiliary lr 0.000481188
iter 90: loss 7.4735, time 913.74ms, mfu 73.93%, matrix lr 0.90099, auxiliary lr 0.000540594
iter 100: loss 7.2401, time 912.83ms, mfu 73.92%, matrix lr 1, auxiliary lr 0.0006
iter 110: loss 6.9202, time 913.58ms, mfu 73.90%, matrix lr 0.999725, auxiliary lr 0.000599835
iter 120: loss 6.9315, time 913.83ms, mfu 73.87%, matrix lr 0.998901, auxiliary lr 0.000599341
iter 130: loss 6.8054, time 914.64ms, mfu 73.85%, matrix lr 0.997529, auxiliary lr 0.000598518
iter 140: loss 6.8158, time 914.73ms, mfu 73.82%, matrix lr 0.995611, auxiliary lr 0.000597367
iter 150: loss 6.5887, time 914.29ms, mfu 73.81%, matrix lr 0.993148, auxiliary lr 0.000595889
iter 160: loss 6.6194, time 914.23ms, mfu 73.79%, matrix lr 0.990145, auxiliary lr 0.000594087
iter 170: loss 6.4265, time 914.20ms, mfu 73.78%, matrix lr 0.986603, auxiliary lr 0.000591962
iter 180: loss 6.3467, time 913.79ms, mfu 73.77%, matrix lr 0.982529, auxiliary lr 0.000589518
iter 190: loss 6.3602, time 913.86ms, mfu 73.76%, matrix lr 0.977927, auxiliary lr 0.000586756
iter 200: loss 6.2669, time 913.53ms, mfu 73.75%, matrix lr 0.972802, auxiliary lr 0.000583681
iter 210: loss 6.1744, time 914.38ms, mfu 73.74%, matrix lr 0.967161, auxiliary lr 0.000580296
iter 220: loss 6.2664, time 914.27ms, mfu 73.73%, matrix lr 0.96101, auxiliary lr 0.000576606
iter 230: loss 6.0961, time 913.22ms, mfu 73.73%, matrix lr 0.954358, auxiliary lr 0.000572615
iter 240: loss 6.1791, time 912.92ms, mfu 73.73%, matrix lr 0.947212, auxiliary lr 0.000568327
iter 250: loss 6.0374, time 914.34ms, mfu 73.72%, matrix lr 0.93958, auxiliary lr 0.000563748
iter 260: loss 6.0802, time 913.44ms, mfu 73.72%, matrix lr 0.931473, auxiliary lr 0.000558884
iter 270: loss 6.0828, time 914.02ms, mfu 73.72%, matrix lr 0.922901, auxiliary lr 0.00055374
iter 280: loss 6.3414, time 913.86ms, mfu 73.71%, matrix lr 0.913873, auxiliary lr 0.000548324
iter 290: loss 6.1978, time 913.84ms, mfu 73.71%, matrix lr 0.9044, auxiliary lr 0.00054264
iter 300: loss 6.0280, time 913.60ms, mfu 73.71%, matrix lr 0.894495, auxiliary lr 0.000536697
iter 310: loss 6.0623, time 914.10ms, mfu 73.70%, matrix lr 0.88417, auxiliary lr 0.000530502
iter 320: loss 6.0994, time 913.79ms, mfu 73.70%, matrix lr 0.873436, auxiliary lr 0.000524061
iter 330: loss 6.1751, time 913.83ms, mfu 73.70%, matrix lr 0.862307, auxiliary lr 0.000517384
step 333: train loss 6.0411, val loss 6.0482
saving checkpoint to /shared/home/bilal.ashfaq/nanogpt-study-runs/task-2.5/static_per_matrix_sgdm_gpt2-124m_lr1_mom0.99_wd0.1_seed1337_scalestatic-658ea6e7df4d
iter 340: loss 5.8085, time 913.85ms, mfu 73.70%, matrix lr 0.850797, auxiliary lr 0.000510478
iter 350: loss 5.9101, time 913.46ms, mfu 73.70%, matrix lr 0.83892, auxiliary lr 0.000503352
iter 360: loss 6.0780, time 913.96ms, mfu 73.69%, matrix lr 0.82669, auxiliary lr 0.000496014
iter 370: loss 5.9616, time 913.11ms, mfu 73.70%, matrix lr 0.814122, auxiliary lr 0.000488473
iter 380: loss 6.0989, time 914.24ms, mfu 73.69%, matrix lr 0.801231, auxiliary lr 0.000480739
iter 390: loss 6.0221, time 913.38ms, mfu 73.70%, matrix lr 0.788034, auxiliary lr 0.00047282
iter 400: loss 6.0195, time 913.61ms, mfu 73.70%, matrix lr 0.774546, auxiliary lr 0.000464728
iter 410: loss 5.8695, time 914.17ms, mfu 73.69%, matrix lr 0.760784, auxiliary lr 0.00045647
iter 420: loss 5.8552, time 913.53ms, mfu 73.69%, matrix lr 0.746764, auxiliary lr 0.000448059
iter 430: loss 6.0090, time 914.17ms, mfu 73.69%, matrix lr 0.732505, auxiliary lr 0.000439503
iter 440: loss 6.0520, time 912.99ms, mfu 73.69%, matrix lr 0.718022, auxiliary lr 0.000430813
iter 450: loss 6.0831, time 914.47ms, mfu 73.69%, matrix lr 0.703334, auxiliary lr 0.000422001
iter 460: loss 5.9433, time 914.17ms, mfu 73.68%, matrix lr 0.688459, auxiliary lr 0.000413076
iter 470: loss 6.0030, time 913.78ms, mfu 73.68%, matrix lr 0.673415, auxiliary lr 0.000404049
iter 480: loss 5.8012, time 914.37ms, mfu 73.68%, matrix lr 0.65822, auxiliary lr 0.000394932
iter 490: loss 5.9683, time 913.00ms, mfu 73.69%, matrix lr 0.642894, auxiliary lr 0.000385736
iter 500: loss 6.0121, time 912.84ms, mfu 73.69%, matrix lr 0.627453, auxiliary lr 0.000376472
iter 510: loss 5.7101, time 914.14ms, mfu 73.69%, matrix lr 0.611918, auxiliary lr 0.000367151
iter 520: loss 6.0626, time 913.48ms, mfu 73.69%, matrix lr 0.596308, auxiliary lr 0.000357785
iter 530: loss 5.8719, time 914.28ms, mfu 73.69%, matrix lr 0.580641, auxiliary lr 0.000348385
iter 540: loss 5.9570, time 914.27ms, mfu 73.68%, matrix lr 0.564936, auxiliary lr 0.000338962
iter 550: loss 6.1380, time 914.31ms, mfu 73.68%, matrix lr 0.549214, auxiliary lr 0.000329528
iter 560: loss 5.9621, time 914.25ms, mfu 73.67%, matrix lr 0.533492, auxiliary lr 0.000320095
iter 570: loss 5.8124, time 914.32ms, mfu 73.67%, matrix lr 0.51779, auxiliary lr 0.000310674
iter 580: loss 5.8424, time 914.41ms, mfu 73.67%, matrix lr 0.502128, auxiliary lr 0.000301277
iter 590: loss 5.9922, time 914.42ms, mfu 73.66%, matrix lr 0.486524, auxiliary lr 0.000291915
iter 600: loss 6.0127, time 913.35ms, mfu 73.67%, matrix lr 0.470998, auxiliary lr 0.000282599
iter 610: loss 6.1156, time 914.15ms, mfu 73.67%, matrix lr 0.455568, auxiliary lr 0.000273341
iter 620: loss 6.1194, time 914.39ms, mfu 73.66%, matrix lr 0.440254, auxiliary lr 0.000264152
iter 630: loss 5.8385, time 914.52ms, mfu 73.66%, matrix lr 0.425073, auxiliary lr 0.000255044
iter 640: loss 5.7929, time 914.11ms, mfu 73.66%, matrix lr 0.410045, auxiliary lr 0.000246027
iter 650: loss 5.8245, time 914.34ms, mfu 73.66%, matrix lr 0.395188, auxiliary lr 0.000237113
iter 660: loss 5.8559, time 914.26ms, mfu 73.66%, matrix lr 0.38052, auxiliary lr 0.000228312
step 666: train loss 5.8950, val loss 5.9119
saving checkpoint to /shared/home/bilal.ashfaq/nanogpt-study-runs/task-2.5/static_per_matrix_sgdm_gpt2-124m_lr1_mom0.99_wd0.1_seed1337_scalestatic-658ea6e7df4d
iter 670: loss 5.8712, time 913.01ms, mfu 73.66%, matrix lr 0.366059, auxiliary lr 0.000219635
iter 680: loss 5.8940, time 913.61ms, mfu 73.67%, matrix lr 0.351823, auxiliary lr 0.000211094
iter 690: loss 5.6471, time 912.66ms, mfu 73.68%, matrix lr 0.337828, auxiliary lr 0.000202697
iter 700: loss 5.7257, time 913.40ms, mfu 73.68%, matrix lr 0.324093, auxiliary lr 0.000194456
iter 710: loss 6.0243, time 914.11ms, mfu 73.68%, matrix lr 0.310633, auxiliary lr 0.00018638
iter 720: loss 5.7867, time 913.11ms, mfu 73.68%, matrix lr 0.297466, auxiliary lr 0.000178479
iter 730: loss 5.8601, time 914.15ms, mfu 73.68%, matrix lr 0.284607, auxiliary lr 0.000170764
iter 740: loss 6.0171, time 913.09ms, mfu 73.69%, matrix lr 0.272072, auxiliary lr 0.000163243
iter 750: loss 5.8126, time 914.11ms, mfu 73.68%, matrix lr 0.259876, auxiliary lr 0.000155926
iter 760: loss 5.8101, time 913.54ms, mfu 73.69%, matrix lr 0.248035, auxiliary lr 0.000148821
iter 770: loss 5.9423, time 914.34ms, mfu 73.68%, matrix lr 0.236563, auxiliary lr 0.000141938
iter 780: loss 5.9070, time 914.40ms, mfu 73.68%, matrix lr 0.225473, auxiliary lr 0.000135284
iter 790: loss 5.7638, time 914.08ms, mfu 73.67%, matrix lr 0.214779, auxiliary lr 0.000128868
iter 800: loss 5.8626, time 914.31ms, mfu 73.67%, matrix lr 0.204495, auxiliary lr 0.000122697
iter 810: loss 5.9244, time 914.43ms, mfu 73.67%, matrix lr 0.194633, auxiliary lr 0.00011678
iter 820: loss 5.9757, time 913.12ms, mfu 73.67%, matrix lr 0.185204, auxiliary lr 0.000111123
iter 830: loss 5.9308, time 913.94ms, mfu 73.67%, matrix lr 0.176221, auxiliary lr 0.000105733
iter 840: loss 5.8949, time 914.02ms, mfu 73.67%, matrix lr 0.167695, auxiliary lr 0.000100617
iter 850: loss 5.7775, time 912.74ms, mfu 73.68%, matrix lr 0.159635, auxiliary lr 9.5781e-05
iter 860: loss 5.7837, time 914.48ms, mfu 73.68%, matrix lr 0.152052, auxiliary lr 9.12311e-05
iter 870: loss 5.7330, time 914.41ms, mfu 73.67%, matrix lr 0.144955, auxiliary lr 8.69728e-05
iter 880: loss 5.9597, time 914.09ms, mfu 73.67%, matrix lr 0.138352, auxiliary lr 8.30113e-05
iter 890: loss 6.1437, time 914.19ms, mfu 73.67%, matrix lr 0.132252, auxiliary lr 7.93513e-05
iter 900: loss 5.8641, time 914.68ms, mfu 73.66%, matrix lr 0.126662, auxiliary lr 7.59974e-05
iter 910: loss 5.7402, time 914.23ms, mfu 73.66%, matrix lr 0.121589, auxiliary lr 7.29536e-05
iter 920: loss 5.9412, time 914.35ms, mfu 73.66%, matrix lr 0.11704, auxiliary lr 7.02237e-05
iter 930: loss 5.8390, time 912.89ms, mfu 73.67%, matrix lr 0.113018, auxiliary lr 6.7811e-05
iter 940: loss 5.9857, time 913.32ms, mfu 73.67%, matrix lr 0.109531, auxiliary lr 6.57185e-05
iter 950: loss 6.0472, time 913.43ms, mfu 73.68%, matrix lr 0.106581, auxiliary lr 6.39486e-05
iter 960: loss 5.9746, time 913.69ms, mfu 73.68%, matrix lr 0.104173, auxiliary lr 6.25036e-05
iter 970: loss 5.7008, time 913.96ms, mfu 73.68%, matrix lr 0.102309, auxiliary lr 6.13853e-05
iter 980: loss 5.9078, time 914.26ms, mfu 73.67%, matrix lr 0.100992, auxiliary lr 6.05949e-05
iter 990: loss 5.7581, time 912.90ms, mfu 73.68%, matrix lr 0.100223, auxiliary lr 6.01335e-05
step 999: train loss 5.8438, val loss 5.8447
saving checkpoint to /shared/home/bilal.ashfaq/nanogpt-study-runs/task-2.5/static_per_matrix_sgdm_gpt2-124m_lr1_mom0.99_wd0.1_seed1337_scalestatic-658ea6e7df4d
Launching: torchrun --standalone --nproc_per_node=2 train.py config/task_2_4_static.py --out_dir=/shared/home/bilal.ashfaq/nanogpt-study-runs/task-2.5/static_per_matrix_sgdm_gpt2-124m_lr1_mom0.99_wd0.1_seed1337_scalestatic-2633929b6baf --optimizer_name=static_per_matrix_sgdm --seed=1337 --max_iters=999 --init_from=scratch --matrix_learning_rate=1.0 --matrix_momentum=0.99 --static_default_multiplier=1.0 --static_exact_parameter_multipliers={} --static_matrix_type_multipliers={'attention_output': 0.5, 'attention_qkv': 0.5, 'mlp_input': 2.0, 'mlp_output': 2.0}
Overriding config with config/task_2_4_static.py:
# Task 2.4 reuses every common Task 1.6 control. Candidate-specific static
# settings are supplied only by the materialized, reviewed manifest.
with open('config/task_1_6_baseline.py', encoding='utf-8') as base_config_file:
    exec(base_config_file.read())

optimizer_name = 'static_per_matrix_sgdm'
static_default_multiplier = 1.0
static_matrix_type_multipliers = {}
static_exact_parameter_multipliers = {}

Overriding: out_dir = /shared/home/bilal.ashfaq/nanogpt-study-runs/task-2.5/static_per_matrix_sgdm_gpt2-124m_lr1_mom0.99_wd0.1_seed1337_scalestatic-2633929b6baf
Overriding: optimizer_name = static_per_matrix_sgdm
Overriding: seed = 1337
Overriding: max_iters = 999
Overriding: init_from = scratch
Overriding: matrix_learning_rate = 1.0
Overriding: matrix_momentum = 0.99
Overriding: static_default_multiplier = 1.0
Overriding: static_exact_parameter_multipliers = {}
Overriding: static_matrix_type_multipliers = {'attention_output': 0.5, 'attention_qkv': 0.5, 'mlp_input': 2.0, 'mlp_output': 2.0}
Overriding config with config/task_2_4_static.py:
# Task 2.4 reuses every common Task 1.6 control. Candidate-specific static
# settings are supplied only by the materialized, reviewed manifest.
with open('config/task_1_6_baseline.py', encoding='utf-8') as base_config_file:
    exec(base_config_file.read())

optimizer_name = 'static_per_matrix_sgdm'
static_default_multiplier = 1.0
static_matrix_type_multipliers = {}
static_exact_parameter_multipliers = {}

Overriding: out_dir = /shared/home/bilal.ashfaq/nanogpt-study-runs/task-2.5/static_per_matrix_sgdm_gpt2-124m_lr1_mom0.99_wd0.1_seed1337_scalestatic-2633929b6baf
Overriding: optimizer_name = static_per_matrix_sgdm
Overriding: seed = 1337
Overriding: max_iters = 999
Overriding: init_from = scratch
Overriding: matrix_learning_rate = 1.0
Overriding: matrix_momentum = 0.99
Overriding: static_default_multiplier = 1.0
Overriding: static_exact_parameter_multipliers = {}
Overriding: static_matrix_type_multipliers = {'attention_output': 0.5, 'attention_qkv': 0.5, 'mlp_input': 2.0, 'mlp_output': 2.0}
tokens per iteration will be: 491,520
Initializing a new model from scratch
defaulting to vocab_size of GPT-2 to 50304 (50257 rounded up for efficiency)
tokens per iteration will be: 491,520
Initializing a new model from scratch
defaulting to vocab_size of GPT-2 to 50304 (50257 rounded up for efficiency)
number of parameters: 123.59M
number of parameters: 123.59M
using fused auxiliary AdamW: True
using fused auxiliary AdamW: True
optimizer parameter audit:
{
  "parameters": [
    {
      "group": "eligible_matrix",
      "name": "transformer.h.0.attn.c_attn.weight",
      "optimizer": "static_per_matrix_sgdm",
      "parameter_count": 1769472,
      "shape": [
        2304,
        768
      ],
      "weight_decay": 0.1,
      "weight_decay_semantics": "decoupled",
      "weight_decay_treatment": "decay"
    },
    {
      "group": "eligible_matrix",
      "name": "transformer.h.0.attn.c_proj.weight",
      "optimizer": "static_per_matrix_sgdm",
      "parameter_count": 589824,
      "shape": [
        768,
        768
      ],
      "weight_decay": 0.1,
      "weight_decay_semantics": "decoupled",
      "weight_decay_treatment": "decay"
    },
    {
      "group": "auxiliary",
      "name": "transformer.h.0.ln_1.weight",
      "optimizer": "adamw",
      "parameter_count": 768,
      "shape": [
        768
      ],
      "weight_decay": 0.0,
      "weight_decay_semantics": "adamw_decoupled",
      "weight_decay_treatment": "no_decay"
    },
    {
      "group": "auxiliary",
      "name": "transformer.h.0.ln_2.weight",
      "optimizer": "adamw",
      "parameter_count": 768,
      "shape": [
        768
      ],
      "weight_decay": 0.0,
      "weight_decay_semantics": "adamw_decoupled",
      "weight_decay_treatment": "no_decay"
    },
    {
      "group": "eligible_matrix",
      "name": "transformer.h.0.mlp.c_fc.weight",
      "optimizer": "static_per_matrix_sgdm",
      "parameter_count": 2359296,
      "shape": [
        3072,
        768
      ],
      "weight_decay": 0.1,
      "weight_decay_semantics": "decoupled",
      "weight_decay_treatment": "decay"
    },
    {
      "group": "eligible_matrix",
      "name": "transformer.h.0.mlp.c_proj.weight",
      "optimizer": "static_per_matrix_sgdm",
      "parameter_count": 2359296,
      "shape": [
        768,
        3072
      ],
      "weight_decay": 0.1,
      "weight_decay_semantics": "decoupled",
      "weight_decay_treatment": "decay"
    },
    {
      "group": "eligible_matrix",
      "name": "transformer.h.1.attn.c_attn.weight",
      "optimizer": "static_per_matrix_sgdm",
      "parameter_count": 1769472,
      "shape": [
        2304,
        768
      ],
      "weight_decay": 0.1,
      "weight_decay_semantics": "decoupled",
      "weight_decay_treatment": "decay"
    },
    {
      "group": "eligible_matrix",
      "name": "transformer.h.1.attn.c_proj.weight",
      "optimizer": "static_per_matrix_sgdm",
      "parameter_count": 589824,
      "shape": [
        768,
        768
      ],
      "weight_decay": 0.1,
      "weight_decay_semantics": "decoupled",
      "weight_decay_treatment": "decay"
    },
    {
      "group": "auxiliary",
      "name": "transformer.h.1.ln_1.weight",
      "optimizer": "adamw",
      "parameter_count": 768,
      "shape": [
        768
      ],
      "weight_decay": 0.0,
      "weight_decay_semantics": "adamw_decoupled",
      "weight_decay_treatment": "no_decay"
    },
    {
      "group": "auxiliary",
      "name": "transformer.h.1.ln_2.weight",
      "optimizer": "adamw",
      "parameter_count": 768,
      "shape": [
        768
      ],
      "weight_decay": 0.0,
      "weight_decay_semantics": "adamw_decoupled",
      "weight_decay_treatment": "no_decay"
    },
    {
      "group": "eligible_matrix",
      "name": "transformer.h.1.mlp.c_fc.weight",
      "optimizer": "static_per_matrix_sgdm",
      "parameter_count": 2359296,
      "shape": [
        3072,
        768
      ],
      "weight_decay": 0.1,
      "weight_decay_semantics": "decoupled",
      "weight_decay_treatment": "decay"
    },
    {
      "group": "eligible_matrix",
      "name": "transformer.h.1.mlp.c_proj.weight",
      "optimizer": "static_per_matrix_sgdm",
      "parameter_count": 2359296,
      "shape": [
        768,
        3072
      ],
      "weight_decay": 0.1,
      "weight_decay_semantics": "decoupled",
      "weight_decay_treatment": "decay"
    },
    {
      "group": "eligible_matrix",
      "name": "transformer.h.10.attn.c_attn.weight",
      "optimizer": "static_per_matrix_sgdm",
      "parameter_count": 1769472,
      "shape": [
        2304,
        768
      ],
      "weight_decay": 0.1,
      "weight_decay_semantics": "decoupled",
      "weight_decay_treatment": "decay"
    },
    {
      "group": "eligible_matrix",
      "name": "transformer.h.10.attn.c_proj.weight",
      "optimizer": "static_per_matrix_sgdm",
      "parameter_count": 589824,
      "shape": [
        768,
        768
      ],
      "weight_decay": 0.1,
      "weight_decay_semantics": "decoupled",
      "weight_decay_treatment": "decay"
    },
    {
      "group": "auxiliary",
      "name": "transformer.h.10.ln_1.weight",
      "optimizer": "adamw",
      "parameter_count": 768,
      "shape": [
        768
      ],
      "weight_decay": 0.0,
      "weight_decay_semantics": "adamw_decoupled",
      "weight_decay_treatment": "no_decay"
    },
    {
      "group": "auxiliary",
      "name": "transformer.h.10.ln_2.weight",
      "optimizer": "adamw",
      "parameter_count": 768,
      "shape": [
        768
      ],
      "weight_decay": 0.0,
      "weight_decay_semantics": "adamw_decoupled",
      "weight_decay_treatment": "no_decay"
    },
    {
      "group": "eligible_matrix",
      "name": "transformer.h.10.mlp.c_fc.weight",
      "optimizer": "static_per_matrix_sgdm",
      "parameter_count": 2359296,
      "shape": [
        3072,
        768
      ],
      "weight_decay": 0.1,
      "weight_decay_semantics": "decoupled",
      "weight_decay_treatment": "decay"
    },
    {
      "group": "eligible_matrix",
      "name": "transformer.h.10.mlp.c_proj.weight",
      "optimizer": "static_per_matrix_sgdm",
      "parameter_count": 2359296,
      "shape": [
        768,
        3072
      ],
      "weight_decay": 0.1,
      "weight_decay_semantics": "decoupled",
      "weight_decay_treatment": "decay"
    },
    {
      "group": "eligible_matrix",
      "name": "transformer.h.11.attn.c_attn.weight",
      "optimizer": "static_per_matrix_sgdm",
      "parameter_count": 1769472,
      "shape": [
        2304,
        768
      ],
      "weight_decay": 0.1,
      "weight_decay_semantics": "decoupled",
      "weight_decay_treatment": "decay"
    },
    {
      "group": "eligible_matrix",
      "name": "transformer.h.11.attn.c_proj.weight",
      "optimizer": "static_per_matrix_sgdm",
      "parameter_count": 589824,
      "shape": [
        768,
        768
      ],
      "weight_decay": 0.1,
      "weight_decay_semantics": "decoupled",
      "weight_decay_treatment": "decay"
    },
    {
      "group": "auxiliary",
      "name": "transformer.h.11.ln_1.weight",
      "optimizer": "adamw",
      "parameter_count": 768,
      "shape": [
        768
      ],
      "weight_decay": 0.0,
      "weight_decay_semantics": "adamw_decoupled",
      "weight_decay_treatment": "no_decay"
    },
    {
      "group": "auxiliary",
      "name": "transformer.h.11.ln_2.weight",
      "optimizer": "adamw",
      "parameter_count": 768,
      "shape": [
        768
      ],
      "weight_decay": 0.0,
      "weight_decay_semantics": "adamw_decoupled",
      "weight_decay_treatment": "no_decay"
    },
    {
      "group": "eligible_matrix",
      "name": "transformer.h.11.mlp.c_fc.weight",
      "optimizer": "static_per_matrix_sgdm",
      "parameter_count": 2359296,
      "shape": [
        3072,
        768
      ],
      "weight_decay": 0.1,
      "weight_decay_semantics": "decoupled",
      "weight_decay_treatment": "decay"
    },
    {
      "group": "eligible_matrix",
      "name": "transformer.h.11.mlp.c_proj.weight",
      "optimizer": "static_per_matrix_sgdm",
      "parameter_count": 2359296,
      "shape": [
        768,
        3072
      ],
      "weight_decay": 0.1,
      "weight_decay_semantics": "decoupled",
      "weight_decay_treatment": "decay"
    },
    {
      "group": "eligible_matrix",
      "name": "transformer.h.2.attn.c_attn.weight",
      "optimizer": "static_per_matrix_sgdm",
      "parameter_count": 1769472,
      "shape": [
        2304,
        768
      ],
      "weight_decay": 0.1,
      "weight_decay_semantics": "decoupled",
      "weight_decay_treatment": "decay"
    },
    {
      "group": "eligible_matrix",
      "name": "transformer.h.2.attn.c_proj.weight",
      "optimizer": "static_per_matrix_sgdm",
      "parameter_count": 589824,
      "shape": [
        768,
        768
      ],
      "weight_decay": 0.1,
      "weight_decay_semantics": "decoupled",
      "weight_decay_treatment": "decay"
    },
    {
      "group": "auxiliary",
      "name": "transformer.h.2.ln_1.weight",
      "optimizer": "adamw",
      "parameter_count": 768,
      "shape": [
        768
      ],
      "weight_decay": 0.0,
      "weight_decay_semantics": "adamw_decoupled",
      "weight_decay_treatment": "no_decay"
    },
    {
      "group": "auxiliary",
      "name": "transformer.h.2.ln_2.weight",
      "optimizer": "adamw",
      "parameter_count": 768,
      "shape": [
        768
      ],
      "weight_decay": 0.0,
      "weight_decay_semantics": "adamw_decoupled",
      "weight_decay_treatment": "no_decay"
    },
    {
      "group": "eligible_matrix",
      "name": "transformer.h.2.mlp.c_fc.weight",
      "optimizer": "static_per_matrix_sgdm",
      "parameter_count": 2359296,
      "shape": [
        3072,
        768
      ],
      "weight_decay": 0.1,
      "weight_decay_semantics": "decoupled",
      "weight_decay_treatment": "decay"
    },
    {
      "group": "eligible_matrix",
      "name": "transformer.h.2.mlp.c_proj.weight",
      "optimizer": "static_per_matrix_sgdm",
      "parameter_count": 2359296,
      "shape": [
        768,
        3072
      ],
      "weight_decay": 0.1,
      "weight_decay_semantics": "decoupled",
      "weight_decay_treatment": "decay"
    },
    {
      "group": "eligible_matrix",
      "name": "transformer.h.3.attn.c_attn.weight",
      "optimizer": "static_per_matrix_sgdm",
      "parameter_count": 1769472,
      "shape": [
        2304,
        768
      ],
      "weight_decay": 0.1,
      "weight_decay_semantics": "decoupled",
      "weight_decay_treatment": "decay"
    },
    {
      "group": "eligible_matrix",
      "name": "transformer.h.3.attn.c_proj.weight",
      "optimizer": "static_per_matrix_sgdm",
      "parameter_count": 589824,
      "shape": [
        768,
        768
      ],
      "weight_decay": 0.1,
      "weight_decay_semantics": "decoupled",
      "weight_decay_treatment": "decay"
    },
    {
      "group": "auxiliary",
      "name": "transformer.h.3.ln_1.weight",
      "optimizer": "adamw",
      "parameter_count": 768,
      "shape": [
        768
      ],
      "weight_decay": 0.0,
      "weight_decay_semantics": "adamw_decoupled",
      "weight_decay_treatment": "no_decay"
    },
    {
      "group": "auxiliary",
      "name": "transformer.h.3.ln_2.weight",
      "optimizer": "adamw",
      "parameter_count": 768,
      "shape": [
        768
      ],
      "weight_decay": 0.0,
      "weight_decay_semantics": "adamw_decoupled",
      "weight_decay_treatment": "no_decay"
    },
    {
      "group": "eligible_matrix",
      "name": "transformer.h.3.mlp.c_fc.weight",
      "optimizer": "static_per_matrix_sgdm",
      "parameter_count": 2359296,
      "shape": [
        3072,
        768
      ],
      "weight_decay": 0.1,
      "weight_decay_semantics": "decoupled",
      "weight_decay_treatment": "decay"
    },
    {
      "group": "eligible_matrix",
      "name": "transformer.h.3.mlp.c_proj.weight",
      "optimizer": "static_per_matrix_sgdm",
      "parameter_count": 2359296,
      "shape": [
        768,
        3072
      ],
      "weight_decay": 0.1,
      "weight_decay_semantics": "decoupled",
      "weight_decay_treatment": "decay"
    },
    {
      "group": "eligible_matrix",
      "name": "transformer.h.4.attn.c_attn.weight",
      "optimizer": "static_per_matrix_sgdm",
      "parameter_count": 1769472,
      "shape": [
        2304,
        768
      ],
      "weight_decay": 0.1,
      "weight_decay_semantics": "decoupled",
      "weight_decay_treatment": "decay"
    },
    {
      "group": "eligible_matrix",
      "name": "transformer.h.4.attn.c_proj.weight",
      "optimizer": "static_per_matrix_sgdm",
      "parameter_count": 589824,
      "shape": [
        768,
        768
      ],
      "weight_decay": 0.1,
      "weight_decay_semantics": "decoupled",
      "weight_decay_treatment": "decay"
    },
    {
      "group": "auxiliary",
      "name": "transformer.h.4.ln_1.weight",
      "optimizer": "adamw",
      "parameter_count": 768,
      "shape": [
        768
      ],
      "weight_decay": 0.0,
      "weight_decay_semantics": "adamw_decoupled",
      "weight_decay_treatment": "no_decay"
    },
    {
      "group": "auxiliary",
      "name": "transformer.h.4.ln_2.weight",
      "optimizer": "adamw",
      "parameter_count": 768,
      "shape": [
        768
      ],
      "weight_decay": 0.0,
      "weight_decay_semantics": "adamw_decoupled",
      "weight_decay_treatment": "no_decay"
    },
    {
      "group": "eligible_matrix",
      "name": "transformer.h.4.mlp.c_fc.weight",
      "optimizer": "static_per_matrix_sgdm",
      "parameter_count": 2359296,
      "shape": [
        3072,
        768
      ],
      "weight_decay": 0.1,
      "weight_decay_semantics": "decoupled",
      "weight_decay_treatment": "decay"
    },
    {
      "group": "eligible_matrix",
      "name": "transformer.h.4.mlp.c_proj.weight",
      "optimizer": "static_per_matrix_sgdm",
      "parameter_count": 2359296,
      "shape": [
        768,
        3072
      ],
      "weight_decay": 0.1,
      "weight_decay_semantics": "decoupled",
      "weight_decay_treatment": "decay"
    },
    {
      "group": "eligible_matrix",
      "name": "transformer.h.5.attn.c_attn.weight",
      "optimizer": "static_per_matrix_sgdm",
      "parameter_count": 1769472,
      "shape": [
        2304,
        768
      ],
      "weight_decay": 0.1,
      "weight_decay_semantics": "decoupled",
      "weight_decay_treatment": "decay"
    },
    {
      "group": "eligible_matrix",
      "name": "transformer.h.5.attn.c_proj.weight",
      "optimizer": "static_per_matrix_sgdm",
      "parameter_count": 589824,
      "shape": [
        768,
        768
      ],
      "weight_decay": 0.1,
      "weight_decay_semantics": "decoupled",
      "weight_decay_treatment": "decay"
    },
    {
      "group": "auxiliary",
      "name": "transformer.h.5.ln_1.weight",
      "optimizer": "adamw",
      "parameter_count": 768,
      "shape": [
        768
      ],
      "weight_decay": 0.0,
      "weight_decay_semantics": "adamw_decoupled",
      "weight_decay_treatment": "no_decay"
    },
    {
      "group": "auxiliary",
      "name": "transformer.h.5.ln_2.weight",
      "optimizer": "adamw",
      "parameter_count": 768,
      "shape": [
        768
      ],
      "weight_decay": 0.0,
      "weight_decay_semantics": "adamw_decoupled",
      "weight_decay_treatment": "no_decay"
    },
    {
      "group": "eligible_matrix",
      "name": "transformer.h.5.mlp.c_fc.weight",
      "optimizer": "static_per_matrix_sgdm",
      "parameter_count": 2359296,
      "shape": [
        3072,
        768
      ],
      "weight_decay": 0.1,
      "weight_decay_semantics": "decoupled",
      "weight_decay_treatment": "decay"
    },
    {
      "group": "eligible_matrix",
      "name": "transformer.h.5.mlp.c_proj.weight",
      "optimizer": "static_per_matrix_sgdm",
      "parameter_count": 2359296,
      "shape": [
        768,
        3072
      ],
      "weight_decay": 0.1,
      "weight_decay_semantics": "decoupled",
      "weight_decay_treatment": "decay"
    },
    {
      "group": "eligible_matrix",
      "name": "transformer.h.6.attn.c_attn.weight",
      "optimizer": "static_per_matrix_sgdm",
      "parameter_count": 1769472,
      "shape": [
        2304,
        768
      ],
      "weight_decay": 0.1,
      "weight_decay_semantics": "decoupled",
      "weight_decay_treatment": "decay"
    },
    {
      "group": "eligible_matrix",
      "name": "transformer.h.6.attn.c_proj.weight",
      "optimizer": "static_per_matrix_sgdm",
      "parameter_count": 589824,
      "shape": [
        768,
        768
      ],
      "weight_decay": 0.1,
      "weight_decay_semantics": "decoupled",
      "weight_decay_treatment": "decay"
    },
    {
      "group": "auxiliary",
      "name": "transformer.h.6.ln_1.weight",
      "optimizer": "adamw",
      "parameter_count": 768,
      "shape": [
        768
      ],
      "weight_decay": 0.0,
      "weight_decay_semantics": "adamw_decoupled",
      "weight_decay_treatment": "no_decay"
    },
    {
      "group": "auxiliary",
      "name": "transformer.h.6.ln_2.weight",
      "optimizer": "adamw",
      "parameter_count": 768,
      "shape": [
        768
      ],
      "weight_decay": 0.0,
      "weight_decay_semantics": "adamw_decoupled",
      "weight_decay_treatment": "no_decay"
    },
    {
      "group": "eligible_matrix",
      "name": "transformer.h.6.mlp.c_fc.weight",
      "optimizer": "static_per_matrix_sgdm",
      "parameter_count": 2359296,
      "shape": [
        3072,
        768
      ],
      "weight_decay": 0.1,
      "weight_decay_semantics": "decoupled",
      "weight_decay_treatment": "decay"
    },
    {
      "group": "eligible_matrix",
      "name": "transformer.h.6.mlp.c_proj.weight",
      "optimizer": "static_per_matrix_sgdm",
      "parameter_count": 2359296,
      "shape": [
        768,
        3072
      ],
      "weight_decay": 0.1,
      "weight_decay_semantics": "decoupled",
      "weight_decay_treatment": "decay"
    },
    {
      "group": "eligible_matrix",
      "name": "transformer.h.7.attn.c_attn.weight",
      "optimizer": "static_per_matrix_sgdm",
      "parameter_count": 1769472,
      "shape": [
        2304,
        768
      ],
      "weight_decay": 0.1,
      "weight_decay_semantics": "decoupled",
      "weight_decay_treatment": "decay"
    },
    {
      "group": "eligible_matrix",
      "name": "transformer.h.7.attn.c_proj.weight",
      "optimizer": "static_per_matrix_sgdm",
      "parameter_count": 589824,
      "shape": [
        768,
        768
      ],
      "weight_decay": 0.1,
      "weight_decay_semantics": "decoupled",
      "weight_decay_treatment": "decay"
    },
    {
      "group": "auxiliary",
      "name": "transformer.h.7.ln_1.weight",
      "optimizer": "adamw",
      "parameter_count": 768,
      "shape": [
        768
      ],
      "weight_decay": 0.0,
      "weight_decay_semantics": "adamw_decoupled",
      "weight_decay_treatment": "no_decay"
    },
    {
      "group": "auxiliary",
      "name": "transformer.h.7.ln_2.weight",
      "optimizer": "adamw",
      "parameter_count": 768,
      "shape": [
        768
      ],
      "weight_decay": 0.0,
      "weight_decay_semantics": "adamw_decoupled",
      "weight_decay_treatment": "no_decay"
    },
    {
      "group": "eligible_matrix",
      "name": "transformer.h.7.mlp.c_fc.weight",
      "optimizer": "static_per_matrix_sgdm",
      "parameter_count": 2359296,
      "shape": [
        3072,
        768
      ],
      "weight_decay": 0.1,
      "weight_decay_semantics": "decoupled",
      "weight_decay_treatment": "decay"
    },
    {
      "group": "eligible_matrix",
      "name": "transformer.h.7.mlp.c_proj.weight",
      "optimizer": "static_per_matrix_sgdm",
      "parameter_count": 2359296,
      "shape": [
        768,
        3072
      ],
      "weight_decay": 0.1,
      "weight_decay_semantics": "decoupled",
      "weight_decay_treatment": "decay"
    },
    {
      "group": "eligible_matrix",
      "name": "transformer.h.8.attn.c_attn.weight",
      "optimizer": "static_per_matrix_sgdm",
      "parameter_count": 1769472,
      "shape": [
        2304,
        768
      ],
      "weight_decay": 0.1,
      "weight_decay_semantics": "decoupled",
      "weight_decay_treatment": "decay"
    },
    {
      "group": "eligible_matrix",
      "name": "transformer.h.8.attn.c_proj.weight",
      "optimizer": "static_per_matrix_sgdm",
      "parameter_count": 589824,
      "shape": [
        768,
        768
      ],
      "weight_decay": 0.1,
      "weight_decay_semantics": "decoupled",
      "weight_decay_treatment": "decay"
    },
    {
      "group": "auxiliary",
      "name": "transformer.h.8.ln_1.weight",
      "optimizer": "adamw",
      "parameter_count": 768,
      "shape": [
        768
      ],
      "weight_decay": 0.0,
      "weight_decay_semantics": "adamw_decoupled",
      "weight_decay_treatment": "no_decay"
    },
    {
      "group": "auxiliary",
      "name": "transformer.h.8.ln_2.weight",
      "optimizer": "adamw",
      "parameter_count": 768,
      "shape": [
        768
      ],
      "weight_decay": 0.0,
      "weight_decay_semantics": "adamw_decoupled",
      "weight_decay_treatment": "no_decay"
    },
    {
      "group": "eligible_matrix",
      "name": "transformer.h.8.mlp.c_fc.weight",
      "optimizer": "static_per_matrix_sgdm",
      "parameter_count": 2359296,
      "shape": [
        3072,
        768
      ],
      "weight_decay": 0.1,
      "weight_decay_semantics": "decoupled",
      "weight_decay_treatment": "decay"
    },
    {
      "group": "eligible_matrix",
      "name": "transformer.h.8.mlp.c_proj.weight",
      "optimizer": "static_per_matrix_sgdm",
      "parameter_count": 2359296,
      "shape": [
        768,
        3072
      ],
      "weight_decay": 0.1,
      "weight_decay_semantics": "decoupled",
      "weight_decay_treatment": "decay"
    },
    {
      "group": "eligible_matrix",
      "name": "transformer.h.9.attn.c_attn.weight",
      "optimizer": "static_per_matrix_sgdm",
      "parameter_count": 1769472,
      "shape": [
        2304,
        768
      ],
      "weight_decay": 0.1,
      "weight_decay_semantics": "decoupled",
      "weight_decay_treatment": "decay"
    },
    {
      "group": "eligible_matrix",
      "name": "transformer.h.9.attn.c_proj.weight",
      "optimizer": "static_per_matrix_sgdm",
      "parameter_count": 589824,
      "shape": [
        768,
        768
      ],
      "weight_decay": 0.1,
      "weight_decay_semantics": "decoupled",
      "weight_decay_treatment": "decay"
    },
    {
      "group": "auxiliary",
      "name": "transformer.h.9.ln_1.weight",
      "optimizer": "adamw",
      "parameter_count": 768,
      "shape": [
        768
      ],
      "weight_decay": 0.0,
      "weight_decay_semantics": "adamw_decoupled",
      "weight_decay_treatment": "no_decay"
    },
    {
      "group": "auxiliary",
      "name": "transformer.h.9.ln_2.weight",
      "optimizer": "adamw",
      "parameter_count": 768,
      "shape": [
        768
      ],
      "weight_decay": 0.0,
      "weight_decay_semantics": "adamw_decoupled",
      "weight_decay_treatment": "no_decay"
    },
    {
      "group": "eligible_matrix",
      "name": "transformer.h.9.mlp.c_fc.weight",
      "optimizer": "static_per_matrix_sgdm",
      "parameter_count": 2359296,
      "shape": [
        3072,
        768
      ],
      "weight_decay": 0.1,
      "weight_decay_semantics": "decoupled",
      "weight_decay_treatment": "decay"
    },
    {
      "group": "eligible_matrix",
      "name": "transformer.h.9.mlp.c_proj.weight",
      "optimizer": "static_per_matrix_sgdm",
      "parameter_count": 2359296,
      "shape": [
        768,
        3072
      ],
      "weight_decay": 0.1,
      "weight_decay_semantics": "decoupled",
      "weight_decay_treatment": "decay"
    },
    {
      "group": "auxiliary",
      "name": "transformer.ln_f.weight",
      "optimizer": "adamw",
      "parameter_count": 768,
      "shape": [
        768
      ],
      "weight_decay": 0.0,
      "weight_decay_semantics": "adamw_decoupled",
      "weight_decay_treatment": "no_decay"
    },
    {
      "group": "auxiliary",
      "name": "transformer.wpe.weight",
      "optimizer": "adamw",
      "parameter_count": 786432,
      "shape": [
        1024,
        768
      ],
      "weight_decay": 0.1,
      "weight_decay_semantics": "adamw_decoupled",
      "weight_decay_treatment": "decay"
    },
    {
      "group": "auxiliary",
      "name": "transformer.wte.weight",
      "optimizer": "adamw",
      "parameter_count": 38633472,
      "shape": [
        50304,
        768
      ],
      "weight_decay": 0.1,
      "weight_decay_semantics": "adamw_decoupled",
      "weight_decay_treatment": "decay"
    }
  ],
  "tied_parameters": {
    "aliases": [
      "transformer.wte.weight",
      "lm_head.weight"
    ],
    "assignment": "auxiliary",
    "canonical_name": "transformer.wte.weight",
    "counted_once": true,
    "optimizer": "adamw"
  },
  "totals": {
    "parameter_count": 124373760,
    "parameter_tensors": 75
  }
}
compiling the model... (takes a ~minute)
compiling the model... (takes a ~minute)
step 0: train loss 10.9886, val loss 10.9897
iter 0: loss 10.9734, time 16322.21ms, mfu -100.00%, matrix lr 0.00990099, auxiliary lr 5.94059e-06
iter 10: loss 10.2667, time 909.86ms, mfu 74.00%, matrix lr 0.108911, auxiliary lr 6.53465e-05
iter 20: loss 9.1633, time 909.64ms, mfu 74.00%, matrix lr 0.207921, auxiliary lr 0.000124752
iter 30: loss 8.0386, time 909.40ms, mfu 74.01%, matrix lr 0.306931, auxiliary lr 0.000184158
iter 40: loss 7.8100, time 909.95ms, mfu 74.00%, matrix lr 0.405941, auxiliary lr 0.000243564
iter 50: loss 7.4172, time 912.25ms, mfu 73.98%, matrix lr 0.50495, auxiliary lr 0.00030297
iter 60: loss 7.1578, time 912.26ms, mfu 73.97%, matrix lr 0.60396, auxiliary lr 0.000362376
iter 70: loss 7.0138, time 912.87ms, mfu 73.95%, matrix lr 0.70297, auxiliary lr 0.000421782
iter 80: loss 6.7736, time 913.42ms, mfu 73.92%, matrix lr 0.80198, auxiliary lr 0.000481188
iter 90: loss 6.8555, time 912.97ms, mfu 73.90%, matrix lr 0.90099, auxiliary lr 0.000540594
iter 100: loss 6.6140, time 912.57ms, mfu 73.89%, matrix lr 1, auxiliary lr 0.0006
iter 110: loss 6.3381, time 914.27ms, mfu 73.87%, matrix lr 0.999725, auxiliary lr 0.000599835
iter 120: loss 6.4253, time 913.77ms, mfu 73.85%, matrix lr 0.998901, auxiliary lr 0.000599341
iter 130: loss 6.3949, time 913.84ms, mfu 73.83%, matrix lr 0.997529, auxiliary lr 0.000598518
iter 140: loss 6.4266, time 914.12ms, mfu 73.81%, matrix lr 0.995611, auxiliary lr 0.000597367
iter 150: loss 6.2250, time 914.22ms, mfu 73.80%, matrix lr 0.993148, auxiliary lr 0.000595889
iter 160: loss 6.3289, time 914.21ms, mfu 73.78%, matrix lr 0.990145, auxiliary lr 0.000594087
iter 170: loss 6.1243, time 914.04ms, mfu 73.77%, matrix lr 0.986603, auxiliary lr 0.000591962
iter 180: loss 6.0692, time 913.99ms, mfu 73.76%, matrix lr 0.982529, auxiliary lr 0.000589518
iter 190: loss 5.9988, time 913.97ms, mfu 73.75%, matrix lr 0.977927, auxiliary lr 0.000586756
iter 200: loss 6.0301, time 912.86ms, mfu 73.75%, matrix lr 0.972802, auxiliary lr 0.000583681
iter 210: loss 5.9506, time 914.47ms, mfu 73.74%, matrix lr 0.967161, auxiliary lr 0.000580296
iter 220: loss 6.0681, time 914.53ms, mfu 73.73%, matrix lr 0.96101, auxiliary lr 0.000576606
iter 230: loss 5.8950, time 914.33ms, mfu 73.72%, matrix lr 0.954358, auxiliary lr 0.000572615
iter 240: loss 6.0055, time 914.39ms, mfu 73.71%, matrix lr 0.947212, auxiliary lr 0.000568327
iter 250: loss 5.8810, time 914.21ms, mfu 73.70%, matrix lr 0.93958, auxiliary lr 0.000563748
iter 260: loss 5.9102, time 913.05ms, mfu 73.71%, matrix lr 0.931473, auxiliary lr 0.000558884
iter 270: loss 5.9200, time 914.01ms, mfu 73.70%, matrix lr 0.922901, auxiliary lr 0.00055374
iter 280: loss 6.1762, time 914.40ms, mfu 73.70%, matrix lr 0.913873, auxiliary lr 0.000548324
iter 290: loss 6.0496, time 914.32ms, mfu 73.69%, matrix lr 0.9044, auxiliary lr 0.00054264
iter 300: loss 5.8658, time 913.69ms, mfu 73.69%, matrix lr 0.894495, auxiliary lr 0.000536697
iter 310: loss 5.8950, time 912.98ms, mfu 73.70%, matrix lr 0.88417, auxiliary lr 0.000530502
iter 320: loss 5.9460, time 913.95ms, mfu 73.69%, matrix lr 0.873436, auxiliary lr 0.000524061
iter 330: loss 6.0093, time 914.36ms, mfu 73.69%, matrix lr 0.862307, auxiliary lr 0.000517384
step 333: train loss 5.8875, val loss 5.8934
saving checkpoint to /shared/home/bilal.ashfaq/nanogpt-study-runs/task-2.5/static_per_matrix_sgdm_gpt2-124m_lr1_mom0.99_wd0.1_seed1337_scalestatic-2633929b6baf
iter 340: loss 5.6560, time 912.53ms, mfu 73.70%, matrix lr 0.850797, auxiliary lr 0.000510478
iter 350: loss 5.7733, time 912.79ms, mfu 73.70%, matrix lr 0.83892, auxiliary lr 0.000503352
iter 360: loss 5.9354, time 913.84ms, mfu 73.70%, matrix lr 0.82669, auxiliary lr 0.000496014
iter 370: loss 5.7684, time 913.21ms, mfu 73.70%, matrix lr 0.814122, auxiliary lr 0.000488473
iter 380: loss 5.9521, time 914.21ms, mfu 73.70%, matrix lr 0.801231, auxiliary lr 0.000480739
iter 390: loss 5.8833, time 914.08ms, mfu 73.69%, matrix lr 0.788034, auxiliary lr 0.00047282
iter 400: loss 5.8605, time 914.00ms, mfu 73.69%, matrix lr 0.774546, auxiliary lr 0.000464728
iter 410: loss 5.7569, time 914.16ms, mfu 73.69%, matrix lr 0.760784, auxiliary lr 0.00045647
iter 420: loss 5.7087, time 914.04ms, mfu 73.68%, matrix lr 0.746764, auxiliary lr 0.000448059
iter 430: loss 5.8602, time 914.04ms, mfu 73.68%, matrix lr 0.732505, auxiliary lr 0.000439503
iter 440: loss 5.8721, time 914.31ms, mfu 73.68%, matrix lr 0.718022, auxiliary lr 0.000430813
iter 450: loss 5.9398, time 914.15ms, mfu 73.68%, matrix lr 0.703334, auxiliary lr 0.000422001
iter 460: loss 5.8203, time 914.71ms, mfu 73.67%, matrix lr 0.688459, auxiliary lr 0.000413076
iter 470: loss 5.8477, time 914.71ms, mfu 73.66%, matrix lr 0.673415, auxiliary lr 0.000404049
iter 480: loss 5.6519, time 914.03ms, mfu 73.66%, matrix lr 0.65822, auxiliary lr 0.000394932
iter 490: loss 5.8119, time 914.36ms, mfu 73.66%, matrix lr 0.642894, auxiliary lr 0.000385736
iter 500: loss 5.8916, time 914.21ms, mfu 73.66%, matrix lr 0.627453, auxiliary lr 0.000376472
iter 510: loss 5.5691, time 913.14ms, mfu 73.67%, matrix lr 0.611918, auxiliary lr 0.000367151
iter 520: loss 5.8928, time 914.76ms, mfu 73.66%, matrix lr 0.596308, auxiliary lr 0.000357785
iter 530: loss 5.7169, time 914.67ms, mfu 73.66%, matrix lr 0.580641, auxiliary lr 0.000348385
iter 540: loss 5.8296, time 914.80ms, mfu 73.65%, matrix lr 0.564936, auxiliary lr 0.000338962
iter 550: loss 5.9901, time 914.68ms, mfu 73.65%, matrix lr 0.549214, auxiliary lr 0.000329528
iter 560: loss 5.8130, time 914.58ms, mfu 73.64%, matrix lr 0.533492, auxiliary lr 0.000320095
iter 570: loss 5.6628, time 914.54ms, mfu 73.64%, matrix lr 0.51779, auxiliary lr 0.000310674
iter 580: loss 5.6799, time 914.60ms, mfu 73.64%, matrix lr 0.502128, auxiliary lr 0.000301277
iter 590: loss 5.8421, time 914.38ms, mfu 73.64%, matrix lr 0.486524, auxiliary lr 0.000291915
iter 600: loss 5.8246, time 913.05ms, mfu 73.65%, matrix lr 0.470998, auxiliary lr 0.000282599
iter 610: loss 5.9540, time 914.13ms, mfu 73.65%, matrix lr 0.455568, auxiliary lr 0.000273341
iter 620: loss 5.9866, time 914.81ms, mfu 73.64%, matrix lr 0.440254, auxiliary lr 0.000264152
iter 630: loss 5.6581, time 914.38ms, mfu 73.64%, matrix lr 0.425073, auxiliary lr 0.000255044
iter 640: loss 5.6268, time 914.62ms, mfu 73.64%, matrix lr 0.410045, auxiliary lr 0.000246027
iter 650: loss 5.6505, time 913.78ms, mfu 73.64%, matrix lr 0.395188, auxiliary lr 0.000237113
iter 660: loss 5.6984, time 914.58ms, mfu 73.64%, matrix lr 0.38052, auxiliary lr 0.000228312
step 666: train loss 5.7341, val loss 5.7527
saving checkpoint to /shared/home/bilal.ashfaq/nanogpt-study-runs/task-2.5/static_per_matrix_sgdm_gpt2-124m_lr1_mom0.99_wd0.1_seed1337_scalestatic-2633929b6baf
iter 670: loss 5.6947, time 912.56ms, mfu 73.66%, matrix lr 0.366059, auxiliary lr 0.000219635
iter 680: loss 5.7170, time 914.22ms, mfu 73.65%, matrix lr 0.351823, auxiliary lr 0.000211094
iter 690: loss 5.4838, time 914.42ms, mfu 73.65%, matrix lr 0.337828, auxiliary lr 0.000202697
iter 700: loss 5.5713, time 914.36ms, mfu 73.65%, matrix lr 0.324093, auxiliary lr 0.000194456
iter 710: loss 5.8605, time 913.90ms, mfu 73.65%, matrix lr 0.310633, auxiliary lr 0.00018638
iter 720: loss 5.6125, time 913.01ms, mfu 73.66%, matrix lr 0.297466, auxiliary lr 0.000178479
iter 730: loss 5.6621, time 913.07ms, mfu 73.67%, matrix lr 0.284607, auxiliary lr 0.000170764
iter 740: loss 5.8436, time 914.49ms, mfu 73.67%, matrix lr 0.272072, auxiliary lr 0.000163243
iter 750: loss 5.6311, time 914.23ms, mfu 73.66%, matrix lr 0.259876, auxiliary lr 0.000155926
iter 760: loss 5.6490, time 914.48ms, mfu 73.66%, matrix lr 0.248035, auxiliary lr 0.000148821
iter 770: loss 5.7623, time 914.71ms, mfu 73.65%, matrix lr 0.236563, auxiliary lr 0.000141938
iter 780: loss 5.7240, time 914.92ms, mfu 73.65%, matrix lr 0.225473, auxiliary lr 0.000135284
iter 790: loss 5.5800, time 914.56ms, mfu 73.65%, matrix lr 0.214779, auxiliary lr 0.000128868
iter 800: loss 5.6782, time 914.55ms, mfu 73.64%, matrix lr 0.204495, auxiliary lr 0.000122697
iter 810: loss 5.7562, time 913.99ms, mfu 73.65%, matrix lr 0.194633, auxiliary lr 0.00011678
iter 820: loss 5.8085, time 914.39ms, mfu 73.64%, matrix lr 0.185204, auxiliary lr 0.000111123
iter 830: loss 5.7471, time 914.54ms, mfu 73.64%, matrix lr 0.176221, auxiliary lr 0.000105733
iter 840: loss 5.7289, time 914.38ms, mfu 73.64%, matrix lr 0.167695, auxiliary lr 0.000100617
iter 850: loss 5.5910, time 914.31ms, mfu 73.64%, matrix lr 0.159635, auxiliary lr 9.5781e-05
iter 860: loss 5.6135, time 914.41ms, mfu 73.64%, matrix lr 0.152052, auxiliary lr 9.12311e-05
iter 870: loss 5.5569, time 914.56ms, mfu 73.64%, matrix lr 0.144955, auxiliary lr 8.69728e-05
iter 880: loss 5.8050, time 914.63ms, mfu 73.64%, matrix lr 0.138352, auxiliary lr 8.30113e-05
iter 890: loss 5.9923, time 914.37ms, mfu 73.64%, matrix lr 0.132252, auxiliary lr 7.93513e-05
iter 900: loss 5.6845, time 914.59ms, mfu 73.63%, matrix lr 0.126662, auxiliary lr 7.59974e-05
iter 910: loss 5.5789, time 914.16ms, mfu 73.64%, matrix lr 0.121589, auxiliary lr 7.29536e-05
iter 920: loss 5.7688, time 914.24ms, mfu 73.64%, matrix lr 0.11704, auxiliary lr 7.02237e-05
iter 930: loss 5.6585, time 913.19ms, mfu 73.65%, matrix lr 0.113018, auxiliary lr 6.7811e-05
iter 940: loss 5.8307, time 914.84ms, mfu 73.64%, matrix lr 0.109531, auxiliary lr 6.57185e-05
iter 950: loss 5.8709, time 914.74ms, mfu 73.64%, matrix lr 0.106581, auxiliary lr 6.39486e-05
iter 960: loss 5.7890, time 914.76ms, mfu 73.63%, matrix lr 0.104173, auxiliary lr 6.25036e-05
iter 970: loss 5.5257, time 914.77ms, mfu 73.63%, matrix lr 0.102309, auxiliary lr 6.13853e-05
iter 980: loss 5.7320, time 914.92ms, mfu 73.63%, matrix lr 0.100992, auxiliary lr 6.05949e-05
iter 990: loss 5.5787, time 914.65ms, mfu 73.63%, matrix lr 0.100223, auxiliary lr 6.01335e-05
step 999: train loss 5.6685, val loss 5.6709
saving checkpoint to /shared/home/bilal.ashfaq/nanogpt-study-runs/task-2.5/static_per_matrix_sgdm_gpt2-124m_lr1_mom0.99_wd0.1_seed1337_scalestatic-2633929b6baf
===== MANIFEST RUNNER FINISHED =====
Finished: 2026-08-29T14:50:56+00:00
